{"_id":"BJBJ1xuTE","title":"String Functions","dateCreated":1558867676896,"lastAccessed":"2019-05-26T10:47:56.898Z","lastUpdated":"2019-05-26T10:49:34.556Z","notebookId":"HyZvKx1sN","body":{"blocks":[{"key":"ag6qs","text":"String Functions","type":"header-one","depth":0,"inlineStyleRanges":[],"entityRanges":[],"data":{}},{"key":"b236n","text":"","type":"unstyled","depth":0,"inlineStyleRanges":[],"entityRanges":[],"data":{}},{"key":"fdvpn","text":"To Check Whether an String Is Empty or not in a class With Getter And Setters We Have :","type":"blockquote","depth":0,"inlineStyleRanges":[],"entityRanges":[],"data":{}},{"key":"dqic5","text":"public boolean isValidData() {","type":"custom-code-block-java","depth":0,"inlineStyleRanges":[],"entityRanges":[],"data":{}},{"key":"cbb0b","text":"   return(!TextUtils.isEmpty(getUsername()) && !TextUtils.isEmpty(getPassword()))","type":"custom-code-block-java","depth":0,"inlineStyleRanges":[],"entityRanges":[],"data":{}},{"key":"cbieb","text":"}","type":"custom-code-block-java","depth":0,"inlineStyleRanges":[],"entityRanges":[],"data":{}},{"key":"5bji4","text":"","type":"unstyled","depth":0,"inlineStyleRanges":[],"entityRanges":[],"data":{}},{"key":"edrb9","text":"","type":"unstyled","depth":0,"inlineStyleRanges":[],"entityRanges":[],"data":{}},{"key":"59kd9","text":"","type":"unstyled","depth":0,"inlineStyleRanges":[],"entityRanges":[],"data":{}}],"entityMap":{}},"tags":[]}