{"_id":"BJLoQY7iE","title":"Circle Images , Getting From Camera & Gallery","dateCreated":1556480926261,"lastAccessed":"2019-04-28T19:48:46.284Z","lastUpdated":"2019-04-29T19:11:17.008Z","notebookId":"HyZvKx1sN","body":{"blocks":[{"key":"ag6qs","text":"Circle Images , Getting From Camera & Gallery","type":"header-one","depth":0,"inlineStyleRanges":[],"entityRanges":[],"data":{}},{"key":"9iag2","text":"here we use Glide , but you can use three options to make an image look round in android","type":"blockquote","depth":0,"inlineStyleRanges":[],"entityRanges":[],"data":{}},{"key":"773n4","text":"for using Glide you need to add implementation 'com.github.bumptech.glide:glide:4.9.0' in your gradle.build","type":"ordered-list-item","depth":0,"inlineStyleRanges":[{"offset":10,"length":5,"style":"INLINECODE"},{"offset":32,"length":54,"style":"INLINECODE"}],"entityRanges":[],"data":{}},{"key":"3itj5","text":"by using Glide , it is the best option and also supports Bitmap images","type":"ordered-list-item","depth":0,"inlineStyleRanges":[{"offset":9,"length":5,"style":"INLINECODE"},{"offset":57,"length":6,"style":"INLINECODE"}],"entityRanges":[],"data":{}},{"key":"d7ans","text":"Optional : if you needed Picasso you need to add implementation 'com.squareup.picasso:picasso:2.5.0'","type":"unordered-list-item","depth":0,"inlineStyleRanges":[{"offset":25,"length":7,"style":"INLINECODE"},{"offset":65,"length":34,"style":"INLINECODE"}],"entityRanges":[],"data":{}},{"key":"deccn","text":"Optional : if you needed CircleImageView you need to add  'de.hdodenhof:circleimageview:3.0.0'","type":"unordered-list-item","depth":0,"inlineStyleRanges":[{"offset":25,"length":15,"style":"INLINECODE"},{"offset":59,"length":34,"style":"INLINECODE"}],"entityRanges":[],"data":{}},{"key":"akdkf","text":"Optional : by using Picasso , it does not support bitmaps , and uses Url","type":"unordered-list-item","depth":0,"inlineStyleRanges":[{"offset":20,"length":7,"style":"INLINECODE"}],"entityRanges":[],"data":{}},{"key":"6176s","text":"Optional : by using CircleImageView wich is a view and can be used even in xml , but is not a good option","type":"unordered-list-item","depth":0,"inlineStyleRanges":[{"offset":20,"length":15,"style":"INLINECODE"}],"entityRanges":[],"data":{}},{"key":"5gnsc","text":"","type":"unstyled","depth":0,"inlineStyleRanges":[],"entityRanges":[],"data":{}},{"key":"41nnu","text":"","type":"unstyled","depth":0,"inlineStyleRanges":[],"entityRanges":[],"data":{}},{"key":"c4psk","text":"here we use Glide to make our images that is captured from Gallery and Camera , look round . using bellow code :","type":"blockquote","depth":0,"inlineStyleRanges":[{"offset":12,"length":5,"style":"INLINECODE"},{"offset":59,"length":7,"style":"INLINECODE"},{"offset":71,"length":6,"style":"INLINECODE"}],"entityRanges":[],"data":{}},{"key":"8ojnn","text":"From Camera","type":"ordered-list-item","depth":0,"inlineStyleRanges":[],"entityRanges":[],"data":{}},{"key":"ah25o","text":"Bitmap photo = (Bitmap) data.getExtras().get(\"data\"); // this is how we read image from camera after firing startActivityForResult","type":"custom-code-block-java","depth":0,"inlineStyleRanges":[{"offset":108,"length":22,"style":"INLINECODE"}],"entityRanges":[],"data":{}},{"key":"csose","text":"Glide.with(getActivity()).asBitmap().load(photo).apply(RequestOptions.circleCropTransform()).into(imageView);","type":"custom-code-block-java","depth":0,"inlineStyleRanges":[],"entityRanges":[],"data":{}},{"key":"59kd9","text":"","type":"unstyled","depth":0,"inlineStyleRanges":[],"entityRanges":[],"data":{}},{"key":"ftmmj","text":"2.   From Gallery","type":"unstyled","depth":0,"inlineStyleRanges":[],"entityRanges":[],"data":{}},{"key":"7hkp1","text":"Uri selectedImage = data.getData(); // this is how we read image from gallery after firing startActivityForResult","type":"custom-code-block-java","depth":0,"inlineStyleRanges":[{"offset":91,"length":22,"style":"INLINECODE"}],"entityRanges":[],"data":{}},{"key":"6lkqb","text":"Glide.with(getActivity()).load(selectedImage).apply(RequestOptions.circleCropTransform()).into(imageView);","type":"custom-code-block-java","depth":0,"inlineStyleRanges":[],"entityRanges":[],"data":{}},{"key":"av1hp","text":"","type":"unstyled","depth":0,"inlineStyleRanges":[],"entityRanges":[],"data":{}},{"key":"9r25p","text":"","type":"unstyled","depth":0,"inlineStyleRanges":[],"entityRanges":[],"data":{}},{"key":"v8p1","text":"","type":"divider","depth":0,"inlineStyleRanges":[],"entityRanges":[],"data":{}},{"key":"51ll3","text":"","type":"unstyled","depth":0,"inlineStyleRanges":[],"entityRanges":[],"data":{}},{"key":"fl82f","text":"Getting Image From Camera & Gallery with A Button","type":"header-one","depth":0,"inlineStyleRanges":[],"entityRanges":[],"data":{}},{"key":"3is03","text":"","type":"unstyled","depth":0,"inlineStyleRanges":[],"entityRanges":[],"data":{}},{"key":"cd31u","text":"Setting Permissions :","type":"header-two","depth":0,"inlineStyleRanges":[],"entityRanges":[],"data":{}},{"key":"v694","text":"","type":"unstyled","depth":0,"inlineStyleRanges":[],"entityRanges":[],"data":{}},{"key":"che85","text":"Note : to read images From Camera and/or Gallery we need to set Permissions in AndroidManifest","type":"blockquote","depth":0,"inlineStyleRanges":[{"offset":27,"length":6,"style":"INLINECODE"},{"offset":41,"length":7,"style":"INLINECODE"},{"offset":64,"length":11,"style":"INLINECODE"},{"offset":79,"length":15,"style":"INLINECODE"}],"entityRanges":[],"data":{}},{"key":"5p0g8","text":"<uses-permission android:name=\"android.permission.CAMERA\" />","type":"custom-code-block-markup","depth":0,"inlineStyleRanges":[],"entityRanges":[],"data":{}},{"key":"bvh4p","text":"<uses-permission android:name=\"android.permission.WRITE_EXTERNAL_STORAGE\" />","type":"custom-code-block-markup","depth":0,"inlineStyleRanges":[],"entityRanges":[],"data":{}},{"key":"ea2t","text":"Note : we also need to write a checkSelfPermission to see if program has the permission needed to read from camera or not , as camera is considered to be a dangerous Permission . and if not we need to use requestPermission() wich would show a dialogBox for the user to eather accept or deny it , here is the code :","type":"blockquote","depth":0,"inlineStyleRanges":[{"offset":31,"length":19,"style":"INLINECODE"},{"offset":166,"length":10,"style":"INLINECODE"},{"offset":205,"length":19,"style":"INLINECODE"},{"offset":243,"length":9,"style":"INLINECODE"}],"entityRanges":[],"data":{}},{"key":"8c4tm","text":"if(getActivity().checkSelfPermission(Manifest.permission.CAMERA) != PackageManager.PERMISSION_GRANTED) {","type":"custom-code-block-java","depth":0,"inlineStyleRanges":[],"entityRanges":[],"data":{}},{"key":"4p1c5","text":"         requestPermissions(new String[]{Manifest.permission.CAMERA},CHECK_PERMISSION); // this would show a dialogbox for user","type":"custom-code-block-java","depth":0,"inlineStyleRanges":[],"entityRanges":[],"data":{}},{"key":"3h4f3","text":"}","type":"custom-code-block-java","depth":0,"inlineStyleRanges":[],"entityRanges":[],"data":{}},{"key":"4db91","text":"then we check if the permission is granted or not , we check that by overridding the function onRequestPermissionsResult , like bellow :","type":"blockquote","depth":0,"inlineStyleRanges":[{"offset":21,"length":10,"style":"INLINECODE"},{"offset":69,"length":11,"style":"INLINECODE"},{"offset":94,"length":26,"style":"INLINECODE"}],"entityRanges":[],"data":{}},{"key":"ptt5","text":"public void onRequestPermissionsResult(int requestCode, @NonNull String[] permissions, @NonNull int[] grantResults) {","type":"custom-code-block-java","depth":0,"inlineStyleRanges":[],"entityRanges":[],"data":{}},{"key":"81cfe","text":"        super.onRequestPermissionsResult(requestCode, permissions, grantResults);","type":"custom-code-block-java","depth":0,"inlineStyleRanges":[],"entityRanges":[],"data":{}},{"key":"4f5uk","text":"        if(requestCode == CHECK_PERMISSION) {","type":"custom-code-block-java","depth":0,"inlineStyleRanges":[],"entityRanges":[],"data":{}},{"key":"44pcu","text":"            if(grantResults[0] == PackageManager.PERMISSION_GRANTED) {","type":"custom-code-block-java","depth":0,"inlineStyleRanges":[],"entityRanges":[],"data":{}},{"key":"4jkmg","text":"                // launch what you wanted","type":"custom-code-block-java","depth":0,"inlineStyleRanges":[],"entityRanges":[],"data":{}},{"key":"47q81","text":"            }","type":"custom-code-block-java","depth":0,"inlineStyleRanges":[],"entityRanges":[],"data":{}},{"key":"55avf","text":"        }","type":"custom-code-block-java","depth":0,"inlineStyleRanges":[],"entityRanges":[],"data":{}},{"key":"64fv8","text":"}","type":"custom-code-block-java","depth":0,"inlineStyleRanges":[],"entityRanges":[],"data":{}},{"key":"6of9m","text":"","type":"unstyled","depth":0,"inlineStyleRanges":[],"entityRanges":[],"data":{}},{"key":"4l063","text":"Now Getting Image From Camera and/or Gallery :","type":"header-two","depth":0,"inlineStyleRanges":[],"entityRanges":[],"data":{}},{"key":"25rah","text":"","type":"unstyled","depth":0,"inlineStyleRanges":[],"entityRanges":[],"data":{}},{"key":"7l1js","text":"after that we put an OnClick() method for ImageView like bellow :","type":"blockquote","depth":0,"inlineStyleRanges":[{"offset":21,"length":9,"style":"INLINECODE"},{"offset":42,"length":9,"style":"INLINECODE"}],"entityRanges":[],"data":{}},{"key":"ea0md","text":"public void imageViewClick() {","type":"custom-code-block-java","depth":0,"inlineStyleRanges":[],"entityRanges":[],"data":{}},{"key":"8uaup","text":"        ImageView imageView = view.findViewById(R.id.user_image);","type":"custom-code-block-java","depth":0,"inlineStyleRanges":[],"entityRanges":[],"data":{}},{"key":"7k57g","text":"        imageView.setOnClickListener(new View.OnClickListener() {","type":"custom-code-block-java","depth":0,"inlineStyleRanges":[],"entityRanges":[],"data":{}},{"key":"666sp","text":"            @Override","type":"custom-code-block-java","depth":0,"inlineStyleRanges":[],"entityRanges":[],"data":{}},{"key":"7bveb","text":"            public void onClick(View v) {","type":"custom-code-block-java","depth":0,"inlineStyleRanges":[],"entityRanges":[],"data":{}},{"key":"8tdf8","text":"                AlertDialog.Builder builder = new AlertDialog.Builder(getActivity());","type":"custom-code-block-java","depth":0,"inlineStyleRanges":[],"entityRanges":[],"data":{}},{"key":"40k00","text":"                View alertView = getLayoutInflater().inflate(R.layout.camera_or_gallery_alert_box,null);","type":"custom-code-block-java","depth":0,"inlineStyleRanges":[],"entityRanges":[],"data":{}},{"key":"arq1u","text":"                Button camera = alertView.findViewById(R.id.camerabtn);","type":"custom-code-block-java","depth":0,"inlineStyleRanges":[],"entityRanges":[],"data":{}},{"key":"2f54a","text":"                camera.setOnClickListener(new View.OnClickListener() {","type":"custom-code-block-java","depth":0,"inlineStyleRanges":[],"entityRanges":[],"data":{}},{"key":"3seqr","text":"                    @RequiresApi(api = Build.VERSION_CODES.M)","type":"custom-code-block-java","depth":0,"inlineStyleRanges":[],"entityRanges":[],"data":{}},{"key":"6one3","text":"                    @Override","type":"custom-code-block-java","depth":0,"inlineStyleRanges":[],"entityRanges":[],"data":{}},{"key":"3ubjn","text":"                    public void onClick(View v) {","type":"custom-code-block-java","depth":0,"inlineStyleRanges":[],"entityRanges":[],"data":{}},{"key":"e84bm","text":"                        if(getActivity().checkSelfPermission(Manifest.permission.CAMERA) != PackageManager.PERMISSION_GRANTED) {","type":"custom-code-block-java","depth":0,"inlineStyleRanges":[],"entityRanges":[],"data":{}},{"key":"8gv10","text":"                            requestPermissions(new String[]{Manifest.permission.CAMERA},CHECK_PERMISSION);","type":"custom-code-block-java","depth":0,"inlineStyleRanges":[],"entityRanges":[],"data":{}},{"key":"8lakk","text":"                        } else {","type":"custom-code-block-java","depth":0,"inlineStyleRanges":[],"entityRanges":[],"data":{}},{"key":"6eeb9","text":"                            Intent cameraIntent = new Intent(android.provider.MediaStore.ACTION_IMAGE_CAPTURE);","type":"custom-code-block-java","depth":0,"inlineStyleRanges":[],"entityRanges":[],"data":{}},{"key":"8sci3","text":"                            startActivityForResult(cameraIntent, CAMERA_REQUEST);","type":"custom-code-block-java","depth":0,"inlineStyleRanges":[],"entityRanges":[],"data":{}},{"key":"bevvp","text":"","type":"custom-code-block-java","depth":0,"inlineStyleRanges":[],"entityRanges":[],"data":{}},{"key":"98m7o","text":"                        }","type":"custom-code-block-java","depth":0,"inlineStyleRanges":[],"entityRanges":[],"data":{}},{"key":"1j5kn","text":"                    }","type":"custom-code-block-java","depth":0,"inlineStyleRanges":[],"entityRanges":[],"data":{}},{"key":"84b55","text":"                });","type":"custom-code-block-java","depth":0,"inlineStyleRanges":[],"entityRanges":[],"data":{}},{"key":"3c7cr","text":"","type":"custom-code-block-java","depth":0,"inlineStyleRanges":[],"entityRanges":[],"data":{}},{"key":"5qu5v","text":"                Button gallery = alertView.findViewById(R.id.gallerybtn);","type":"custom-code-block-java","depth":0,"inlineStyleRanges":[],"entityRanges":[],"data":{}},{"key":"1rsm4","text":"                gallery.setOnClickListener(new View.OnClickListener() {","type":"custom-code-block-java","depth":0,"inlineStyleRanges":[],"entityRanges":[],"data":{}},{"key":"cvb0r","text":"                    @Override","type":"custom-code-block-java","depth":0,"inlineStyleRanges":[],"entityRanges":[],"data":{}},{"key":"31hr4","text":"                    public void onClick(View v) {","type":"custom-code-block-java","depth":0,"inlineStyleRanges":[],"entityRanges":[],"data":{}},{"key":"6ev14","text":"                        Intent galleryIntent = new Intent(Intent.ACTION_GET_CONTENT);","type":"custom-code-block-java","depth":0,"inlineStyleRanges":[],"entityRanges":[],"data":{}},{"key":"flo4s","text":"                        galleryIntent.setType(\"image/*\");","type":"custom-code-block-java","depth":0,"inlineStyleRanges":[],"entityRanges":[],"data":{}},{"key":"d4qj3","text":"                        startActivityForResult(galleryIntent, GALLERY_REQUEST);","type":"custom-code-block-java","depth":0,"inlineStyleRanges":[],"entityRanges":[],"data":{}},{"key":"82pe7","text":"                    }","type":"custom-code-block-java","depth":0,"inlineStyleRanges":[],"entityRanges":[],"data":{}},{"key":"9nrjm","text":"                });","type":"custom-code-block-java","depth":0,"inlineStyleRanges":[],"entityRanges":[],"data":{}},{"key":"3l51q","text":"","type":"custom-code-block-java","depth":0,"inlineStyleRanges":[],"entityRanges":[],"data":{}},{"key":"dlb9m","text":"                builder.setTitle(\"انتخاب تصویر\");","type":"custom-code-block-java","depth":0,"inlineStyleRanges":[],"entityRanges":[],"data":{}},{"key":"5lluv","text":"                builder.setView(alertView);","type":"custom-code-block-java","depth":0,"inlineStyleRanges":[],"entityRanges":[],"data":{}},{"key":"37knb","text":"                alertDialog = builder.create();","type":"custom-code-block-java","depth":0,"inlineStyleRanges":[],"entityRanges":[],"data":{}},{"key":"1fbeh","text":"                alertDialog.show();","type":"custom-code-block-java","depth":0,"inlineStyleRanges":[],"entityRanges":[],"data":{}},{"key":"dgrgk","text":"            }","type":"custom-code-block-java","depth":0,"inlineStyleRanges":[],"entityRanges":[],"data":{}},{"key":"797ja","text":"        });","type":"custom-code-block-java","depth":0,"inlineStyleRanges":[],"entityRanges":[],"data":{}},{"key":"8ua1p","text":"    }","type":"custom-code-block-java","depth":0,"inlineStyleRanges":[],"entityRanges":[],"data":{}},{"key":"cbtco","text":"","type":"unstyled","depth":0,"inlineStyleRanges":[],"entityRanges":[],"data":{}},{"key":"75q9m","text":"and as you see startActivityForResult is launched , so we do whatever we want with the image in the onActivityResult function","type":"blockquote","depth":0,"inlineStyleRanges":[{"offset":15,"length":22,"style":"INLINECODE"},{"offset":100,"length":16,"style":"INLINECODE"}],"entityRanges":[],"data":{}},{"key":"3mgmq","text":"public void onActivityResult(int requestCode, int resultCode, Intent data) {","type":"custom-code-block-java","depth":0,"inlineStyleRanges":[],"entityRanges":[],"data":{}},{"key":"9n4c","text":"","type":"custom-code-block-java","depth":0,"inlineStyleRanges":[],"entityRanges":[],"data":{}},{"key":"bp6nk","text":"        ImageView imageView = view.findViewById(R.id.user_image);","type":"custom-code-block-java","depth":0,"inlineStyleRanges":[],"entityRanges":[],"data":{}},{"key":"797qf","text":"        if(requestCode == CAMERA_REQUEST && resultCode == RESULT_OK) {","type":"custom-code-block-java","depth":0,"inlineStyleRanges":[],"entityRanges":[],"data":{}},{"key":"4lhp6","text":"            alertDialog.dismiss();","type":"custom-code-block-java","depth":0,"inlineStyleRanges":[],"entityRanges":[],"data":{}},{"key":"9qebp","text":"            Bitmap photo = (Bitmap) data.getExtras().get(\"data\");","type":"custom-code-block-java","depth":0,"inlineStyleRanges":[],"entityRanges":[],"data":{}},{"key":"9q8c3","text":"            Glide.with(getActivity()).asBitmap().load(photo).apply(RequestOptions.circleCropTransform()).into(imageView);","type":"custom-code-block-java","depth":0,"inlineStyleRanges":[],"entityRanges":[],"data":{}},{"key":"61mfd","text":"        }","type":"custom-code-block-java","depth":0,"inlineStyleRanges":[],"entityRanges":[],"data":{}},{"key":"ar42m","text":"        if(requestCode == GALLERY_REQUEST && resultCode == RESULT_OK) {","type":"custom-code-block-java","depth":0,"inlineStyleRanges":[],"entityRanges":[],"data":{}},{"key":"8j7ou","text":"            alertDialog.dismiss();","type":"custom-code-block-java","depth":0,"inlineStyleRanges":[],"entityRanges":[],"data":{}},{"key":"89c67","text":"            Uri selectedImage = data.getData();","type":"custom-code-block-java","depth":0,"inlineStyleRanges":[],"entityRanges":[],"data":{}},{"key":"3708e","text":"            Glide.with(getActivity()).load(selectedImage).apply(RequestOptions.circleCropTransform()).into(imageView);","type":"custom-code-block-java","depth":0,"inlineStyleRanges":[],"entityRanges":[],"data":{}},{"key":"ccr34","text":"        }","type":"custom-code-block-java","depth":0,"inlineStyleRanges":[],"entityRanges":[],"data":{}},{"key":"6932o","text":"","type":"custom-code-block-java","depth":0,"inlineStyleRanges":[],"entityRanges":[],"data":{}},{"key":"7csdv","text":"        super.onActivityResult(requestCode, resultCode, data);","type":"custom-code-block-java","depth":0,"inlineStyleRanges":[],"entityRanges":[],"data":{}},{"key":"3snub","text":"    }","type":"custom-code-block-java","depth":0,"inlineStyleRanges":[],"entityRanges":[],"data":{}}],"entityMap":{}},"tags":[]}