{"_id":"BJPQHiViN","title":"Navigation Drawer","dateCreated":1556555038532,"lastAccessed":"2019-04-29T16:23:58.532Z","lastUpdated":"2019-05-17T07:10:36.036Z","notebookId":"HyZvKx1sN","body":{"blocks":[{"key":"ag6qs","text":"Navigation Drawer","type":"header-one","depth":0,"inlineStyleRanges":[],"entityRanges":[],"data":{}},{"key":"42eoi","text":"there are several steps for creating the Navigation Drawer","type":"blockquote","depth":0,"inlineStyleRanges":[{"offset":41,"length":17,"style":"INLINECODE"}],"entityRanges":[],"data":{}},{"key":"1ub45","text":"add implementation 'com.android.support:design:28.0.0' in your build.gradle(Module: app)","type":"ordered-list-item","depth":0,"inlineStyleRanges":[{"offset":4,"length":50,"style":"INLINECODE"}],"entityRanges":[],"data":{}},{"key":"4ecg2","text":"Not Neccesary : but remove the ActionBar from your styles.xml","type":"ordered-list-item","depth":0,"inlineStyleRanges":[{"offset":31,"length":9,"style":"INLINECODE"},{"offset":51,"length":10,"style":"INLINECODE"}],"entityRanges":[],"data":{}},{"key":"clr64","text":"write bellow style and use it as your them for you desired activity or for all of your application","type":"blockquote","depth":0,"inlineStyleRanges":[{"offset":13,"length":5,"style":"INLINECODE"},{"offset":59,"length":8,"style":"INLINECODE"},{"offset":87,"length":11,"style":"INLINECODE"}],"entityRanges":[],"data":{}},{"key":"17b1l","text":"<?xml version=\"1.0\" encoding=\"utf-8\"?>","type":"custom-code-block-markup","depth":0,"inlineStyleRanges":[],"entityRanges":[],"data":{}},{"key":"3poa7","text":"<resources>","type":"custom-code-block-markup","depth":0,"inlineStyleRanges":[],"entityRanges":[],"data":{}},{"key":"d08ka","text":"    <style name=\"ArashStyle\" parent=\"Theme.AppCompat.Light.NoActionBar\">","type":"custom-code-block-markup","depth":0,"inlineStyleRanges":[],"entityRanges":[],"data":{}},{"key":"3cro0","text":"        <item name=\"windowActionBar\">false</item>","type":"custom-code-block-markup","depth":0,"inlineStyleRanges":[],"entityRanges":[],"data":{}},{"key":"8pe75","text":"        <item name=\"windowNoTitle\">true</item>","type":"custom-code-block-markup","depth":0,"inlineStyleRanges":[],"entityRanges":[],"data":{}},{"key":"2uohe","text":"        <item name=\"android:direction\">right_to_left</item>","type":"custom-code-block-markup","depth":0,"inlineStyleRanges":[],"entityRanges":[],"data":{}},{"key":"3d5up","text":"        <item name=\"android:layoutDirection\">rtl</item>","type":"custom-code-block-markup","depth":0,"inlineStyleRanges":[],"entityRanges":[],"data":{}},{"key":"4jp70","text":"        <item name=\"android:textDirection\">rtl</item>","type":"custom-code-block-markup","depth":0,"inlineStyleRanges":[],"entityRanges":[],"data":{}},{"key":"3loru","text":"        <item name=\"android:statusBarColor\">@android:color/transparent</item> <-- this item is only for v21 version -->","type":"custom-code-block-markup","depth":0,"inlineStyleRanges":[],"entityRanges":[],"data":{}},{"key":"7dtl2","text":"    </style>","type":"custom-code-block-markup","depth":0,"inlineStyleRanges":[],"entityRanges":[],"data":{}},{"key":"deo9c","text":"</resources>","type":"custom-code-block-markup","depth":0,"inlineStyleRanges":[],"entityRanges":[],"data":{}},{"key":"elj03","text":"Note : to create the styles.xml(v21) file , create the resource file and in the left options , choose version and add it , then enter the value 21 . and then you can use MaterialDesign or in this case statusBarColor in your theme .","type":"blockquote","depth":0,"inlineStyleRanges":[{"offset":0,"length":6,"style":"INLINECODE"},{"offset":21,"length":15,"style":"INLINECODE"},{"offset":55,"length":8,"style":"INLINECODE"},{"offset":102,"length":7,"style":"INLINECODE"},{"offset":170,"length":14,"style":"INLINECODE"},{"offset":201,"length":14,"style":"INLINECODE"}],"entityRanges":[],"data":{}},{"key":"4ul8u","text":"","type":"unstyled","depth":0,"inlineStyleRanges":[],"entityRanges":[],"data":{}},{"key":"3qd0k","text":"2.   create a Layout resource for your Drawer header layout , like bellow :","type":"unstyled","depth":0,"inlineStyleRanges":[{"offset":14,"length":6,"style":"INLINECODE"},{"offset":39,"length":13,"style":"INLINECODE"}],"entityRanges":[],"data":{}},{"key":"civji","text":"<?xml version=\"1.0\" encoding=\"utf-8\"?>","type":"custom-code-block-makefile","depth":0,"inlineStyleRanges":[],"entityRanges":[],"data":{}},{"key":"biamr","text":"<RelativeLayout xmlns:android=\"http://schemas.android.com/apk/res/android\"","type":"custom-code-block-makefile","depth":0,"inlineStyleRanges":[],"entityRanges":[],"data":{}},{"key":"c38g5","text":"    android:layout_width=\"match_parent\" android:layout_height=\"200dp\" android:background=\"#266CD5\" android:id=\"@+id/drawer_header\">","type":"custom-code-block-makefile","depth":0,"inlineStyleRanges":[],"entityRanges":[],"data":{}},{"key":"f7s86","text":"","type":"custom-code-block-makefile","depth":0,"inlineStyleRanges":[],"entityRanges":[],"data":{}},{"key":"4skod","text":"    <ImageView","type":"custom-code-block-makefile","depth":0,"inlineStyleRanges":[],"entityRanges":[],"data":{}},{"key":"acduu","text":"        android:id=\"@+id/drawer_user_image\"","type":"custom-code-block-makefile","depth":0,"inlineStyleRanges":[],"entityRanges":[],"data":{}},{"key":"5p8rg","text":"        android:layout_width=\"160dp\"","type":"custom-code-block-makefile","depth":0,"inlineStyleRanges":[],"entityRanges":[],"data":{}},{"key":"7uvu1","text":"        android:layout_height=\"160dp\"","type":"custom-code-block-makefile","depth":0,"inlineStyleRanges":[],"entityRanges":[],"data":{}},{"key":"82ba5","text":"        android:layout_centerHorizontal=\"true\"","type":"custom-code-block-makefile","depth":0,"inlineStyleRanges":[],"entityRanges":[],"data":{}},{"key":"ftrr6","text":"        />","type":"custom-code-block-makefile","depth":0,"inlineStyleRanges":[],"entityRanges":[],"data":{}},{"key":"9t3i9","text":"","type":"custom-code-block-makefile","depth":0,"inlineStyleRanges":[],"entityRanges":[],"data":{}},{"key":"3qfa3","text":"    <TextView","type":"custom-code-block-makefile","depth":0,"inlineStyleRanges":[],"entityRanges":[],"data":{}},{"key":"9b0im","text":"        android:id=\"@+id/drawer_user_name_and_family\"","type":"custom-code-block-makefile","depth":0,"inlineStyleRanges":[],"entityRanges":[],"data":{}},{"key":"7nvtj","text":"        android:layout_width=\"match_parent\"","type":"custom-code-block-makefile","depth":0,"inlineStyleRanges":[],"entityRanges":[],"data":{}},{"key":"79i7o","text":"        android:layout_height=\"wrap_content\"","type":"custom-code-block-makefile","depth":0,"inlineStyleRanges":[],"entityRanges":[],"data":{}},{"key":"e2a76","text":"        android:gravity=\"center\"","type":"custom-code-block-makefile","depth":0,"inlineStyleRanges":[],"entityRanges":[],"data":{}},{"key":"7r1t0","text":"        android:layout_below=\"@+id/drawer_user_image\"","type":"custom-code-block-makefile","depth":0,"inlineStyleRanges":[],"entityRanges":[],"data":{}},{"key":"54nei","text":"        android:textStyle=\"bold|italic\"","type":"custom-code-block-makefile","depth":0,"inlineStyleRanges":[],"entityRanges":[],"data":{}},{"key":"51bof","text":"        />","type":"custom-code-block-makefile","depth":0,"inlineStyleRanges":[],"entityRanges":[],"data":{}},{"key":"587oq","text":"","type":"custom-code-block-makefile","depth":0,"inlineStyleRanges":[],"entityRanges":[],"data":{}},{"key":"5kt","text":"    <TextView","type":"custom-code-block-makefile","depth":0,"inlineStyleRanges":[],"entityRanges":[],"data":{}},{"key":"45rqc","text":"        android:id=\"@+id/drawer_user_email\"","type":"custom-code-block-makefile","depth":0,"inlineStyleRanges":[],"entityRanges":[],"data":{}},{"key":"dbspl","text":"        android:layout_width=\"match_parent\"","type":"custom-code-block-makefile","depth":0,"inlineStyleRanges":[],"entityRanges":[],"data":{}},{"key":"286ah","text":"        android:layout_height=\"wrap_content\"","type":"custom-code-block-makefile","depth":0,"inlineStyleRanges":[],"entityRanges":[],"data":{}},{"key":"bqp5","text":"        android:layout_below=\"@+id/drawer_user_name_and_family\"","type":"custom-code-block-makefile","depth":0,"inlineStyleRanges":[],"entityRanges":[],"data":{}},{"key":"as5ft","text":"        android:gravity=\"center\"","type":"custom-code-block-makefile","depth":0,"inlineStyleRanges":[],"entityRanges":[],"data":{}},{"key":"7r4d5","text":"        android:textStyle=\"bold|italic\"","type":"custom-code-block-makefile","depth":0,"inlineStyleRanges":[],"entityRanges":[],"data":{}},{"key":"7pj4s","text":"        />","type":"custom-code-block-makefile","depth":0,"inlineStyleRanges":[],"entityRanges":[],"data":{}},{"key":"44eub","text":"","type":"custom-code-block-makefile","depth":0,"inlineStyleRanges":[],"entityRanges":[],"data":{}},{"key":"9d457","text":"</RelativeLayout>","type":"custom-code-block-makefile","depth":0,"inlineStyleRanges":[],"entityRanges":[],"data":{}},{"key":"2hp13","text":"","type":"unstyled","depth":0,"inlineStyleRanges":[],"entityRanges":[],"data":{}},{"key":"9bdqt","text":"2.   now the options you need to do in your Activity layout resource file","type":"blockquote","depth":0,"inlineStyleRanges":[{"offset":44,"length":8,"style":"INLINECODE"},{"offset":60,"length":8,"style":"INLINECODE"}],"entityRanges":[],"data":{}},{"key":"aea4m","text":"first your Activity Layout resource container should be a android.support.v4.widget.DrawerLayout not Relative layout or anything else","type":"ordered-list-item","depth":0,"inlineStyleRanges":[{"offset":11,"length":8,"style":"INLINECODE"},{"offset":27,"length":8,"style":"INLINECODE"},{"offset":58,"length":38,"style":"INLINECODE"},{"offset":101,"length":15,"style":"INLINECODE"}],"entityRanges":[],"data":{}},{"key":"ajco5","text":"you have to include NavigationDrawer in your layout .","type":"ordered-list-item","depth":0,"inlineStyleRanges":[{"offset":20,"length":16,"style":"INLINECODE"}],"entityRanges":[],"data":{}},{"key":"2u1fg","text":"the layout is like bellow","type":"ordered-list-item","depth":0,"inlineStyleRanges":[{"offset":4,"length":6,"style":"INLINECODE"}],"entityRanges":[],"data":{}},{"key":"dme9d","text":"<?xml version=\"1.0\" encoding=\"utf-8\"?>","type":"custom-code-block-makefile","depth":0,"inlineStyleRanges":[],"entityRanges":[],"data":{}},{"key":"841ba","text":"<android.support.v4.widget.DrawerLayout xmlns:android=\"http://schemas.android.com/apk/res/android\"","type":"custom-code-block-makefile","depth":0,"inlineStyleRanges":[],"entityRanges":[],"data":{}},{"key":"7h6eh","text":"    android:layout_width=\"match_parent\"","type":"custom-code-block-makefile","depth":0,"inlineStyleRanges":[],"entityRanges":[],"data":{}},{"key":"b5128","text":"    android:layout_height=\"match_parent\"","type":"custom-code-block-makefile","depth":0,"inlineStyleRanges":[],"entityRanges":[],"data":{}},{"key":"9vvj","text":"    xmlns:app=\"http://schemas.android.com/apk/res-auto\"","type":"custom-code-block-makefile","depth":0,"inlineStyleRanges":[],"entityRanges":[],"data":{}},{"key":"34f7a","text":"    xmlns:tools=\"http://schemas.android.com/tools\"","type":"custom-code-block-makefile","depth":0,"inlineStyleRanges":[],"entityRanges":[],"data":{}},{"key":"a7sv0","text":"    android:fitsSystemWindows=\"true\"","type":"custom-code-block-makefile","depth":0,"inlineStyleRanges":[],"entityRanges":[],"data":{}},{"key":"15qm5","text":"    android:id=\"@+id/drawer_layout\" <!-- we will use this id to initialize Drawer in our Activity class -->","type":"custom-code-block-makefile","depth":0,"inlineStyleRanges":[{"offset":58,"length":2,"style":"BOLD"},{"offset":75,"length":6,"style":"BOLD"},{"offset":89,"length":14,"style":"BOLD"}],"entityRanges":[],"data":{}},{"key":"bco43","text":"    tools:context=\".MainActivity\">","type":"custom-code-block-makefile","depth":0,"inlineStyleRanges":[],"entityRanges":[],"data":{}},{"key":"c9h6p","text":"    ","type":"custom-code-block-makefile","depth":0,"inlineStyleRanges":[],"entityRanges":[],"data":{}},{"key":"a5sn0","text":"    <LinearLayout","type":"custom-code-block-makefile","depth":0,"inlineStyleRanges":[],"entityRanges":[],"data":{}},{"key":"2ft5d","text":"        android:layout_width=\"match_parent\"","type":"custom-code-block-makefile","depth":0,"inlineStyleRanges":[],"entityRanges":[],"data":{}},{"key":"7lkh","text":"        android:layout_height=\"match_parent\" android:orientation=\"vertical\" android:id=\"@+id/LinearLayout\">","type":"custom-code-block-makefile","depth":0,"inlineStyleRanges":[],"entityRanges":[],"data":{}},{"key":"7h2rs","text":"        ","type":"custom-code-block-makefile","depth":0,"inlineStyleRanges":[],"entityRanges":[],"data":{}},{"key":"fqhn3","text":"        ","type":"custom-code-block-makefile","depth":0,"inlineStyleRanges":[],"entityRanges":[],"data":{}},{"key":"33lfo","text":"        ","type":"custom-code-block-makefile","depth":0,"inlineStyleRanges":[],"entityRanges":[],"data":{}},{"key":"6nb6g","text":"        <android.support.v7.widget.Toolbar","type":"custom-code-block-makefile","depth":0,"inlineStyleRanges":[],"entityRanges":[],"data":{}},{"key":"67pt5","text":"            android:layout_width=\"match_parent\"","type":"custom-code-block-makefile","depth":0,"inlineStyleRanges":[],"entityRanges":[],"data":{}},{"key":"3jvqb","text":"            android:layout_height=\"?attr/actionBarSize\"","type":"custom-code-block-makefile","depth":0,"inlineStyleRanges":[],"entityRanges":[],"data":{}},{"key":"c6dhe","text":"            android:id=\"@+id/toolbar\"","type":"custom-code-block-makefile","depth":0,"inlineStyleRanges":[],"entityRanges":[],"data":{}},{"key":"duqja","text":"            android:background=\"@color/tab_signin\"","type":"custom-code-block-makefile","depth":0,"inlineStyleRanges":[],"entityRanges":[],"data":{}},{"key":"4nr80","text":"            android:theme=\"@style/Theme.AppCompat.DayNight.DarkActionBar\"","type":"custom-code-block-makefile","depth":0,"inlineStyleRanges":[],"entityRanges":[],"data":{}},{"key":"46gsr","text":"            app:popupTheme=\"@style/ThemeOverlay.AppCompat.Light\"","type":"custom-code-block-makefile","depth":0,"inlineStyleRanges":[],"entityRanges":[],"data":{}},{"key":"9cgoi","text":"            android:elevation=\"4dp\"","type":"custom-code-block-makefile","depth":0,"inlineStyleRanges":[],"entityRanges":[],"data":{}},{"key":"aa22h","text":"            />","type":"custom-code-block-makefile","depth":0,"inlineStyleRanges":[],"entityRanges":[],"data":{}},{"key":"3f7q7","text":"            ","type":"custom-code-block-makefile","depth":0,"inlineStyleRanges":[],"entityRanges":[],"data":{}},{"key":"86h4k","text":"            <!-- in case you have a tablayout , add these TabLayout & ViewPager Too, this are not necessary -->","type":"custom-code-block-makefile","depth":0,"inlineStyleRanges":[{"offset":17,"length":90,"style":"INLINECODE"}],"entityRanges":[],"data":{}},{"key":"956i8","text":"            ","type":"custom-code-block-makefile","depth":0,"inlineStyleRanges":[],"entityRanges":[],"data":{}},{"key":"6lr5a","text":"            <android.support.design.widget.TabLayout","type":"custom-code-block-makefile","depth":0,"inlineStyleRanges":[],"entityRanges":[],"data":{}},{"key":"a4se2","text":"            android:layout_width=\"match_parent\"","type":"custom-code-block-makefile","depth":0,"inlineStyleRanges":[],"entityRanges":[],"data":{}},{"key":"aib2b","text":"            android:layout_height=\"wrap_content\"","type":"custom-code-block-makefile","depth":0,"inlineStyleRanges":[],"entityRanges":[],"data":{}},{"key":"5sg43","text":"            android:id=\"@+id/tab_layout\"","type":"custom-code-block-makefile","depth":0,"inlineStyleRanges":[],"entityRanges":[],"data":{}},{"key":"38in2","text":"            android:background=\"@color/main_signin\"","type":"custom-code-block-makefile","depth":0,"inlineStyleRanges":[],"entityRanges":[],"data":{}},{"key":"sfnh","text":"            app:tabSelectedTextColor=\"#FFF\"","type":"custom-code-block-makefile","depth":0,"inlineStyleRanges":[],"entityRanges":[],"data":{}},{"key":"5vuge","text":"            app:tabTextColor=\"#0A1102\"","type":"custom-code-block-makefile","depth":0,"inlineStyleRanges":[],"entityRanges":[],"data":{}},{"key":"a818c","text":"            />","type":"custom-code-block-makefile","depth":0,"inlineStyleRanges":[],"entityRanges":[],"data":{}},{"key":"2r3eg","text":"","type":"custom-code-block-makefile","depth":0,"inlineStyleRanges":[],"entityRanges":[],"data":{}},{"key":"7srvd","text":"        <android.support.v4.view.ViewPager","type":"custom-code-block-makefile","depth":0,"inlineStyleRanges":[],"entityRanges":[],"data":{}},{"key":"e115e","text":"            android:id=\"@+id/view_pager\"","type":"custom-code-block-makefile","depth":0,"inlineStyleRanges":[],"entityRanges":[],"data":{}},{"key":"5rr7b","text":"            android:layout_width=\"match_parent\"","type":"custom-code-block-makefile","depth":0,"inlineStyleRanges":[],"entityRanges":[],"data":{}},{"key":"emrn4","text":"            android:layout_height=\"wrap_content\"","type":"custom-code-block-makefile","depth":0,"inlineStyleRanges":[],"entityRanges":[],"data":{}},{"key":"2e4om","text":"            />","type":"custom-code-block-makefile","depth":0,"inlineStyleRanges":[],"entityRanges":[],"data":{}},{"key":"3qff0","text":"","type":"custom-code-block-makefile","depth":0,"inlineStyleRanges":[],"entityRanges":[],"data":{}},{"key":"2modr","text":"        <FrameLayout  <!-- is not needed , works when you want to replace it with Fragments -->","type":"custom-code-block-makefile","depth":0,"inlineStyleRanges":[{"offset":27,"length":64,"style":"INLINECODE"}],"entityRanges":[],"data":{}},{"key":"59b94","text":"            android:layout_width=\"match_parent\"","type":"custom-code-block-makefile","depth":0,"inlineStyleRanges":[],"entityRanges":[],"data":{}},{"key":"tdkj","text":"            android:layout_height=\"match_parent\"","type":"custom-code-block-makefile","depth":0,"inlineStyleRanges":[],"entityRanges":[],"data":{}},{"key":"8hhj6","text":"            android:id=\"@+id/frame_layout_container\"","type":"custom-code-block-makefile","depth":0,"inlineStyleRanges":[],"entityRanges":[],"data":{}},{"key":"b412h","text":"            />","type":"custom-code-block-makefile","depth":0,"inlineStyleRanges":[],"entityRanges":[],"data":{}},{"key":"foej2","text":"            ","type":"custom-code-block-makefile","depth":0,"inlineStyleRanges":[],"entityRanges":[],"data":{}},{"key":"3che2","text":"          <!-- end of tablayout and viewPager and FrameLayou -->","type":"custom-code-block-makefile","depth":0,"inlineStyleRanges":[{"offset":15,"length":45,"style":"INLINECODE"}],"entityRanges":[],"data":{}},{"key":"82djf","text":"","type":"custom-code-block-makefile","depth":0,"inlineStyleRanges":[],"entityRanges":[],"data":{}},{"key":"clv9c","text":"    </LinearLayout>","type":"custom-code-block-makefile","depth":0,"inlineStyleRanges":[],"entityRanges":[],"data":{}},{"key":"83tjk","text":"","type":"custom-code-block-makefile","depth":0,"inlineStyleRanges":[],"entityRanges":[],"data":{}},{"key":"2a6j3","text":"","type":"custom-code-block-makefile","depth":0,"inlineStyleRanges":[],"entityRanges":[],"data":{}},{"key":"924vr","text":"    <android.support.design.widget.NavigationView","type":"custom-code-block-makefile","depth":0,"inlineStyleRanges":[],"entityRanges":[],"data":{}},{"key":"a285n","text":"        android:layout_width=\"wrap_content\"","type":"custom-code-block-makefile","depth":0,"inlineStyleRanges":[],"entityRanges":[],"data":{}},{"key":"a5era","text":"        android:layout_height=\"match_parent\"","type":"custom-code-block-makefile","depth":0,"inlineStyleRanges":[],"entityRanges":[],"data":{}},{"key":"4s8vv","text":"        android:layout_gravity=\"start\" <!-- Remember if you don't include it layout would fill the whole page -->","type":"custom-code-block-makefile","depth":0,"inlineStyleRanges":[{"offset":44,"length":8,"style":"BOLD"}],"entityRanges":[],"data":{}},{"key":"ns3o","text":"        android:id=\"@+id/navigation_view\" <!-- we will use this id to initialize NavigationView in our Activity class -->","type":"custom-code-block-makefile","depth":0,"inlineStyleRanges":[{"offset":64,"length":3,"style":"BOLD"},{"offset":70,"length":26,"style":"BOLD"},{"offset":103,"length":14,"style":"BOLD"}],"entityRanges":[],"data":{}},{"key":"fu0mh","text":"        app:headerLayout=\"@layout/drawer_layout\"","type":"custom-code-block-makefile","depth":0,"inlineStyleRanges":[],"entityRanges":[],"data":{}},{"key":"5c1a9","text":"        app:menu=\"@menu/main_menu\" <!-- create the menu file for it in bellow chapter -->","type":"custom-code-block-makefile","depth":0,"inlineStyleRanges":[],"entityRanges":[],"data":{}},{"key":"4n478","text":"        />","type":"custom-code-block-makefile","depth":0,"inlineStyleRanges":[],"entityRanges":[],"data":{}},{"key":"2lhs8","text":"","type":"custom-code-block-makefile","depth":0,"inlineStyleRanges":[],"entityRanges":[],"data":{}},{"key":"4gbbq","text":"</android.support.v4.widget.DrawerLayout>","type":"custom-code-block-makefile","depth":0,"inlineStyleRanges":[],"entityRanges":[],"data":{}},{"key":"bocpq","text":"","type":"unstyled","depth":0,"inlineStyleRanges":[],"entityRanges":[],"data":{}},{"key":"9u37c","text":"as you see we need a menu for the NavigationView , headerLayout section .","type":"blockquote","depth":0,"inlineStyleRanges":[{"offset":21,"length":4,"style":"INLINECODE"},{"offset":34,"length":14,"style":"INLINECODE"},{"offset":51,"length":13,"style":"BOLD"}],"entityRanges":[],"data":{}},{"key":"bj78","text":"go to resource , right click -> add resource -> and choose menu and name your file , and in the file we have :","type":"blockquote","depth":0,"inlineStyleRanges":[],"entityRanges":[],"data":{}},{"key":"7f5bp","text":"<?xml version=\"1.0\" encoding=\"utf-8\"?>","type":"custom-code-block-makefile","depth":0,"inlineStyleRanges":[],"entityRanges":[],"data":{}},{"key":"dp5he","text":"<menu xmlns:android=\"http://schemas.android.com/apk/res/android\">","type":"custom-code-block-makefile","depth":0,"inlineStyleRanges":[],"entityRanges":[],"data":{}},{"key":"cdpag","text":"","type":"custom-code-block-makefile","depth":0,"inlineStyleRanges":[],"entityRanges":[],"data":{}},{"key":"djl3t","text":"    <group android:checkableBehavior=\"single\">","type":"custom-code-block-makefile","depth":0,"inlineStyleRanges":[],"entityRanges":[],"data":{}},{"key":"b8gmv","text":"        <item android:title=\"@string/editsetting\" android:id=\"@+id/edit\" android:icon=\"@drawable/edit\" />","type":"custom-code-block-makefile","depth":0,"inlineStyleRanges":[],"entityRanges":[],"data":{}},{"key":"frv8n","text":"        <item android:title=\"@string/removeacount\" android:id=\"@+id/remove\" android:icon=\"@drawable/trash\" />","type":"custom-code-block-makefile","depth":0,"inlineStyleRanges":[],"entityRanges":[],"data":{}},{"key":"3hi7g","text":"        <item android:title=\"@string/contacts\" android:id=\"@+id/contacts\" android:icon=\"@drawable/contacts\" />","type":"custom-code-block-makefile","depth":0,"inlineStyleRanges":[],"entityRanges":[],"data":{}},{"key":"30e1p","text":"        <item android:title=\"گالری\" android:id=\"@+id/gallery\" android:icon=\"@drawable/gallery\" />","type":"custom-code-block-makefile","depth":0,"inlineStyleRanges":[],"entityRanges":[],"data":{}},{"key":"e8u3j","text":"    </group>","type":"custom-code-block-makefile","depth":0,"inlineStyleRanges":[],"entityRanges":[],"data":{}},{"key":"71ctl","text":"","type":"custom-code-block-makefile","depth":0,"inlineStyleRanges":[],"entityRanges":[],"data":{}},{"key":"5scf6","text":"    <item android:title=\"@string/program\">","type":"custom-code-block-makefile","depth":0,"inlineStyleRanges":[],"entityRanges":[],"data":{}},{"key":"e4p3o","text":"        <menu>","type":"custom-code-block-makefile","depth":0,"inlineStyleRanges":[],"entityRanges":[],"data":{}},{"key":"ks5e","text":"            <item android:title=\"@string/aboutus\" android:id=\"@+id/about_us\" android:icon=\"@drawable/info\" />","type":"custom-code-block-makefile","depth":0,"inlineStyleRanges":[],"entityRanges":[],"data":{}},{"key":"2bfrb","text":"        </menu>","type":"custom-code-block-makefile","depth":0,"inlineStyleRanges":[],"entityRanges":[],"data":{}},{"key":"afkrd","text":"    </item>","type":"custom-code-block-makefile","depth":0,"inlineStyleRanges":[],"entityRanges":[],"data":{}},{"key":"adk5c","text":"","type":"custom-code-block-makefile","depth":0,"inlineStyleRanges":[],"entityRanges":[],"data":{}},{"key":"80cqd","text":"</menu>","type":"custom-code-block-makefile","depth":0,"inlineStyleRanges":[],"entityRanges":[],"data":{}},{"key":"9vdrr","text":"","type":"unstyled","depth":0,"inlineStyleRanges":[],"entityRanges":[],"data":{}},{"key":"b37vo","text":"3. after creating Layout files now its time to initialize our Drawer & NavigationView in our Activity class","type":"blockquote","depth":0,"inlineStyleRanges":[{"offset":47,"length":10,"style":"INLINECODE"},{"offset":62,"length":6,"style":"INLINECODE"},{"offset":71,"length":14,"style":"INLINECODE"},{"offset":93,"length":14,"style":"BOLD"}],"entityRanges":[],"data":{}},{"key":"4k0tc","text":"public class UserFragment extends Fragment implements NavigationView.OnNavigationItemSelectedListener {","type":"custom-code-block-java","depth":0,"inlineStyleRanges":[],"entityRanges":[],"data":{}},{"key":"ca0vj","text":"","type":"custom-code-block-java","depth":0,"inlineStyleRanges":[],"entityRanges":[],"data":{}},{"key":"7iqia","text":"   DrawerLayout drawerLayout;","type":"custom-code-block-java","depth":0,"inlineStyleRanges":[],"entityRanges":[],"data":{}},{"key":"fhler","text":"   NavigationView navigationView;","type":"custom-code-block-java","depth":0,"inlineStyleRanges":[],"entityRanges":[],"data":{}},{"key":"9ktf1","text":"   android.support.v7.widget.Toolbar toolbar;","type":"custom-code-block-java","depth":0,"inlineStyleRanges":[],"entityRanges":[],"data":{}},{"key":"9ao01","text":"","type":"custom-code-block-java","depth":0,"inlineStyleRanges":[],"entityRanges":[],"data":{}},{"key":"dmq06","text":"   protected void onCreate(Bundle savedInstanceState) {","type":"custom-code-block-java","depth":0,"inlineStyleRanges":[],"entityRanges":[],"data":{}},{"key":"c2p1p","text":"      super.onCreate(savedInstanceState);","type":"custom-code-block-java","depth":0,"inlineStyleRanges":[],"entityRanges":[],"data":{}},{"key":"783vl","text":"      setContentView(R.layout.activity_user_page);","type":"custom-code-block-java","depth":0,"inlineStyleRanges":[],"entityRanges":[],"data":{}},{"key":"c2tv","text":"      initializeToolbar();","type":"custom-code-block-java","depth":0,"inlineStyleRanges":[],"entityRanges":[],"data":{}},{"key":"9lsma","text":"      initializeNavigationView();","type":"custom-code-block-java","depth":0,"inlineStyleRanges":[],"entityRanges":[],"data":{}},{"key":"sg7v","text":"      initializeDrawer();","type":"custom-code-block-java","depth":0,"inlineStyleRanges":[],"entityRanges":[],"data":{}},{"key":"7aoom","text":"   }","type":"custom-code-block-java","depth":0,"inlineStyleRanges":[],"entityRanges":[],"data":{}},{"key":"86hdp","text":"  ","type":"custom-code-block-java","depth":0,"inlineStyleRanges":[],"entityRanges":[],"data":{}},{"key":"d0hd","text":"   public void initializeToolbar() {","type":"custom-code-block-java","depth":0,"inlineStyleRanges":[],"entityRanges":[],"data":{}},{"key":"bplpa","text":"     toolbar = findViewByID(R.id.toolbar_in_drawer);","type":"custom-code-block-java","depth":0,"inlineStyleRanges":[],"entityRanges":[],"data":{}},{"key":"f8j2h","text":"     setSupportActionBar(toolbar);","type":"custom-code-block-java","depth":0,"inlineStyleRanges":[],"entityRanges":[],"data":{}},{"key":"9mul3","text":"     setTitle(\"something\");","type":"custom-code-block-java","depth":0,"inlineStyleRanges":[],"entityRanges":[],"data":{}},{"key":"alfo3","text":"     toolbar.setBackgroundColor(); // optional","type":"custom-code-block-java","depth":0,"inlineStyleRanges":[],"entityRanges":[],"data":{}},{"key":"f68dp","text":"     toolbar.setTitleTextColor(getResources().getColor(R.color.toolbar_title_color)); // optional","type":"custom-code-block-java","depth":0,"inlineStyleRanges":[],"entityRanges":[],"data":{}},{"key":"fmqfu","text":"   }","type":"custom-code-block-java","depth":0,"inlineStyleRanges":[],"entityRanges":[],"data":{}},{"key":"aqble","text":"   ","type":"custom-code-block-java","depth":0,"inlineStyleRanges":[],"entityRanges":[],"data":{}},{"key":"dfi9l","text":"   public void initializeNavigationDrawer() {","type":"custom-code-block-java","depth":0,"inlineStyleRanges":[],"entityRanges":[],"data":{}},{"key":"u34b","text":"      navigationView = findViewById(R.id.navigation_view);","type":"custom-code-block-java","depth":0,"inlineStyleRanges":[],"entityRanges":[],"data":{}},{"key":"aspa7","text":"      navigationView.setItemIconTintList(null);","type":"custom-code-block-java","depth":0,"inlineStyleRanges":[],"entityRanges":[],"data":{}},{"key":"ep43t","text":"      navigationView.setNavigationItemSelectedListener(this); // you need to implement its interface in the class definition","type":"custom-code-block-java","depth":0,"inlineStyleRanges":[],"entityRanges":[],"data":{}},{"key":"3rsoi","text":"   }","type":"custom-code-block-java","depth":0,"inlineStyleRanges":[],"entityRanges":[],"data":{}},{"key":"bkupu","text":"   ","type":"custom-code-block-java","depth":0,"inlineStyleRanges":[],"entityRanges":[],"data":{}},{"key":"dasfh","text":"   public void initializeDrawer() {","type":"custom-code-block-java","depth":0,"inlineStyleRanges":[],"entityRanges":[],"data":{}},{"key":"5b7ml","text":"        drawerLayout = findViewById(R.id.drawer_as_root_layout);","type":"custom-code-block-java","depth":0,"inlineStyleRanges":[],"entityRanges":[],"data":{}},{"key":"a29j1","text":"        ActionBarDrawerToggle toggle = new ActionBarDrawerToggle(this,drawerLayout,toolbar,R.string.openDrawer,R.string.closeDrawer);","type":"custom-code-block-java","depth":0,"inlineStyleRanges":[],"entityRanges":[],"data":{}},{"key":"f50qb","text":"        drawerLayout.addDrawerListener(toggle);","type":"custom-code-block-java","depth":0,"inlineStyleRanges":[],"entityRanges":[],"data":{}},{"key":"c4va","text":"        toggle.syncState();","type":"custom-code-block-java","depth":0,"inlineStyleRanges":[],"entityRanges":[],"data":{}},{"key":"fdtgo","text":"    }","type":"custom-code-block-java","depth":0,"inlineStyleRanges":[],"entityRanges":[],"data":{}},{"key":"38ivs","text":"    ","type":"custom-code-block-java","depth":0,"inlineStyleRanges":[],"entityRanges":[],"data":{}},{"key":"c4281","text":"    @Override","type":"custom-code-block-java","depth":0,"inlineStyleRanges":[],"entityRanges":[],"data":{}},{"key":"23ec6","text":"    public boolean onNavigationItemSelected(@NonNull MenuItem menuItem) {","type":"custom-code-block-java","depth":0,"inlineStyleRanges":[],"entityRanges":[],"data":{}},{"key":"ehas4","text":"        switch(menuItem.getItemId()) {","type":"custom-code-block-java","depth":0,"inlineStyleRanges":[],"entityRanges":[],"data":{}},{"key":"fp1ko","text":"           case R.id.search:yourfunction();break;","type":"custom-code-block-java","depth":0,"inlineStyleRanges":[],"entityRanges":[],"data":{}},{"key":"735ul","text":"           case R.id.aboutUs:yourfunctionTwo();break;","type":"custom-code-block-java","depth":0,"inlineStyleRanges":[],"entityRanges":[],"data":{}},{"key":"clms","text":"        }","type":"custom-code-block-java","depth":0,"inlineStyleRanges":[],"entityRanges":[],"data":{}},{"key":"4einl","text":"        drawerLayout.closeDrawer(GravityCompat.START);","type":"custom-code-block-java","depth":0,"inlineStyleRanges":[],"entityRanges":[],"data":{}},{"key":"6au9l","text":"        return true;","type":"custom-code-block-java","depth":0,"inlineStyleRanges":[],"entityRanges":[],"data":{}},{"key":"9kj18","text":"    }","type":"custom-code-block-java","depth":0,"inlineStyleRanges":[],"entityRanges":[],"data":{}},{"key":"5t4j9","text":"    ","type":"custom-code-block-java","depth":0,"inlineStyleRanges":[],"entityRanges":[],"data":{}},{"key":"bfcia","text":"    public void onBackPressed() {","type":"custom-code-block-java","depth":0,"inlineStyleRanges":[],"entityRanges":[],"data":{}},{"key":"5b1uj","text":"       if(drawerLayout.isDrawerOpen(GravityCompat.START)) {","type":"custom-code-block-java","depth":0,"inlineStyleRanges":[],"entityRanges":[],"data":{}},{"key":"8uevn","text":"          drawerLayout.closeDrawer(GravityCompat.START);","type":"custom-code-block-java","depth":0,"inlineStyleRanges":[],"entityRanges":[],"data":{}},{"key":"umdh","text":"       } else {","type":"custom-code-block-java","depth":0,"inlineStyleRanges":[],"entityRanges":[],"data":{}},{"key":"987bn","text":"          super.onBackPressed();","type":"custom-code-block-java","depth":0,"inlineStyleRanges":[],"entityRanges":[],"data":{}},{"key":"4r6la","text":"       }","type":"custom-code-block-java","depth":0,"inlineStyleRanges":[],"entityRanges":[],"data":{}},{"key":"55s0c","text":"    }","type":"custom-code-block-java","depth":0,"inlineStyleRanges":[],"entityRanges":[],"data":{}},{"key":"fgqp2","text":"  ","type":"custom-code-block-java","depth":0,"inlineStyleRanges":[],"entityRanges":[],"data":{}},{"key":"79n97","text":"}","type":"custom-code-block-java","depth":0,"inlineStyleRanges":[],"entityRanges":[],"data":{}},{"key":"5pblk","text":"  ","type":"unstyled","depth":0,"inlineStyleRanges":[],"entityRanges":[],"data":{}},{"key":"7isuq","text":"  ","type":"unstyled","depth":0,"inlineStyleRanges":[],"entityRanges":[],"data":{}},{"key":"bb0pl","text":"","type":"unstyled","depth":0,"inlineStyleRanges":[],"entityRanges":[],"data":{}},{"key":"6bbgd","text":"","type":"unstyled","depth":0,"inlineStyleRanges":[],"entityRanges":[],"data":{}},{"key":"2nktq","text":"","type":"unstyled","depth":0,"inlineStyleRanges":[],"entityRanges":[],"data":{}},{"key":"2eouf","text":"","type":"unstyled","depth":0,"inlineStyleRanges":[],"entityRanges":[],"data":{}},{"key":"6rdu1","text":"","type":"unstyled","depth":0,"inlineStyleRanges":[],"entityRanges":[],"data":{}},{"key":"843rd","text":"","type":"unstyled","depth":0,"inlineStyleRanges":[],"entityRanges":[],"data":{}},{"key":"2ao7d","text":"","type":"unstyled","depth":0,"inlineStyleRanges":[],"entityRanges":[],"data":{}},{"key":"f5deo","text":"","type":"unstyled","depth":0,"inlineStyleRanges":[],"entityRanges":[],"data":{}},{"key":"72t4g","text":"","type":"unstyled","depth":0,"inlineStyleRanges":[],"entityRanges":[],"data":{}},{"key":"d24jr","text":"","type":"unstyled","depth":0,"inlineStyleRanges":[],"entityRanges":[],"data":{}},{"key":"b6mm2","text":"","type":"unstyled","depth":0,"inlineStyleRanges":[],"entityRanges":[],"data":{}},{"key":"3pjno","text":"","type":"unstyled","depth":0,"inlineStyleRanges":[],"entityRanges":[],"data":{}},{"key":"ljud","text":"","type":"unstyled","depth":0,"inlineStyleRanges":[],"entityRanges":[],"data":{}},{"key":"4lnf3","text":"","type":"unstyled","depth":0,"inlineStyleRanges":[],"entityRanges":[],"data":{}},{"key":"ol85","text":"","type":"unstyled","depth":0,"inlineStyleRanges":[],"entityRanges":[],"data":{}},{"key":"59kd9","text":"","type":"unstyled","depth":0,"inlineStyleRanges":[],"entityRanges":[],"data":{}}],"entityMap":{}},"tags":[]}