{"_id":"BJqpiukjE","title":"Intent Notes","dateCreated":1556216770365,"lastAccessed":"2019-04-25T18:26:10.368Z","lastUpdated":"2019-04-28T15:27:18.900Z","notebookId":"HyZvKx1sN","body":{"blocks":[{"key":"ag6qs","text":"Intent Notes","type":"header-one","depth":0,"inlineStyleRanges":[],"entityRanges":[],"data":{}},{"key":"27q5j","text":"","type":"unstyled","depth":0,"inlineStyleRanges":[],"entityRanges":[],"data":{}},{"key":"9rdvh","text":"an intent is a message Object in Android , wich we use to pass data between activities   and etc....","type":"blockquote","depth":0,"inlineStyleRanges":[{"offset":15,"length":14,"style":"INLINECODE"}],"entityRanges":[],"data":{}},{"key":"a6f1p","text":"","type":"unstyled","depth":0,"inlineStyleRanges":[],"entityRanges":[],"data":{}},{"key":"78jm6","text":"check if an Intent has a desired value in it with :","type":"blockquote","depth":0,"inlineStyleRanges":[{"offset":12,"length":6,"style":"INLINECODE"}],"entityRanges":[],"data":{}},{"key":"98gep","text":"if(intent.hasExtra(\"theName\")) {","type":"custom-code-block-java","depth":0,"inlineStyleRanges":[],"entityRanges":[],"data":{}},{"key":"55dq1","text":"   // do whatever...","type":"custom-code-block-java","depth":0,"inlineStyleRanges":[],"entityRanges":[],"data":{}},{"key":"b0ulg","text":"}","type":"custom-code-block-java","depth":0,"inlineStyleRanges":[],"entityRanges":[],"data":{}},{"key":"bpkdd","text":"","type":"unstyled","depth":0,"inlineStyleRanges":[],"entityRanges":[],"data":{}},{"key":"9jrf9","text":"NOTE : to pass Objects through the web or using Intent we first need to Implement an Interface named Parcelable wich is the android implementation of Serializable in java , it lets us transfer objects through the web or with Intents","type":"blockquote","depth":0,"inlineStyleRanges":[{"offset":15,"length":7,"style":"INLINECODE"},{"offset":48,"length":6,"style":"INLINECODE"},{"offset":72,"length":9,"style":"INLINECODE"},{"offset":85,"length":9,"style":"INLINECODE"},{"offset":101,"length":10,"style":"INLINECODE"},{"offset":150,"length":12,"style":"INLINECODE"}],"entityRanges":[],"data":{}},{"key":"bhmpa","text":"","type":"unstyled","depth":0,"inlineStyleRanges":[],"entityRanges":[],"data":{}},{"key":"1g7gm","text":"","type":"unstyled","depth":0,"inlineStyleRanges":[],"entityRanges":[],"data":{}},{"key":"3l9ou","text":"","type":"unstyled","depth":0,"inlineStyleRanges":[],"entityRanges":[],"data":{}},{"key":"dc9or","text":"","type":"unstyled","depth":0,"inlineStyleRanges":[],"entityRanges":[],"data":{}},{"key":"59kd9","text":"","type":"unstyled","depth":0,"inlineStyleRanges":[],"entityRanges":[],"data":{}}],"entityMap":{}},"tags":[]}