{"_id":"ByVwKg1jV","title":"AlertDialog","dateCreated":1556183387639,"lastAccessed":"2019-04-25T09:09:47.640Z","lastUpdated":"2019-05-01T13:57:01.704Z","notebookId":"HyZvKx1sN","body":{"blocks":[{"key":"ag6qs","text":"AlertDialog","type":"header-one","depth":0,"inlineStyleRanges":[],"entityRanges":[],"data":{}},{"key":"61ciu","text":"to make an AlertDialog first you need to make an AlertBuilder","type":"blockquote","depth":0,"inlineStyleRanges":[{"offset":11,"length":11,"style":"INLINECODE"},{"offset":49,"length":12,"style":"INLINECODE"}],"entityRanges":[],"data":{}},{"key":"b530o","text":"AlertBuilder alertBuilder = new AlertBuilder(this);","type":"custom-code-block-java","depth":0,"inlineStyleRanges":[],"entityRanges":[],"data":{}},{"key":"d311v","text":"LayoutInflater lf = getSystemService(LAYOUT_INFLATOR_SERVICE);","type":"custom-code-block-java","depth":0,"inlineStyleRanges":[],"entityRanges":[],"data":{}},{"key":"fn7cc","text":"View view = lf.inflate(R.layout.your_alertbox_layout,null);","type":"custom-code-block-java","depth":0,"inlineStyleRanges":[],"entityRanges":[],"data":{}},{"key":"fvg5","text":"lf.setView(view);","type":"custom-code-block-java","depth":0,"inlineStyleRanges":[],"entityRanges":[],"data":{}},{"key":"5142v","text":"lf.setTitle(\"samandar\");","type":"custom-code-block-java","depth":0,"inlineStyleRanges":[],"entityRanges":[],"data":{}},{"key":"4itnf","text":"// now we can initialize the AlertDialog to be Shown","type":"custom-code-block-java","depth":0,"inlineStyleRanges":[],"entityRanges":[],"data":{}},{"key":"e6r6k","text":"AlertDialog alertDialog = alertBuilder.create();","type":"custom-code-block-java","depth":0,"inlineStyleRanges":[],"entityRanges":[],"data":{}},{"key":"6u3vu","text":"alertDialog.show();","type":"custom-code-block-java","depth":0,"inlineStyleRanges":[],"entityRanges":[],"data":{}},{"key":"echj3","text":"","type":"unstyled","depth":0,"inlineStyleRanges":[],"entityRanges":[],"data":{}},{"key":"8e7c9","text":"","type":"unstyled","depth":0,"inlineStyleRanges":[],"entityRanges":[],"data":{}},{"key":"a4jol","text":"","type":"divider","depth":0,"inlineStyleRanges":[],"entityRanges":[],"data":{}},{"key":"4kdv3","text":"Implement A Listenere For Dialog Dismiss","type":"header-two","depth":0,"inlineStyleRanges":[],"entityRanges":[],"data":{}},{"key":"f3hlk","text":"we may close a dialog by","type":"blockquote","depth":0,"inlineStyleRanges":[],"entityRanges":[],"data":{}},{"key":"co9p7","text":"alertDialog.dismiss();","type":"custom-code-block-java","depth":0,"inlineStyleRanges":[],"entityRanges":[],"data":{}},{"key":"bmgdo","text":"","type":"unstyled","depth":0,"inlineStyleRanges":[],"entityRanges":[],"data":{}},{"key":"a5af3","text":"to get the dismiss() event of an AlertDialog we need to","type":"blockquote","depth":0,"inlineStyleRanges":[{"offset":11,"length":9,"style":"INLINECODE"},{"offset":33,"length":11,"style":"INLINECODE"}],"entityRanges":[],"data":{}},{"key":"5g3j3","text":"first create the listener in your main function before you create or call the dialog","type":"ordered-list-item","depth":0,"inlineStyleRanges":[{"offset":17,"length":8,"style":"INLINECODE"},{"offset":48,"length":6,"style":"INLINECODE"},{"offset":78,"length":6,"style":"INLINECODE"}],"entityRanges":[],"data":{}},{"key":"4h4o1","text":" final DialogInterface.OnDismissListener listener = new DialogInterface.OnDismissListener() {","type":"custom-code-block-java","depth":0,"inlineStyleRanges":[],"entityRanges":[],"data":{}},{"key":"cq8hu","text":"            @Override","type":"custom-code-block-java","depth":0,"inlineStyleRanges":[],"entityRanges":[],"data":{}},{"key":"1c4eo","text":"            public void onDismiss(DialogInterface dialog) {","type":"custom-code-block-java","depth":0,"inlineStyleRanges":[],"entityRanges":[],"data":{}},{"key":"6086t","text":"                // do whatever you want here","type":"custom-code-block-java","depth":0,"inlineStyleRanges":[],"entityRanges":[],"data":{}},{"key":"21klu","text":"            }","type":"custom-code-block-java","depth":0,"inlineStyleRanges":[],"entityRanges":[],"data":{}},{"key":"6pe08","text":"        };","type":"custom-code-block-java","depth":0,"inlineStyleRanges":[],"entityRanges":[],"data":{}},{"key":"6sivr","text":"showLoginDialog(listener);","type":"custom-code-block-java","depth":0,"inlineStyleRanges":[],"entityRanges":[],"data":{}},{"key":"1aksn","text":"then in the AlertDialog body declare a","type":"ordered-list-item","depth":0,"inlineStyleRanges":[{"offset":12,"length":11,"style":"INLINECODE"}],"entityRanges":[],"data":{}},{"key":"b78dm","text":"alertDialog.setOnDismissListener(listener); // and pass your listener","type":"custom-code-block-java","depth":0,"inlineStyleRanges":[],"entityRanges":[],"data":{}},{"key":"265lt","text":"","type":"unstyled","depth":0,"inlineStyleRanges":[],"entityRanges":[],"data":{}}],"entityMap":{}},"tags":[]}