{"_id":"H1VnhsXsN","title":"Android & Mysql","dateCreated":1556491436132,"lastAccessed":"2019-04-28T22:43:56.180Z","lastUpdated":"2019-05-07T13:34:19.447Z","notebookId":"HyZvKx1sN","body":{"blocks":[{"key":"ag6qs","text":"Android & Mysql","type":"header-one","depth":0,"inlineStyleRanges":[],"entityRanges":[],"data":{}},{"key":"8v229","text":"","type":"divider","depth":0,"inlineStyleRanges":[],"entityRanges":[],"data":{}},{"key":"3npgn","text":"To Connect to server Mysql and Php in an Android Program there are several steps we need to follow","type":"blockquote","depth":0,"inlineStyleRanges":[{"offset":21,"length":5,"style":"INLINECODE"},{"offset":31,"length":3,"style":"INLINECODE"}],"entityRanges":[],"data":{}},{"key":"9kkv1","text":"","type":"header-three","depth":0,"inlineStyleRanges":[],"entityRanges":[],"data":{}},{"key":"2rd8h","text":"Configuring AndroidManifest file","type":"header-three","depth":0,"inlineStyleRanges":[{"offset":12,"length":15,"style":"INLINECODE"}],"entityRanges":[],"data":{}},{"key":"dkkhs","text":"","type":"unstyled","depth":0,"inlineStyleRanges":[],"entityRanges":[],"data":{}},{"key":"78rqv","text":"in the AndroidManifest write the permission to be able to connect to internet through android app","type":"ordered-list-item","depth":0,"inlineStyleRanges":[{"offset":7,"length":15,"style":"INLINECODE"},{"offset":33,"length":10,"style":"INLINECODE"}],"entityRanges":[],"data":{}},{"key":"75j0m","text":"<uses-permission android:name=\"android.permission.INTERNET\" />","type":"custom-code-block-markup","depth":0,"inlineStyleRanges":[],"entityRanges":[],"data":{}},{"key":"3gpu","text":"","type":"unstyled","depth":0,"inlineStyleRanges":[],"entityRanges":[],"data":{}},{"key":"75vo2","text":"2. in the AndroidManifest set ClearText to true in the manifest , and also write a config file to be used in the manifest file.","type":"unstyled","depth":0,"inlineStyleRanges":[{"offset":10,"length":15,"style":"INLINECODE"}],"entityRanges":[],"data":{}},{"key":"dmc1r","text":"<application","type":"custom-code-block-markup","depth":0,"inlineStyleRanges":[],"entityRanges":[],"data":{}},{"key":"8sos3","text":"    android:networkSecurityConfig=\"@xml/network_security_config\"","type":"custom-code-block-markup","depth":0,"inlineStyleRanges":[],"entityRanges":[],"data":{}},{"key":"6qoiu","text":"    android:usesCleartextTraffic=\"true\"","type":"custom-code-block-markup","depth":0,"inlineStyleRanges":[],"entityRanges":[],"data":{}},{"key":"6orko","text":"and when we create a resource file for SecurityConfig , in that file we write  :","type":"blockquote","depth":0,"inlineStyleRanges":[{"offset":21,"length":8,"style":"INLINECODE"}],"entityRanges":[],"data":{}},{"key":"b1vbc","text":"<?xml version=\"1.0\" encoding=\"utf-8\"?>","type":"custom-code-block-markup","depth":0,"inlineStyleRanges":[],"entityRanges":[],"data":{}},{"key":"32m8f","text":"<network-security-config>","type":"custom-code-block-markup","depth":0,"inlineStyleRanges":[],"entityRanges":[],"data":{}},{"key":"2ilbq","text":"    <base-config cleartextTrafficPermitted=\"true\">","type":"custom-code-block-markup","depth":0,"inlineStyleRanges":[],"entityRanges":[],"data":{}},{"key":"8eg8i","text":"        <trust-anchors>","type":"custom-code-block-markup","depth":0,"inlineStyleRanges":[],"entityRanges":[],"data":{}},{"key":"68si7","text":"            <certificates src=\"system\" />","type":"custom-code-block-markup","depth":0,"inlineStyleRanges":[],"entityRanges":[],"data":{}},{"key":"1fik3","text":"        </trust-anchors>","type":"custom-code-block-markup","depth":0,"inlineStyleRanges":[],"entityRanges":[],"data":{}},{"key":"38qj7","text":"    </base-config>","type":"custom-code-block-markup","depth":0,"inlineStyleRanges":[],"entityRanges":[],"data":{}},{"key":"b9ojr","text":"</network-security-config>","type":"custom-code-block-markup","depth":0,"inlineStyleRanges":[],"entityRanges":[],"data":{}},{"key":"1utke","text":"also remember the settings Http Proxy dosn't use any custom proxy , when AVD is launching","type":"blockquote","depth":0,"inlineStyleRanges":[{"offset":27,"length":10,"style":"INLINECODE"},{"offset":73,"length":3,"style":"INLINECODE"}],"entityRanges":[],"data":{}},{"key":"9p9e1","text":"","type":"unstyled","depth":0,"inlineStyleRanges":[],"entityRanges":[],"data":{}},{"key":"8peer","text":"","type":"divider","depth":0,"inlineStyleRanges":[],"entityRanges":[],"data":{}},{"key":"2bob5","text":"","type":"unstyled","depth":0,"inlineStyleRanges":[],"entityRanges":[],"data":{}},{"key":"88aa5","text":"Writing Code For HttpUrlConnection","type":"header-two","depth":0,"inlineStyleRanges":[],"entityRanges":[],"data":{}},{"key":"1fq28","text":"","type":"unstyled","depth":0,"inlineStyleRanges":[],"entityRanges":[],"data":{}},{"key":"erlsc","text":"we can use 3 approach .","type":"blockquote","depth":0,"inlineStyleRanges":[{"offset":11,"length":1,"style":"INLINECODE"}],"entityRanges":[],"data":{}},{"key":"6hq5g","text":"using AsynkTask<String,String,String> wich is a background thread","type":"unordered-list-item","depth":0,"inlineStyleRanges":[{"offset":6,"length":31,"style":"INLINECODE"},{"offset":48,"length":17,"style":"INLINECODE"}],"entityRanges":[],"data":{}},{"key":"94sg5","text":"using AsynkTaskLoader","type":"unordered-list-item","depth":0,"inlineStyleRanges":[{"offset":6,"length":15,"style":"INLINECODE"}],"entityRanges":[],"data":{}},{"key":"ehh8s","text":"using IntentService , this option is better , as it won't stop if user changes the device direction , wich makes onResume fire again","type":"unordered-list-item","depth":0,"inlineStyleRanges":[{"offset":6,"length":13,"style":"INLINECODE"},{"offset":113,"length":8,"style":"INLINECODE"}],"entityRanges":[],"data":{}},{"key":"7ltjc","text":"","type":"unstyled","depth":0,"inlineStyleRanges":[],"entityRanges":[],"data":{}},{"key":"5vo1b","text":"Using IntentService :","type":"header-three","depth":0,"inlineStyleRanges":[{"offset":6,"length":13,"style":"INLINECODE"}],"entityRanges":[],"data":{}},{"key":"3aa34","text":"as you now intent is a message object in android , with IntentService we can run a background thread easily .","type":"blockquote","depth":0,"inlineStyleRanges":[{"offset":11,"length":6,"style":"INLINECODE"},{"offset":56,"length":13,"style":"INLINECODE"},{"offset":83,"length":17,"style":"INLINECODE"}],"entityRanges":[],"data":{}},{"key":"9ec4u","text":"first we need to create a class wich extends the IntentService","type":"ordered-list-item","depth":0,"inlineStyleRanges":[{"offset":26,"length":5,"style":"INLINECODE"},{"offset":37,"length":7,"style":"INLINECODE"},{"offset":49,"length":13,"style":"INLINECODE"}],"entityRanges":[],"data":{}},{"key":"gn6m","text":"then in the MainActivity we call that IntentService class .","type":"ordered-list-item","depth":0,"inlineStyleRanges":[{"offset":12,"length":12,"style":"INLINECODE"}],"entityRanges":[],"data":{}},{"key":"9k246","text":"we also need to write a BroadCastReciever , eather in its own class or in the MainActivity wich is luanching it","type":"ordered-list-item","depth":0,"inlineStyleRanges":[{"offset":24,"length":17,"style":"INLINECODE"},{"offset":62,"length":5,"style":"INLINECODE"}],"entityRanges":[],"data":{}},{"key":"44s2v","text":"and in the IntentService class , we handle the request in its onHandleIntent method . we also define its constructor","type":"ordered-list-item","depth":0,"inlineStyleRanges":[{"offset":11,"length":13,"style":"INLINECODE"},{"offset":62,"length":14,"style":"INLINECODE"},{"offset":105,"length":11,"style":"INLINECODE"}],"entityRanges":[],"data":{}},{"key":"89u68","text":"here is the code in the launcher activity","type":"blockquote","depth":0,"inlineStyleRanges":[{"offset":24,"length":17,"style":"INLINECODE"}],"entityRanges":[],"data":{}},{"key":"2ea48","text":"public class MainActivity extends AppCompatActivity {","type":"custom-code-block-java","depth":0,"inlineStyleRanges":[],"entityRanges":[],"data":{}},{"key":"2j6f3","text":"    ArashBroadCastReciever broadCastReciever = new ArashBroadCastReciever();","type":"custom-code-block-java","depth":0,"inlineStyleRanges":[],"entityRanges":[],"data":{}},{"key":"4ljbf","text":"    ","type":"custom-code-block-java","depth":0,"inlineStyleRanges":[],"entityRanges":[],"data":{}},{"key":"a5jm7","text":"    public void onCreate() {","type":"custom-code-block-java","depth":0,"inlineStyleRanges":[],"entityRanges":[],"data":{}},{"key":"5ui3u","text":"            LocalBroadcastManager.getInstance(getActivity())","type":"custom-code-block-java","depth":0,"inlineStyleRanges":[],"entityRanges":[],"data":{}},{"key":"dt5iq","text":"            .registerReceiver(broadCastReciever, new IntentFilter(\"Intent_Filter_Name\"));","type":"custom-code-block-java","depth":0,"inlineStyleRanges":[],"entityRanges":[],"data":{}},{"key":"gn4v","text":"    }","type":"custom-code-block-java","depth":0,"inlineStyleRanges":[],"entityRanges":[],"data":{}},{"key":"e92jn","text":"}","type":"custom-code-block-java","depth":0,"inlineStyleRanges":[],"entityRanges":[],"data":{}},{"key":"frcnd","text":"","type":"custom-code-block-java","depth":0,"inlineStyleRanges":[],"entityRanges":[],"data":{}},{"key":"6maaq","text":"public void onButtonClick() {","type":"custom-code-block-java","depth":0,"inlineStyleRanges":[],"entityRanges":[],"data":{}},{"key":"7lh0k","text":"            Intent intent = new Intent(getActivity(), LoginService.class);","type":"custom-code-block-java","depth":0,"inlineStyleRanges":[],"entityRanges":[],"data":{}},{"key":"4h66o","text":"            intent.putExtra(\"any_information_youWant\", usernameAndPassword);","type":"custom-code-block-java","depth":0,"inlineStyleRanges":[],"entityRanges":[],"data":{}},{"key":"dk94","text":"            startService(intent);","type":"custom-code-block-java","depth":0,"inlineStyleRanges":[],"entityRanges":[],"data":{}},{"key":"cualq","text":"}","type":"custom-code-block-java","depth":0,"inlineStyleRanges":[],"entityRanges":[],"data":{}},{"key":"7if1b","text":"","type":"unstyled","depth":0,"inlineStyleRanges":[],"entityRanges":[],"data":{}},{"key":"4unin","text":"we get results in our BroadCastReciever , and thats why we registered it in the MainActivity Above","type":"blockquote","depth":0,"inlineStyleRanges":[{"offset":22,"length":17,"style":"INLINECODE"}],"entityRanges":[],"data":{}},{"key":"bk7rn","text":"Now we define our custom BroadCastReciever class , pay attention you can use Handler if you want to access something in the MainActivity","type":"blockquote","depth":0,"inlineStyleRanges":[{"offset":25,"length":17,"style":"INLINECODE"},{"offset":77,"length":7,"style":"INLINECODE"},{"offset":124,"length":12,"style":"INLINECODE"}],"entityRanges":[],"data":{}},{"key":"6qfcq","text":"public class MyBroadCastReciever extends BroadcastReceiver {","type":"custom-code-block-java","depth":0,"inlineStyleRanges":[],"entityRanges":[],"data":{}},{"key":"aeqti","text":"","type":"custom-code-block-java","depth":0,"inlineStyleRanges":[],"entityRanges":[],"data":{}},{"key":"2fpss","text":"    public void onReceive(final Context context, final Intent intent) {","type":"custom-code-block-java","depth":0,"inlineStyleRanges":[],"entityRanges":[],"data":{}},{"key":"4ip9f","text":"        new Handler(Looper.getMainLooper()).post(new Runnable() {","type":"custom-code-block-java","depth":0,"inlineStyleRanges":[],"entityRanges":[],"data":{}},{"key":"cacld","text":"            @Override","type":"custom-code-block-java","depth":0,"inlineStyleRanges":[],"entityRanges":[],"data":{}},{"key":"6nrdt","text":"            public void run() {","type":"custom-code-block-java","depth":0,"inlineStyleRanges":[],"entityRanges":[],"data":{}},{"key":"er3gv","text":"                if (intent.hasExtra(\"error\")) {","type":"custom-code-block-java","depth":0,"inlineStyleRanges":[],"entityRanges":[],"data":{}},{"key":"o89a","text":"                    String errorMessage = intent.getStringExtra(\"error\");","type":"custom-code-block-java","depth":0,"inlineStyleRanges":[],"entityRanges":[],"data":{}},{"key":"7k2k4","text":"                    Toast.makeText(context.getApplicationContext(), errorMessage, Toast.LENGTH_LONG).show();","type":"custom-code-block-java","depth":0,"inlineStyleRanges":[],"entityRanges":[],"data":{}},{"key":"cs7up","text":"                } else {","type":"custom-code-block-java","depth":0,"inlineStyleRanges":[],"entityRanges":[],"data":{}},{"key":"29cb7","text":"                    Intent intentOne = new Intent(context, UserMainPage.class);","type":"custom-code-block-java","depth":0,"inlineStyleRanges":[],"entityRanges":[],"data":{}},{"key":"97hvh","text":"                    intentOne.putExtra(\"object\",intent.getParcelableExtra(\"object\"));","type":"custom-code-block-java","depth":0,"inlineStyleRanges":[],"entityRanges":[],"data":{}},{"key":"3dq8e","text":"                    intentOne.setFlags(Intent.FLAG_ACTIVITY_NEW_TASK);","type":"custom-code-block-java","depth":0,"inlineStyleRanges":[],"entityRanges":[],"data":{}},{"key":"5nla9","text":"                    context.startActivity(intentOne);","type":"custom-code-block-java","depth":0,"inlineStyleRanges":[],"entityRanges":[],"data":{}},{"key":"fqd08","text":"                }","type":"custom-code-block-java","depth":0,"inlineStyleRanges":[],"entityRanges":[],"data":{}},{"key":"bb90r","text":"            }","type":"custom-code-block-java","depth":0,"inlineStyleRanges":[],"entityRanges":[],"data":{}},{"key":"3ampe","text":"        });","type":"custom-code-block-java","depth":0,"inlineStyleRanges":[],"entityRanges":[],"data":{}},{"key":"cq65u","text":"    }","type":"custom-code-block-java","depth":0,"inlineStyleRanges":[],"entityRanges":[],"data":{}},{"key":"676ft","text":"}","type":"custom-code-block-java","depth":0,"inlineStyleRanges":[],"entityRanges":[],"data":{}},{"key":"bd6up","text":"","type":"unstyled","depth":0,"inlineStyleRanges":[],"entityRanges":[],"data":{}},{"key":"e7egj","text":"","type":"unstyled","depth":0,"inlineStyleRanges":[],"entityRanges":[],"data":{}},{"key":"530i7","text":"","type":"unstyled","depth":0,"inlineStyleRanges":[],"entityRanges":[],"data":{}},{"key":"dij6p","text":"and now in the IntentService class","type":"blockquote","depth":0,"inlineStyleRanges":[{"offset":15,"length":19,"style":"INLINECODE"}],"entityRanges":[],"data":{}},{"key":"3gaj9","text":"public class LoginService extends IntentService {","type":"custom-code-block-java","depth":0,"inlineStyleRanges":[],"entityRanges":[],"data":{}},{"key":"e41ht","text":"     ","type":"custom-code-block-java","depth":0,"inlineStyleRanges":[],"entityRanges":[],"data":{}},{"key":"anvsk","text":"     public LoginService() { super(\"LoginService\"); }","type":"custom-code-block-java","depth":0,"inlineStyleRanges":[],"entityRanges":[],"data":{}},{"key":"5guhi","text":"     ","type":"custom-code-block-java","depth":0,"inlineStyleRanges":[],"entityRanges":[],"data":{}},{"key":"i8pk","text":"     protected void onHandleIntent(Intent intent) {","type":"custom-code-block-java","depth":0,"inlineStyleRanges":[],"entityRanges":[],"data":{}},{"key":"6srea","text":"         String info = intent.getExtra(\"any_information_youPassed\");","type":"custom-code-block-java","depth":0,"inlineStyleRanges":[],"entityRanges":[],"data":{}},{"key":"6chu1","text":"        // do whatever you want , like making a connection with HttpUrlConnection","type":"custom-code-block-java","depth":0,"inlineStyleRanges":[{"offset":64,"length":17,"style":"INLINECODE"}],"entityRanges":[],"data":{}},{"key":"cfhic","text":"        // wich i would explain later in this chapter","type":"custom-code-block-java","depth":0,"inlineStyleRanges":[],"entityRanges":[],"data":{}},{"key":"8qoal","text":"        // then","type":"custom-code-block-java","depth":0,"inlineStyleRanges":[],"entityRanges":[],"data":{}},{"key":"dvq5","text":"        Intent resultIntent = new Intent(\"Intent_Filter_Name\");","type":"custom-code-block-java","depth":0,"inlineStyleRanges":[],"entityRanges":[],"data":{}},{"key":"ff3fn","text":"        LocalBroadcastManager.getInstance(getApplicationContext()).sendBroadcast(resultIntent);","type":"custom-code-block-java","depth":0,"inlineStyleRanges":[],"entityRanges":[],"data":{}},{"key":"9gtfq","text":"     }","type":"custom-code-block-java","depth":0,"inlineStyleRanges":[],"entityRanges":[],"data":{}},{"key":"1srun","text":"     ","type":"custom-code-block-java","depth":0,"inlineStyleRanges":[],"entityRanges":[],"data":{}},{"key":"q50s","text":"}","type":"custom-code-block-java","depth":0,"inlineStyleRanges":[],"entityRanges":[],"data":{}},{"key":"20fhu","text":"","type":"unstyled","depth":0,"inlineStyleRanges":[],"entityRanges":[],"data":{}},{"key":"ftape","text":"","type":"unstyled","depth":0,"inlineStyleRanges":[],"entityRanges":[],"data":{}},{"key":"3hb26","text":"","type":"divider","depth":0,"inlineStyleRanges":[],"entityRanges":[],"data":{}},{"key":"95g67","text":"Using HttpUrlConnection","type":"header-one","depth":0,"inlineStyleRanges":[],"entityRanges":[],"data":{}},{"key":"brdmv","text":"// for example in the onHandleIntent function above , we can write :","type":"custom-code-block-java","depth":0,"inlineStyleRanges":[{"offset":22,"length":14,"style":"INLINECODE"},{"offset":46,"length":5,"style":"INLINECODE"}],"entityRanges":[],"data":{}},{"key":"3gi0r","text":"public static String registerUser(String name,String family,String email,String username,String password,String image,String url) {","type":"custom-code-block-java","depth":0,"inlineStyleRanges":[],"entityRanges":[],"data":{}},{"key":"78jb8","text":"        try {","type":"custom-code-block-java","depth":0,"inlineStyleRanges":[],"entityRanges":[],"data":{}},{"key":"7ul0b","text":"            URL connectionUrl = new URL(url);","type":"custom-code-block-java","depth":0,"inlineStyleRanges":[],"entityRanges":[],"data":{}},{"key":"1lbvt","text":"            HttpURLConnection conn = (HttpURLConnection)connectionUrl.openConnection();","type":"custom-code-block-java","depth":0,"inlineStyleRanges":[],"entityRanges":[],"data":{}},{"key":"7oujt","text":"            conn.setRequestMethod(\"POST\");","type":"custom-code-block-java","depth":0,"inlineStyleRanges":[],"entityRanges":[],"data":{}},{"key":"9co7b","text":"            conn.setDoOutput(true);","type":"custom-code-block-java","depth":0,"inlineStyleRanges":[],"entityRanges":[],"data":{}},{"key":"6b95i","text":"            conn.setDoInput(true);","type":"custom-code-block-java","depth":0,"inlineStyleRanges":[],"entityRanges":[],"data":{}},{"key":"8p0hk","text":"            OutputStream outputStream = conn.getOutputStream();","type":"custom-code-block-java","depth":0,"inlineStyleRanges":[],"entityRanges":[],"data":{}},{"key":"57sb6","text":"            BufferedWriter bufferedWriter = new BufferedWriter(new OutputStreamWriter(outputStream,\"UTF-8\"));","type":"custom-code-block-java","depth":0,"inlineStyleRanges":[],"entityRanges":[],"data":{}},{"key":"7bd28","text":"            String post_data =","type":"custom-code-block-java","depth":0,"inlineStyleRanges":[],"entityRanges":[],"data":{}},{"key":"8besq","text":"","type":"custom-code-block-java","depth":0,"inlineStyleRanges":[],"entityRanges":[],"data":{}},{"key":"d6qve","text":"                    URLEncoder.encode(\"username\",\"UTF-8\") + \"=\" +","type":"custom-code-block-java","depth":0,"inlineStyleRanges":[],"entityRanges":[],"data":{}},{"key":"5e68s","text":"                    URLEncoder.encode(username,\"UTF-8\") + \"&\" +","type":"custom-code-block-java","depth":0,"inlineStyleRanges":[],"entityRanges":[],"data":{}},{"key":"49gul","text":"                    URLEncoder.encode(\"password\",\"UTF-8\") + \"=\" +","type":"custom-code-block-java","depth":0,"inlineStyleRanges":[],"entityRanges":[],"data":{}},{"key":"25nln","text":"                    URLEncoder.encode(password,\"UTF-8\")","type":"custom-code-block-java","depth":0,"inlineStyleRanges":[],"entityRanges":[],"data":{}},{"key":"43dam","text":"                    + \"&\" +","type":"custom-code-block-java","depth":0,"inlineStyleRanges":[],"entityRanges":[],"data":{}},{"key":"b2bu2","text":"                    URLEncoder.encode(\"name\",\"UTF-8\") + \"=\" +","type":"custom-code-block-java","depth":0,"inlineStyleRanges":[],"entityRanges":[],"data":{}},{"key":"2p738","text":"                    URLEncoder.encode(name,\"UTF-8\")","type":"custom-code-block-java","depth":0,"inlineStyleRanges":[],"entityRanges":[],"data":{}},{"key":"4j350","text":"                    + \"&\" +","type":"custom-code-block-java","depth":0,"inlineStyleRanges":[],"entityRanges":[],"data":{}},{"key":"279va","text":"                    URLEncoder.encode(\"family\",\"UTF-8\") + \"=\" +","type":"custom-code-block-java","depth":0,"inlineStyleRanges":[],"entityRanges":[],"data":{}},{"key":"920s","text":"                    URLEncoder.encode(family,\"UTF-8\")","type":"custom-code-block-java","depth":0,"inlineStyleRanges":[],"entityRanges":[],"data":{}},{"key":"4dj8b","text":"                    + \"&\" +","type":"custom-code-block-java","depth":0,"inlineStyleRanges":[],"entityRanges":[],"data":{}},{"key":"5ia4i","text":"                    URLEncoder.encode(\"email\",\"UTF-8\") + \"=\" +","type":"custom-code-block-java","depth":0,"inlineStyleRanges":[],"entityRanges":[],"data":{}},{"key":"3hdh2","text":"                    URLEncoder.encode(email,\"UTF-8\")","type":"custom-code-block-java","depth":0,"inlineStyleRanges":[],"entityRanges":[],"data":{}},{"key":"a8sht","text":"                    + \"&\" +","type":"custom-code-block-java","depth":0,"inlineStyleRanges":[],"entityRanges":[],"data":{}},{"key":"5lc77","text":"                    URLEncoder.encode(\"image\",\"UTF-8\") + \"=\" +","type":"custom-code-block-java","depth":0,"inlineStyleRanges":[],"entityRanges":[],"data":{}},{"key":"e6kfa","text":"                    URLEncoder.encode(image,\"UTF-8\");","type":"custom-code-block-java","depth":0,"inlineStyleRanges":[],"entityRanges":[],"data":{}},{"key":"7td4v","text":"","type":"custom-code-block-java","depth":0,"inlineStyleRanges":[],"entityRanges":[],"data":{}},{"key":"5f3uq","text":"            bufferedWriter.write(post_data);","type":"custom-code-block-java","depth":0,"inlineStyleRanges":[],"entityRanges":[],"data":{}},{"key":"f15qh","text":"            bufferedWriter.flush();bufferedWriter.close();outputStream.close();","type":"custom-code-block-java","depth":0,"inlineStyleRanges":[],"entityRanges":[],"data":{}},{"key":"f2qcc","text":"            InputStream inputStream = conn.getInputStream();","type":"custom-code-block-java","depth":0,"inlineStyleRanges":[],"entityRanges":[],"data":{}},{"key":"63m36","text":"            BufferedReader bufferedReader = new BufferedReader(new InputStreamReader(inputStream,\"UTF-8\"));","type":"custom-code-block-java","depth":0,"inlineStyleRanges":[],"entityRanges":[],"data":{}},{"key":"datja","text":"            String line;String result = \"\";","type":"custom-code-block-java","depth":0,"inlineStyleRanges":[],"entityRanges":[],"data":{}},{"key":"6hm13","text":"            while((line = bufferedReader.readLine()) != null) {","type":"custom-code-block-java","depth":0,"inlineStyleRanges":[],"entityRanges":[],"data":{}},{"key":"7o4sh","text":"                result += line;","type":"custom-code-block-java","depth":0,"inlineStyleRanges":[],"entityRanges":[],"data":{}},{"key":"7606p","text":"            }","type":"custom-code-block-java","depth":0,"inlineStyleRanges":[],"entityRanges":[],"data":{}},{"key":"ec93j","text":"            bufferedReader.close();inputStream.close();conn.disconnect();","type":"custom-code-block-java","depth":0,"inlineStyleRanges":[],"entityRanges":[],"data":{}},{"key":"bq9c7","text":"            return result;","type":"custom-code-block-java","depth":0,"inlineStyleRanges":[],"entityRanges":[],"data":{}},{"key":"coq4o","text":"","type":"custom-code-block-java","depth":0,"inlineStyleRanges":[],"entityRanges":[],"data":{}},{"key":"f6dgv","text":"        } catch (IOException e) {","type":"custom-code-block-java","depth":0,"inlineStyleRanges":[],"entityRanges":[],"data":{}},{"key":"3kvrr","text":"            e.printStackTrace();","type":"custom-code-block-java","depth":0,"inlineStyleRanges":[],"entityRanges":[],"data":{}},{"key":"brc22","text":"        }","type":"custom-code-block-java","depth":0,"inlineStyleRanges":[],"entityRanges":[],"data":{}},{"key":"lcr8","text":"        return \"Seems like it didn't finished its job\";","type":"custom-code-block-java","depth":0,"inlineStyleRanges":[],"entityRanges":[],"data":{}},{"key":"ao3v4","text":"}","type":"custom-code-block-java","depth":0,"inlineStyleRanges":[],"entityRanges":[],"data":{}},{"key":"1f7g2","text":"","type":"unstyled","depth":0,"inlineStyleRanges":[],"entityRanges":[],"data":{}},{"key":"fbatp","text":"","type":"divider","depth":0,"inlineStyleRanges":[],"entityRanges":[],"data":{}},{"key":"1no1i","text":"","type":"unstyled","depth":0,"inlineStyleRanges":[],"entityRanges":[],"data":{}},{"key":"9ej7l","text":"Using Json_encode to pass data From Php","type":"header-two","depth":0,"inlineStyleRanges":[{"offset":6,"length":11,"style":"INLINECODE"},{"offset":36,"length":3,"style":"INLINECODE"}],"entityRanges":[],"data":{}},{"key":"1kd6d","text":"in above example we only send some data , but when we want to get it , we send it with Json Array and we get it as JSONObject in android","type":"blockquote","depth":0,"inlineStyleRanges":[{"offset":3,"length":5,"style":"INLINECODE"},{"offset":87,"length":10,"style":"INLINECODE"},{"offset":115,"length":10,"style":"INLINECODE"}],"entityRanges":[],"data":{}},{"key":"e9rf","text":"bellow is php code for sending just one user :","type":"blockquote","depth":0,"inlineStyleRanges":[{"offset":10,"length":8,"style":"INLINECODE"}],"entityRanges":[],"data":{}},{"key":"7a39a","text":"","type":"unstyled","depth":0,"inlineStyleRanges":[],"entityRanges":[],"data":{}},{"key":"ea999","text":"Look How We echo data with Jsone_encode($data)","type":"header-three","depth":0,"inlineStyleRanges":[{"offset":27,"length":19,"style":"INLINECODE"}],"entityRanges":[],"data":{}},{"key":"7q0av","text":"<?php","type":"custom-code-block-php","depth":0,"inlineStyleRanges":[],"entityRanges":[],"data":{}},{"key":"3v1ke","text":"require 'conn.php';","type":"custom-code-block-php","depth":0,"inlineStyleRanges":[],"entityRanges":[],"data":{}},{"key":"61te8","text":"header('Content-type: application-json');","type":"custom-code-block-php","depth":0,"inlineStyleRanges":[],"entityRanges":[],"data":{}},{"key":"e441b","text":"if(isset($_POST[\"username\"]) && isset($_POST[\"password\"])) {","type":"custom-code-block-php","depth":0,"inlineStyleRanges":[],"entityRanges":[],"data":{}},{"key":"n1us","text":"    $user_name = $_POST[\"username\"];","type":"custom-code-block-php","depth":0,"inlineStyleRanges":[],"entityRanges":[],"data":{}},{"key":"cm946","text":"    $user_pass = $_POST[\"password\"];","type":"custom-code-block-php","depth":0,"inlineStyleRanges":[],"entityRanges":[],"data":{}},{"key":"7ufld","text":"    $base64Image = null;","type":"custom-code-block-php","depth":0,"inlineStyleRanges":[],"entityRanges":[],"data":{}},{"key":"drj6d","text":"    $user_id = null;","type":"custom-code-block-php","depth":0,"inlineStyleRanges":[],"entityRanges":[],"data":{}},{"key":"5mo2m","text":"    $name=\"\";$family=\"\";$email=\"\";$image=\"\";","type":"custom-code-block-php","depth":0,"inlineStyleRanges":[],"entityRanges":[],"data":{}},{"key":"1hrdc","text":"","type":"custom-code-block-php","depth":0,"inlineStyleRanges":[],"entityRanges":[],"data":{}},{"key":"4lnhd","text":"        $queryOne = \"SELECT * FROM android_users WHERE username='$user_name'\";","type":"custom-code-block-php","depth":0,"inlineStyleRanges":[],"entityRanges":[],"data":{}},{"key":"7q8oj","text":"","type":"custom-code-block-php","depth":0,"inlineStyleRanges":[],"entityRanges":[],"data":{}},{"key":"vtfi","text":"        $conn->set_charset(\"utf8\");","type":"custom-code-block-php","depth":0,"inlineStyleRanges":[],"entityRanges":[],"data":{}},{"key":"a9hf5","text":"        if($conn->query($queryOne)) {","type":"custom-code-block-php","depth":0,"inlineStyleRanges":[],"entityRanges":[],"data":{}},{"key":"3ol77","text":"            $result = $conn->query($queryOne);","type":"custom-code-block-php","depth":0,"inlineStyleRanges":[],"entityRanges":[],"data":{}},{"key":"cobfe","text":"            if($result->num_rows > 0) {","type":"custom-code-block-php","depth":0,"inlineStyleRanges":[],"entityRanges":[],"data":{}},{"key":"bj216","text":"                $row = $result->fetch_assoc();","type":"custom-code-block-php","depth":0,"inlineStyleRanges":[],"entityRanges":[],"data":{}},{"key":"ioi5","text":"                $hashed_password = $row['password'];","type":"custom-code-block-php","depth":0,"inlineStyleRanges":[],"entityRanges":[],"data":{}},{"key":"9k61f","text":"                if(password_verify($user_pass,$hashed_password)) {","type":"custom-code-block-php","depth":0,"inlineStyleRanges":[],"entityRanges":[],"data":{}},{"key":"8rmnq","text":"                    $name = $row['name'];","type":"custom-code-block-php","depth":0,"inlineStyleRanges":[],"entityRanges":[],"data":{}},{"key":"90dp3","text":"                    $family = $row['family'];","type":"custom-code-block-php","depth":0,"inlineStyleRanges":[],"entityRanges":[],"data":{}},{"key":"4uq5n","text":"                    $email = $row['email'];","type":"custom-code-block-php","depth":0,"inlineStyleRanges":[],"entityRanges":[],"data":{}},{"key":"6n2e3","text":"                    $user_id = $row['id'];","type":"custom-code-block-php","depth":0,"inlineStyleRanges":[],"entityRanges":[],"data":{}},{"key":"2c2dh","text":"                    $queryTwo = \"SELECT user_image FROM android_users_images WHERE user_id = '$user_id'\";","type":"custom-code-block-php","depth":0,"inlineStyleRanges":[],"entityRanges":[],"data":{}},{"key":"9n9jt","text":"                    if($imagequeryresult = $conn->query($queryTwo)) {","type":"custom-code-block-php","depth":0,"inlineStyleRanges":[],"entityRanges":[],"data":{}},{"key":"c43vh","text":"                        $resultTwo = $imagequeryresult->fetch_assoc();","type":"custom-code-block-php","depth":0,"inlineStyleRanges":[],"entityRanges":[],"data":{}},{"key":"bdf3e","text":"                        $image = $resultTwo['user_image'];","type":"custom-code-block-php","depth":0,"inlineStyleRanges":[],"entityRanges":[],"data":{}},{"key":"c0n3l","text":"                        $JsonArrayImage = ['name' => $name,'family' => $family,'email' => $email,'image' => $image];","type":"custom-code-block-php","depth":0,"inlineStyleRanges":[],"entityRanges":[],"data":{}},{"key":"dqghq","text":"                        echo json_encode($JsonArrayImage);","type":"custom-code-block-php","depth":0,"inlineStyleRanges":[],"entityRanges":[],"data":{}},{"key":"6ilu","text":"                    } else {","type":"custom-code-block-php","depth":0,"inlineStyleRanges":[],"entityRanges":[],"data":{}},{"key":"3j1n3","text":"                        $JsonArray = ['name' => $name,'family' => $family,'email' => $email];","type":"custom-code-block-php","depth":0,"inlineStyleRanges":[],"entityRanges":[],"data":{}},{"key":"1vc7s","text":"                        echo json_encode($JsonArray);","type":"custom-code-block-php","depth":0,"inlineStyleRanges":[],"entityRanges":[],"data":{}},{"key":"frv6q","text":"                    }","type":"custom-code-block-php","depth":0,"inlineStyleRanges":[],"entityRanges":[],"data":{}},{"key":"9cpjc","text":"","type":"custom-code-block-php","depth":0,"inlineStyleRanges":[],"entityRanges":[],"data":{}},{"key":"lua6","text":"                } else {$JsonArray = ['name' => 'password mismatch'];echo json_encode($JsonArray);}","type":"custom-code-block-php","depth":0,"inlineStyleRanges":[],"entityRanges":[],"data":{}},{"key":"evcsn","text":"            } else {$JsonArray = ['name' => 'username mismatch'];echo json_encode($JsonArray);}","type":"custom-code-block-php","depth":0,"inlineStyleRanges":[],"entityRanges":[],"data":{}},{"key":"bohvc","text":"        } else {  $JsonArray = ['name' => 'query failed'];echo json_encode($JsonArray);}","type":"custom-code-block-php","depth":0,"inlineStyleRanges":[],"entityRanges":[],"data":{}},{"key":"fjb6o","text":"","type":"custom-code-block-php","depth":0,"inlineStyleRanges":[],"entityRanges":[],"data":{}},{"key":"5h19v","text":"} else {","type":"custom-code-block-php","depth":0,"inlineStyleRanges":[],"entityRanges":[],"data":{}},{"key":"4vt8k","text":"    $JsonArray = ['name' => 'No Input'];echo json_encode($JsonArray);","type":"custom-code-block-php","depth":0,"inlineStyleRanges":[],"entityRanges":[],"data":{}},{"key":"bchq2","text":"}","type":"custom-code-block-php","depth":0,"inlineStyleRanges":[],"entityRanges":[],"data":{}},{"key":"4t0e9","text":"","type":"unstyled","depth":0,"inlineStyleRanges":[],"entityRanges":[],"data":{}},{"key":"jmfe","text":"send select * from users , wich contains a lot of data , in Php we have :","type":"blockquote","depth":0,"inlineStyleRanges":[{"offset":5,"length":19,"style":"INLINECODE"},{"offset":60,"length":3,"style":"INLINECODE"}],"entityRanges":[],"data":{}},{"key":"1qvrr","text":"<?php require 'conn.php';","type":"custom-code-block-php","depth":0,"inlineStyleRanges":[],"entityRanges":[],"data":{}},{"key":"c03jj","text":"","type":"custom-code-block-php","depth":0,"inlineStyleRanges":[],"entityRanges":[],"data":{}},{"key":"970mm","text":"$conn->set_charset(\"utf8\");","type":"custom-code-block-php","depth":0,"inlineStyleRanges":[],"entityRanges":[],"data":{}},{"key":"25a6","text":"","type":"custom-code-block-php","depth":0,"inlineStyleRanges":[],"entityRanges":[],"data":{}},{"key":"ab4lj","text":"$query = \"SELECT android_users.username,android_users.password,android_users.name,android_users.family,android_users.email,android_users_images.user_image","type":"custom-code-block-php","depth":0,"inlineStyleRanges":[],"entityRanges":[],"data":{}},{"key":"sol3","text":" FROM android_users","type":"custom-code-block-php","depth":0,"inlineStyleRanges":[],"entityRanges":[],"data":{}},{"key":"b6gd7","text":" INNER JOIN android_users_images ON android_users.id = android_users_images.id\";","type":"custom-code-block-php","depth":0,"inlineStyleRanges":[],"entityRanges":[],"data":{}},{"key":"7vuun","text":" $queryTwo = \"SELECT * FROM android_users\";","type":"custom-code-block-php","depth":0,"inlineStyleRanges":[],"entityRanges":[],"data":{}},{"key":"avntu","text":"if($result = $conn->query($query)) {","type":"custom-code-block-php","depth":0,"inlineStyleRanges":[],"entityRanges":[],"data":{}},{"key":"9ilf6","text":"    while($post = $result->fetch_assoc()) {","type":"custom-code-block-php","depth":0,"inlineStyleRanges":[],"entityRanges":[],"data":{}},{"key":"cst7k","text":"        $posts[] = $post;","type":"custom-code-block-php","depth":0,"inlineStyleRanges":[],"entityRanges":[],"data":{}},{"key":"98sa6","text":"    }","type":"custom-code-block-php","depth":0,"inlineStyleRanges":[],"entityRanges":[],"data":{}},{"key":"bpnjn","text":"    header('Content-type: application-json');","type":"custom-code-block-php","depth":0,"inlineStyleRanges":[],"entityRanges":[],"data":{}},{"key":"6asqi","text":"    echo json_encode(array('posts' => $posts));","type":"custom-code-block-php","depth":0,"inlineStyleRanges":[],"entityRanges":[],"data":{}},{"key":"2i5dt","text":"}","type":"custom-code-block-php","depth":0,"inlineStyleRanges":[],"entityRanges":[],"data":{}},{"key":"7t9o8","text":"","type":"unstyled","depth":0,"inlineStyleRanges":[],"entityRanges":[],"data":{}},{"key":"fivmr","text":"and we get this bunch of users in android with :","type":"blockquote","depth":0,"inlineStyleRanges":[],"entityRanges":[],"data":{}},{"key":"5jp0l","text":"Look that we remove \"{\" character","type":"unstyled","depth":0,"inlineStyleRanges":[{"offset":0,"length":33,"style":"INLINECODE"}],"entityRanges":[],"data":{}},{"key":"2a76r","text":"while((line = bufferedReader.readLine()) != null) {","type":"custom-code-block-php","depth":0,"inlineStyleRanges":[],"entityRanges":[],"data":{}},{"key":"2l878","text":"                result += line;","type":"custom-code-block-php","depth":0,"inlineStyleRanges":[],"entityRanges":[],"data":{}},{"key":"d76rq","text":"            }","type":"custom-code-block-php","depth":0,"inlineStyleRanges":[],"entityRanges":[],"data":{}},{"key":"56tvr","text":"bufferedReader.close();inputStream.close();conn.disconnect();","type":"custom-code-block-php","depth":0,"inlineStyleRanges":[],"entityRanges":[],"data":{}},{"key":"4lk5d","text":"result = result.substring(result.indexOf(\"{\"));","type":"custom-code-block-php","depth":0,"inlineStyleRanges":[],"entityRanges":[],"data":{}},{"key":"er43f","text":"","type":"custom-code-block-php","depth":0,"inlineStyleRanges":[],"entityRanges":[],"data":{}},{"key":"422ve","text":"// and converting this String of result to json object , and if data is an array of datas fetched from database : like Select * from users","type":"custom-code-block-php","depth":0,"inlineStyleRanges":[{"offset":23,"length":6,"style":"INLINECODE"},{"offset":33,"length":6,"style":"INLINECODE"},{"offset":43,"length":11,"style":"INLINECODE"}],"entityRanges":[],"data":{}},{"key":"fs263","text":"JSONObject jsonObject = new JSONObject(result);","type":"custom-code-block-php","depth":0,"inlineStyleRanges":[],"entityRanges":[],"data":{}},{"key":"9plfa","text":"JSONArray jsonArray = jsonObject.getJSONArray(\"posts\");","type":"custom-code-block-php","depth":0,"inlineStyleRanges":[],"entityRanges":[],"data":{}},{"key":"balt5","text":"// and to populate an Object Model wich has a constructor to get JSONObject as its parameter and fill its properties","type":"custom-code-block-php","depth":0,"inlineStyleRanges":[],"entityRanges":[],"data":{}},{"key":"dog8","text":"// to populate that we have :","type":"custom-code-block-php","depth":0,"inlineStyleRanges":[],"entityRanges":[],"data":{}},{"key":"e2gp8","text":"List<UserObject> userObjectList = new ArrayList<>();","type":"custom-code-block-php","depth":0,"inlineStyleRanges":[],"entityRanges":[],"data":{}},{"key":"bh8uf","text":"for(int i=0;i<jsonArray.lenght();i++) {","type":"custom-code-block-php","depth":0,"inlineStyleRanges":[],"entityRanges":[],"data":{}},{"key":"f06v6","text":"   UserObject userObject = new UserObject(jsonArray.getJSONObject(i));","type":"custom-code-block-php","depth":0,"inlineStyleRanges":[],"entityRanges":[],"data":{}},{"key":"47tfo","text":"   userObjectList.add(userObject);","type":"custom-code-block-php","depth":0,"inlineStyleRanges":[],"entityRanges":[],"data":{}},{"key":"6rm5b","text":"}","type":"custom-code-block-php","depth":0,"inlineStyleRanges":[],"entityRanges":[],"data":{}},{"key":"91ted","text":"","type":"unstyled","depth":0,"inlineStyleRanges":[],"entityRanges":[],"data":{}},{"key":"egd1n","text":"getting data for a single object is the same , except we don't need to use JSONArray","type":"blockquote","depth":0,"inlineStyleRanges":[{"offset":75,"length":9,"style":"INLINECODE"}],"entityRanges":[],"data":{}},{"key":"1ilps","text":"while((line = bufferedReader.readLine()) != null) {","type":"custom-code-block-php","depth":0,"inlineStyleRanges":[],"entityRanges":[],"data":{}},{"key":"d1iiq","text":"                result += line;","type":"custom-code-block-php","depth":0,"inlineStyleRanges":[],"entityRanges":[],"data":{}},{"key":"nqqr","text":"            }","type":"custom-code-block-php","depth":0,"inlineStyleRanges":[],"entityRanges":[],"data":{}},{"key":"9ue6b","text":"bufferedReader.close();inputStream.close();conn.disconnect();","type":"custom-code-block-php","depth":0,"inlineStyleRanges":[],"entityRanges":[],"data":{}},{"key":"bgst8","text":"result = result.substring(result.indexOf(\"{\"));","type":"custom-code-block-php","depth":0,"inlineStyleRanges":[],"entityRanges":[],"data":{}},{"key":"s2h9","text":"// converting to json","type":"custom-code-block-php","depth":0,"inlineStyleRanges":[],"entityRanges":[],"data":{}},{"key":"4t3ss","text":"JSONObject jsonObject = new JSONObject(result);","type":"custom-code-block-php","depth":0,"inlineStyleRanges":[],"entityRanges":[],"data":{}},{"key":"65a7o","text":"","type":"unstyled","depth":0,"inlineStyleRanges":[],"entityRanges":[],"data":{}},{"key":"aage1","text":"","type":"unstyled","depth":0,"inlineStyleRanges":[],"entityRanges":[],"data":{}},{"key":"6s72s","text":"","type":"unstyled","depth":0,"inlineStyleRanges":[],"entityRanges":[],"data":{}},{"key":"8mgjg","text":"","type":"unstyled","depth":0,"inlineStyleRanges":[],"entityRanges":[],"data":{}},{"key":"v5j4","text":"","type":"unstyled","depth":0,"inlineStyleRanges":[],"entityRanges":[],"data":{}},{"key":"5o276","text":"","type":"unstyled","depth":0,"inlineStyleRanges":[],"entityRanges":[],"data":{}},{"key":"d9t4j","text":"","type":"unstyled","depth":0,"inlineStyleRanges":[],"entityRanges":[],"data":{}},{"key":"df4n9","text":"","type":"unstyled","depth":0,"inlineStyleRanges":[],"entityRanges":[],"data":{}},{"key":"a00sa","text":"","type":"unstyled","depth":0,"inlineStyleRanges":[],"entityRanges":[],"data":{}},{"key":"7b7ia","text":"","type":"unstyled","depth":0,"inlineStyleRanges":[],"entityRanges":[],"data":{}},{"key":"etaui","text":"","type":"unstyled","depth":0,"inlineStyleRanges":[],"entityRanges":[],"data":{}},{"key":"456vj","text":"","type":"unstyled","depth":0,"inlineStyleRanges":[],"entityRanges":[],"data":{}},{"key":"dnh7q","text":"","type":"unstyled","depth":0,"inlineStyleRanges":[],"entityRanges":[],"data":{}},{"key":"7n0mq","text":"","type":"unstyled","depth":0,"inlineStyleRanges":[],"entityRanges":[],"data":{}},{"key":"7s0ki","text":"","type":"unstyled","depth":0,"inlineStyleRanges":[],"entityRanges":[],"data":{}},{"key":"1al0j","text":"","type":"unstyled","depth":0,"inlineStyleRanges":[],"entityRanges":[],"data":{}},{"key":"2cp2h","text":"","type":"unstyled","depth":0,"inlineStyleRanges":[],"entityRanges":[],"data":{}},{"key":"8le1m","text":"","type":"unstyled","depth":0,"inlineStyleRanges":[],"entityRanges":[],"data":{}},{"key":"3d92v","text":"","type":"unstyled","depth":0,"inlineStyleRanges":[],"entityRanges":[],"data":{}},{"key":"59kd9","text":"","type":"unstyled","depth":0,"inlineStyleRanges":[],"entityRanges":[],"data":{}},{"key":"es10s","text":"","type":"header-three","depth":0,"inlineStyleRanges":[],"entityRanges":[],"data":{}}],"entityMap":{}},"tags":[]}