{"_id":"rJ1tIB7i4","title":"TabLayout","dateCreated":1556465270782,"lastAccessed":"2019-04-28T15:27:50.786Z","lastUpdated":"2019-05-26T19:27:41.904Z","notebookId":"HyZvKx1sN","body":{"blocks":[{"key":"ag6qs","text":"TabLayout","type":"header-one","depth":0,"inlineStyleRanges":[],"entityRanges":[],"data":{}},{"key":"14r07","text":"to create a TabLayout we have do Follow several steps","type":"blockquote","depth":0,"inlineStyleRanges":[{"offset":12,"length":9,"style":"INLINECODE"}],"entityRanges":[],"data":{}},{"key":"2ratq","text":"","type":"unstyled","depth":0,"inlineStyleRanges":[],"entityRanges":[],"data":{}},{"key":"6sqs9","text":"you have to implement implementation 'com.android.support:design:28.0.0' first","type":"unordered-list-item","depth":0,"inlineStyleRanges":[{"offset":22,"length":50,"style":"INLINECODE"}],"entityRanges":[],"data":{}},{"key":"ei6c","text":"then write TabLayout in the xml file of your activity wich you wish to use tablayout in it","type":"ordered-list-item","depth":0,"inlineStyleRanges":[{"offset":11,"length":9,"style":"INLINECODE"},{"offset":28,"length":3,"style":"INLINECODE"}],"entityRanges":[],"data":{}},{"key":"efq13","text":"if you want to have static TabItems , also write one , two , or several tabItems in that xml file of yours too","type":"ordered-list-item","depth":0,"inlineStyleRanges":[{"offset":27,"length":8,"style":"INLINECODE"},{"offset":72,"length":8,"style":"INLINECODE"},{"offset":89,"length":3,"style":"INLINECODE"}],"entityRanges":[],"data":{}},{"key":"foui3","text":"then you must create FragmentPagerAdapter . there are examples like testing project and others , or can learn from youtube","type":"ordered-list-item","depth":0,"inlineStyleRanges":[{"offset":21,"length":20,"style":"INLINECODE"},{"offset":68,"length":7,"style":"INLINECODE"}],"entityRanges":[],"data":{}},{"key":"2oako","text":"then if you want to create dynamic tabitems , you will need to create a List<Fragment> for Fragments and List<String> for TabItem titles .","type":"ordered-list-item","depth":0,"inlineStyleRanges":[{"offset":27,"length":16,"style":"INLINECODE"},{"offset":72,"length":14,"style":"INLINECODE"},{"offset":91,"length":9,"style":"INLINECODE"},{"offset":105,"length":12,"style":"INLINECODE"},{"offset":122,"length":7,"style":"INLINECODE"}],"entityRanges":[],"data":{}},{"key":"ah1h1","text":"the java code is like bellow :","type":"ordered-list-item","depth":0,"inlineStyleRanges":[{"offset":4,"length":4,"style":"INLINECODE"}],"entityRanges":[],"data":{}},{"key":"6om2","text":"notice this one is dynamic , so we don't have any TabItem defined in our XML file .","type":"blockquote","depth":0,"inlineStyleRanges":[{"offset":50,"length":7,"style":"INLINECODE"},{"offset":73,"length":3,"style":"INLINECODE"}],"entityRanges":[],"data":{}},{"key":"2ae3g","text":"<LinearLayout","type":"custom-code-block-markup","depth":0,"inlineStyleRanges":[],"entityRanges":[],"data":{}},{"key":"3vnim","text":"        android:id=\"@+id/linearContainer\"","type":"custom-code-block-markup","depth":0,"inlineStyleRanges":[],"entityRanges":[],"data":{}},{"key":"c88a9","text":"        android:orientation=\"vertical\"","type":"custom-code-block-markup","depth":0,"inlineStyleRanges":[],"entityRanges":[],"data":{}},{"key":"f2j6a","text":"        android:layout_width=\"match_parent\"","type":"custom-code-block-markup","depth":0,"inlineStyleRanges":[],"entityRanges":[],"data":{}},{"key":"ehdd4","text":"        android:layout_height=\"match_parent\">","type":"custom-code-block-markup","depth":0,"inlineStyleRanges":[],"entityRanges":[],"data":{}},{"key":"75den","text":"","type":"custom-code-block-markup","depth":0,"inlineStyleRanges":[],"entityRanges":[],"data":{}},{"key":"9hh2a","text":"        <android.support.v7.widget.Toolbar","type":"custom-code-block-markup","depth":0,"inlineStyleRanges":[],"entityRanges":[],"data":{}},{"key":"4i8j4","text":"            android:layout_width=\"match_parent\"","type":"custom-code-block-markup","depth":0,"inlineStyleRanges":[],"entityRanges":[],"data":{}},{"key":"4no6r","text":"            android:layout_height=\"?attr/actionBarSize\"","type":"custom-code-block-markup","depth":0,"inlineStyleRanges":[],"entityRanges":[],"data":{}},{"key":"6flfa","text":"            android:id=\"@+id/myToolbar\"","type":"custom-code-block-markup","depth":0,"inlineStyleRanges":[],"entityRanges":[],"data":{}},{"key":"f6p6e","text":"            tools:targetApi=\"lollipop\"","type":"custom-code-block-markup","depth":0,"inlineStyleRanges":[],"entityRanges":[],"data":{}},{"key":"913vp","text":"            android:elevation=\"5dp\"","type":"custom-code-block-markup","depth":0,"inlineStyleRanges":[],"entityRanges":[],"data":{}},{"key":"1veuk","text":"             />","type":"custom-code-block-markup","depth":0,"inlineStyleRanges":[],"entityRanges":[],"data":{}},{"key":"3edum","text":"","type":"custom-code-block-markup","depth":0,"inlineStyleRanges":[],"entityRanges":[],"data":{}},{"key":"d7d8i","text":"","type":"custom-code-block-markup","depth":0,"inlineStyleRanges":[],"entityRanges":[],"data":{}},{"key":"bjlv8","text":"        <android.support.design.widget.TabLayout","type":"custom-code-block-markup","depth":0,"inlineStyleRanges":[],"entityRanges":[],"data":{}},{"key":"bncu9","text":"            android:layout_width=\"match_parent\"","type":"custom-code-block-markup","depth":0,"inlineStyleRanges":[],"entityRanges":[],"data":{}},{"key":"b00qt","text":"            android:layout_height=\"wrap_content\"","type":"custom-code-block-markup","depth":0,"inlineStyleRanges":[],"entityRanges":[],"data":{}},{"key":"f355h","text":"            android:id=\"@+id/myTabLayout\" />","type":"custom-code-block-markup","depth":0,"inlineStyleRanges":[],"entityRanges":[],"data":{}},{"key":"ao2q4","text":"","type":"custom-code-block-markup","depth":0,"inlineStyleRanges":[],"entityRanges":[],"data":{}},{"key":"e5n9g","text":"        <android.support.v4.view.ViewPager","type":"custom-code-block-markup","depth":0,"inlineStyleRanges":[],"entityRanges":[],"data":{}},{"key":"7fncp","text":"            android:layout_width=\"match_parent\"","type":"custom-code-block-markup","depth":0,"inlineStyleRanges":[],"entityRanges":[],"data":{}},{"key":"3qb70","text":"            android:layout_height=\"wrap_content\"","type":"custom-code-block-markup","depth":0,"inlineStyleRanges":[],"entityRanges":[],"data":{}},{"key":"c8eos","text":"            android:id=\"@+id/myViewPager\"","type":"custom-code-block-markup","depth":0,"inlineStyleRanges":[],"entityRanges":[],"data":{}},{"key":"2js9t","text":"            />","type":"custom-code-block-markup","depth":0,"inlineStyleRanges":[],"entityRanges":[],"data":{}},{"key":"4nq2c","text":"","type":"custom-code-block-markup","depth":0,"inlineStyleRanges":[],"entityRanges":[],"data":{}},{"key":"8uahm","text":"    </LinearLayout>","type":"custom-code-block-markup","depth":0,"inlineStyleRanges":[],"entityRanges":[],"data":{}},{"key":"bribe","text":"and the java code is like :","type":"blockquote","depth":0,"inlineStyleRanges":[],"entityRanges":[],"data":{}},{"key":"51krm","text":"public class MainActivity extends AppCompatActivity {","type":"custom-code-block-java","depth":0,"inlineStyleRanges":[],"entityRanges":[],"data":{}},{"key":"3huso","text":"   protected void onCreate(Bundle savedInstanceState) {","type":"custom-code-block-java","depth":0,"inlineStyleRanges":[],"entityRanges":[],"data":{}},{"key":"fvg3u","text":"        super.onCreate(savedInstanceState);","type":"custom-code-block-java","depth":0,"inlineStyleRanges":[],"entityRanges":[],"data":{}},{"key":"8bus2","text":"        setContentView(R.layout.activity_main);","type":"custom-code-block-java","depth":0,"inlineStyleRanges":[],"entityRanges":[],"data":{}},{"key":"7cv2a","text":"        this.tabLayout = findViewById(R.id.myTabLayout);","type":"custom-code-block-java","depth":0,"inlineStyleRanges":[],"entityRanges":[],"data":{}},{"key":"c1kl2","text":"        this.viewPager = findViewById(R.id.myViewPager);","type":"custom-code-block-java","depth":0,"inlineStyleRanges":[],"entityRanges":[],"data":{}},{"key":"4g9ea","text":"        MyViewPagerAdapter Adapter = new MyViewPagerAdapter((getSupportFragmentManager()));","type":"custom-code-block-java","depth":0,"inlineStyleRanges":[],"entityRanges":[],"data":{}},{"key":"2orvn","text":"        Adapter.AddFragmentPage(new LoginFragment(),\"Login\");","type":"custom-code-block-java","depth":0,"inlineStyleRanges":[],"entityRanges":[],"data":{}},{"key":"8a651","text":"        Adapter.notifyDataSetChanged();","type":"custom-code-block-java","depth":0,"inlineStyleRanges":[],"entityRanges":[],"data":{}},{"key":"agl6f","text":"        tabLayout.setupWithViewPager(viewPager);","type":"custom-code-block-java","depth":0,"inlineStyleRanges":[],"entityRanges":[],"data":{}},{"key":"1qgkd","text":"        tabLayout.addOnTabSelectedListener(new TabLayout.OnTabSelectedListener(){","type":"custom-code-block-java","depth":0,"inlineStyleRanges":[],"entityRanges":[],"data":{}},{"key":"f8fok","text":"","type":"custom-code-block-java","depth":0,"inlineStyleRanges":[],"entityRanges":[],"data":{}},{"key":"3hahd","text":"            @Override","type":"custom-code-block-java","depth":0,"inlineStyleRanges":[],"entityRanges":[],"data":{}},{"key":"2oqe3","text":"            public void onTabSelected(TabLayout.Tab tab) {","type":"custom-code-block-java","depth":0,"inlineStyleRanges":[],"entityRanges":[],"data":{}},{"key":"6rs9u","text":"","type":"custom-code-block-java","depth":0,"inlineStyleRanges":[],"entityRanges":[],"data":{}},{"key":"ivu3","text":"            }","type":"custom-code-block-java","depth":0,"inlineStyleRanges":[],"entityRanges":[],"data":{}},{"key":"e7g3h","text":"","type":"custom-code-block-java","depth":0,"inlineStyleRanges":[],"entityRanges":[],"data":{}},{"key":"f3l4k","text":"            @Override","type":"custom-code-block-java","depth":0,"inlineStyleRanges":[],"entityRanges":[],"data":{}},{"key":"dfrs","text":"            public void onTabUnselected(TabLayout.Tab tab) {","type":"custom-code-block-java","depth":0,"inlineStyleRanges":[],"entityRanges":[],"data":{}},{"key":"41efr","text":"","type":"custom-code-block-java","depth":0,"inlineStyleRanges":[],"entityRanges":[],"data":{}},{"key":"2plba","text":"            }","type":"custom-code-block-java","depth":0,"inlineStyleRanges":[],"entityRanges":[],"data":{}},{"key":"5lg59","text":"","type":"custom-code-block-java","depth":0,"inlineStyleRanges":[],"entityRanges":[],"data":{}},{"key":"293db","text":"            @Override","type":"custom-code-block-java","depth":0,"inlineStyleRanges":[],"entityRanges":[],"data":{}},{"key":"nkoq","text":"            public void onTabReselected(TabLayout.Tab tab) {","type":"custom-code-block-java","depth":0,"inlineStyleRanges":[],"entityRanges":[],"data":{}},{"key":"1bejd","text":"","type":"custom-code-block-java","depth":0,"inlineStyleRanges":[],"entityRanges":[],"data":{}},{"key":"dl2o2","text":"            }","type":"custom-code-block-java","depth":0,"inlineStyleRanges":[],"entityRanges":[],"data":{}},{"key":"301g8","text":"        });","type":"custom-code-block-java","depth":0,"inlineStyleRanges":[],"entityRanges":[],"data":{}},{"key":"8v53u","text":"    }","type":"custom-code-block-java","depth":0,"inlineStyleRanges":[],"entityRanges":[],"data":{}},{"key":"gm7b","text":"}","type":"custom-code-block-java","depth":0,"inlineStyleRanges":[],"entityRanges":[],"data":{}},{"key":"fu6gf","text":"","type":"unstyled","depth":0,"inlineStyleRanges":[],"entityRanges":[],"data":{}},{"key":"cq620","text":"and this is the FragmentPagerAdapter that you need to define for your TabLayout","type":"blockquote","depth":0,"inlineStyleRanges":[{"offset":16,"length":20,"style":"INLINECODE"},{"offset":70,"length":9,"style":"INLINECODE"}],"entityRanges":[],"data":{}},{"key":"36nqm","text":"public class MyViewPagerAdapter extends FragmentPagerAdapter {","type":"custom-code-block-java","depth":0,"inlineStyleRanges":[],"entityRanges":[],"data":{}},{"key":"1338j","text":"","type":"custom-code-block-java","depth":0,"inlineStyleRanges":[],"entityRanges":[],"data":{}},{"key":"45elj","text":"        private MyViewPagerAdapter(FragmentManager manager) {","type":"custom-code-block-java","depth":0,"inlineStyleRanges":[],"entityRanges":[],"data":{}},{"key":"cur6k","text":"            super(manager);","type":"custom-code-block-java","depth":0,"inlineStyleRanges":[],"entityRanges":[],"data":{}},{"key":"7u56","text":"        }","type":"custom-code-block-java","depth":0,"inlineStyleRanges":[],"entityRanges":[],"data":{}},{"key":"d57e2","text":"","type":"custom-code-block-java","depth":0,"inlineStyleRanges":[],"entityRanges":[],"data":{}},{"key":"5r88t","text":"        private void AddFragmentPage(Fragment frag,String title) {","type":"custom-code-block-java","depth":0,"inlineStyleRanges":[],"entityRanges":[],"data":{}},{"key":"b8ioj","text":"            fragments.add(frag);","type":"custom-code-block-java","depth":0,"inlineStyleRanges":[],"entityRanges":[],"data":{}},{"key":"d0djs","text":"            fragmentsTitle.add(title);","type":"custom-code-block-java","depth":0,"inlineStyleRanges":[],"entityRanges":[],"data":{}},{"key":"106f2","text":"            MyViewPagerAdapter myViewPagerAdapter = new MyViewPagerAdapter(getSupportFragmentManager());","type":"custom-code-block-java","depth":0,"inlineStyleRanges":[],"entityRanges":[],"data":{}},{"key":"6h1q9","text":"            myViewPagerAdapter.notifyDataSetChanged();","type":"custom-code-block-java","depth":0,"inlineStyleRanges":[],"entityRanges":[],"data":{}},{"key":"7jn6c","text":"            viewPager.setAdapter(myViewPagerAdapter);","type":"custom-code-block-java","depth":0,"inlineStyleRanges":[],"entityRanges":[],"data":{}},{"key":"665eb","text":"        }","type":"custom-code-block-java","depth":0,"inlineStyleRanges":[],"entityRanges":[],"data":{}},{"key":"ggre","text":"","type":"custom-code-block-java","depth":0,"inlineStyleRanges":[],"entityRanges":[],"data":{}},{"key":"bbp1n","text":"        public Fragment getItem(int position) {","type":"custom-code-block-java","depth":0,"inlineStyleRanges":[],"entityRanges":[],"data":{}},{"key":"42i9e","text":"            return fragments.get(position);","type":"custom-code-block-java","depth":0,"inlineStyleRanges":[],"entityRanges":[],"data":{}},{"key":"e9a86","text":"        }","type":"custom-code-block-java","depth":0,"inlineStyleRanges":[],"entityRanges":[],"data":{}},{"key":"4v4dq","text":"","type":"custom-code-block-java","depth":0,"inlineStyleRanges":[],"entityRanges":[],"data":{}},{"key":"5m7v5","text":"        public CharSequence getPageTitle(int position) {","type":"custom-code-block-java","depth":0,"inlineStyleRanges":[],"entityRanges":[],"data":{}},{"key":"5oi24","text":"            return fragmentsTitle.get(position);","type":"custom-code-block-java","depth":0,"inlineStyleRanges":[],"entityRanges":[],"data":{}},{"key":"1leif","text":"        }","type":"custom-code-block-java","depth":0,"inlineStyleRanges":[],"entityRanges":[],"data":{}},{"key":"a5tf9","text":"","type":"custom-code-block-java","depth":0,"inlineStyleRanges":[],"entityRanges":[],"data":{}},{"key":"7qm6c","text":"        public int getCount() {","type":"custom-code-block-java","depth":0,"inlineStyleRanges":[],"entityRanges":[],"data":{}},{"key":"4o3gd","text":"            return fragments.size();","type":"custom-code-block-java","depth":0,"inlineStyleRanges":[],"entityRanges":[],"data":{}},{"key":"38c98","text":"        }","type":"custom-code-block-java","depth":0,"inlineStyleRanges":[],"entityRanges":[],"data":{}},{"key":"fhhij","text":"    }","type":"custom-code-block-java","depth":0,"inlineStyleRanges":[],"entityRanges":[],"data":{}},{"key":"25aod","text":"","type":"unstyled","depth":0,"inlineStyleRanges":[],"entityRanges":[],"data":{}},{"key":"dhpc","text":"and thats it , so : we create TabLayout and ViewPager in our xml file .","type":"blockquote","depth":0,"inlineStyleRanges":[{"offset":30,"length":9,"style":"INLINECODE"},{"offset":44,"length":9,"style":"INLINECODE"},{"offset":61,"length":3,"style":"INLINECODE"}],"entityRanges":[],"data":{}},{"key":"fpg3s","text":"we initialize the in MainActivivty or any activity wich they are in .","type":"blockquote","depth":0,"inlineStyleRanges":[{"offset":21,"length":13,"style":"INLINECODE"}],"entityRanges":[],"data":{}},{"key":"2gvqm","text":"","type":"unstyled","depth":0,"inlineStyleRanges":[],"entityRanges":[],"data":{}},{"key":"4r3a8","text":"NOTE : Look how we change the color of three elements","type":"blockquote","depth":0,"inlineStyleRanges":[{"offset":0,"length":7,"style":"BOLD"}],"entityRanges":[],"data":{}},{"key":"3n1ml","text":"toolbar.setBackgroundColor(ContextCompat.getColor(MainActivity.this,R.color.tab_signin));","type":"custom-code-block-java","depth":0,"inlineStyleRanges":[],"entityRanges":[],"data":{}},{"key":"d9v6u","text":"tabLayout.setBackgroundColor(ContextCompat.getColor(MainActivity.this,R.color.main_signin));","type":"custom-code-block-java","depth":0,"inlineStyleRanges":[],"entityRanges":[],"data":{}},{"key":"7v46","text":"if(Build.VERSION.SDK_INT >= Build.VERSION_CODES.LOLLIPOP) {","type":"custom-code-block-java","depth":0,"inlineStyleRanges":[],"entityRanges":[],"data":{}},{"key":"85gaf","text":"    getWindow().setStatusBarColor(ContextCompat.getColor(MainActivity.this,R.color.status_signin));","type":"custom-code-block-java","depth":0,"inlineStyleRanges":[],"entityRanges":[],"data":{}},{"key":"8ebnl","text":"}","type":"custom-code-block-java","depth":0,"inlineStyleRanges":[],"entityRanges":[],"data":{}},{"key":"f749h","text":"","type":"unstyled","depth":0,"inlineStyleRanges":[],"entityRanges":[],"data":{}},{"key":"8jp11","text":"","type":"unstyled","depth":0,"inlineStyleRanges":[],"entityRanges":[],"data":{}},{"key":"18k5r","text":"we can use it in addOnTabSelectedListenerin onTabSelected , so we can have different color for StatusBar , ToolBar , and Tabs rows .","type":"blockquote","depth":0,"inlineStyleRanges":[{"offset":17,"length":24,"style":"INLINECODE"},{"offset":44,"length":13,"style":"INLINECODE"},{"offset":95,"length":10,"style":"BOLD"},{"offset":107,"length":8,"style":"BOLD"},{"offset":121,"length":5,"style":"BOLD"}],"entityRanges":[],"data":{}},{"key":"2jc0s","text":"tabLayout.addOnTabSelectedListener(new TabLayout.OnTabSelectedListener(){","type":"custom-code-block-java","depth":0,"inlineStyleRanges":[],"entityRanges":[],"data":{}},{"key":"bm919","text":"","type":"custom-code-block-java","depth":0,"inlineStyleRanges":[],"entityRanges":[],"data":{}},{"key":"9eph0","text":"            @Override","type":"custom-code-block-java","depth":0,"inlineStyleRanges":[],"entityRanges":[],"data":{}},{"key":"2c6gd","text":"            public void onTabSelected(TabLayout.Tab tab) {","type":"custom-code-block-java","depth":0,"inlineStyleRanges":[],"entityRanges":[],"data":{}},{"key":"82aoo","text":"//                viewPager.setCurrentItem(tab.getPosition());","type":"custom-code-block-java","depth":0,"inlineStyleRanges":[],"entityRanges":[],"data":{}},{"key":"893oj","text":"                if(tab.getPosition() > 2) {","type":"custom-code-block-java","depth":0,"inlineStyleRanges":[],"entityRanges":[],"data":{}},{"key":"6s8k3","text":"                    tabposition_number = tab.getPosition();","type":"custom-code-block-java","depth":0,"inlineStyleRanges":[],"entityRanges":[],"data":{}},{"key":"3nv14","text":"                }","type":"custom-code-block-java","depth":0,"inlineStyleRanges":[],"entityRanges":[],"data":{}},{"key":"ddeil","text":"","type":"custom-code-block-java","depth":0,"inlineStyleRanges":[],"entityRanges":[],"data":{}},{"key":"3ic3h","text":"                if(tab.getPosition() == 0) {","type":"custom-code-block-java","depth":0,"inlineStyleRanges":[],"entityRanges":[],"data":{}},{"key":"27ns7","text":"                    toolbar.setTitle(\"ورود\");","type":"custom-code-block-java","depth":0,"inlineStyleRanges":[],"entityRanges":[],"data":{}},{"key":"27t5v","text":"                    toolbar.setBackgroundColor(ContextCompat.getColor(MainActivity.this,R.color.tab_signin));","type":"custom-code-block-java","depth":0,"inlineStyleRanges":[],"entityRanges":[],"data":{}},{"key":"9skj7","text":"                    tabLayout.setBackgroundColor(ContextCompat.getColor(MainActivity.this,R.color.main_signin));","type":"custom-code-block-java","depth":0,"inlineStyleRanges":[],"entityRanges":[],"data":{}},{"key":"1rdvl","text":"                    if(Build.VERSION.SDK_INT >= Build.VERSION_CODES.LOLLIPOP) {","type":"custom-code-block-java","depth":0,"inlineStyleRanges":[],"entityRanges":[],"data":{}},{"key":"acuj5","text":"                        getWindow().setStatusBarColor(ContextCompat.getColor(MainActivity.this,R.color.status_signin));","type":"custom-code-block-java","depth":0,"inlineStyleRanges":[],"entityRanges":[],"data":{}},{"key":"45hcp","text":"                    }","type":"custom-code-block-java","depth":0,"inlineStyleRanges":[],"entityRanges":[],"data":{}},{"key":"4akc5","text":"                }","type":"custom-code-block-java","depth":0,"inlineStyleRanges":[],"entityRanges":[],"data":{}},{"key":"4k2u5","text":"","type":"custom-code-block-java","depth":0,"inlineStyleRanges":[],"entityRanges":[],"data":{}},{"key":"dfdn2","text":"                if(tab.getPosition() == 1) {","type":"custom-code-block-java","depth":0,"inlineStyleRanges":[],"entityRanges":[],"data":{}},{"key":"beu5h","text":"                    toolbar.setTitle(\"ارتباطات\");","type":"custom-code-block-java","depth":0,"inlineStyleRanges":[],"entityRanges":[],"data":{}},{"key":"6m13d","text":"                    toolbar.setBackgroundColor(ContextCompat.getColor(MainActivity.this,R.color.tab_contacts));","type":"custom-code-block-java","depth":0,"inlineStyleRanges":[],"entityRanges":[],"data":{}},{"key":"36qb1","text":"                    tabLayout.setBackgroundColor(ContextCompat.getColor(MainActivity.this,R.color.main_contacts));","type":"custom-code-block-java","depth":0,"inlineStyleRanges":[],"entityRanges":[],"data":{}},{"key":"fjsoe","text":"                    if(Build.VERSION.SDK_INT >= Build.VERSION_CODES.LOLLIPOP) {","type":"custom-code-block-java","depth":0,"inlineStyleRanges":[],"entityRanges":[],"data":{}},{"key":"3o6n","text":"                        getWindow().setStatusBarColor(ContextCompat.getColor(MainActivity.this,R.color.status_contacts));","type":"custom-code-block-java","depth":0,"inlineStyleRanges":[],"entityRanges":[],"data":{}},{"key":"dkdo0","text":"                    }","type":"custom-code-block-java","depth":0,"inlineStyleRanges":[],"entityRanges":[],"data":{}},{"key":"1e8f2","text":"                } else if(tab.getPosition() == 2) {","type":"custom-code-block-java","depth":0,"inlineStyleRanges":[],"entityRanges":[],"data":{}},{"key":"1is7a","text":"                    toolbar.setTitle(\"ثبت\");","type":"custom-code-block-java","depth":0,"inlineStyleRanges":[],"entityRanges":[],"data":{}},{"key":"7a6jo","text":"                    toolbar.setBackgroundColor(ContextCompat.getColor(MainActivity.this,R.color.tab_register));","type":"custom-code-block-java","depth":0,"inlineStyleRanges":[],"entityRanges":[],"data":{}},{"key":"cqrnu","text":"                    tabLayout.setBackgroundColor(ContextCompat.getColor(MainActivity.this,R.color.main_register));","type":"custom-code-block-java","depth":0,"inlineStyleRanges":[],"entityRanges":[],"data":{}},{"key":"2t256","text":"                    if(Build.VERSION.SDK_INT >= Build.VERSION_CODES.LOLLIPOP) {","type":"custom-code-block-java","depth":0,"inlineStyleRanges":[],"entityRanges":[],"data":{}},{"key":"1sevv","text":"                        getWindow().setStatusBarColor(ContextCompat.getColor(MainActivity.this,R.color.status_register));","type":"custom-code-block-java","depth":0,"inlineStyleRanges":[],"entityRanges":[],"data":{}},{"key":"2cga5","text":"                    }","type":"custom-code-block-java","depth":0,"inlineStyleRanges":[],"entityRanges":[],"data":{}},{"key":"5tbhf","text":"                } else {","type":"custom-code-block-java","depth":0,"inlineStyleRanges":[],"entityRanges":[],"data":{}},{"key":"di32r","text":"                    toolbar.setBackgroundColor(ContextCompat.getColor(MainActivity.this,R.color.tab_signin));","type":"custom-code-block-java","depth":0,"inlineStyleRanges":[],"entityRanges":[],"data":{}},{"key":"cjicq","text":"                    tabLayout.setBackgroundColor(ContextCompat.getColor(MainActivity.this,R.color.main_signin));","type":"custom-code-block-java","depth":0,"inlineStyleRanges":[],"entityRanges":[],"data":{}},{"key":"bjd3m","text":"                    if(Build.VERSION.SDK_INT >= Build.VERSION_CODES.LOLLIPOP) {","type":"custom-code-block-java","depth":0,"inlineStyleRanges":[],"entityRanges":[],"data":{}},{"key":"69u6b","text":"                        getWindow().setStatusBarColor(ContextCompat.getColor(MainActivity.this,R.color.status_signin));","type":"custom-code-block-java","depth":0,"inlineStyleRanges":[],"entityRanges":[],"data":{}},{"key":"e3jq1","text":"                    }","type":"custom-code-block-java","depth":0,"inlineStyleRanges":[],"entityRanges":[],"data":{}},{"key":"a1tl4","text":"                }","type":"custom-code-block-java","depth":0,"inlineStyleRanges":[],"entityRanges":[],"data":{}},{"key":"1g8pf","text":"            }","type":"custom-code-block-java","depth":0,"inlineStyleRanges":[],"entityRanges":[],"data":{}},{"key":"6057q","text":"","type":"unstyled","depth":0,"inlineStyleRanges":[],"entityRanges":[],"data":{}},{"key":"95jnm","text":"To have different Menu for Different Tabs you need to add setHasOptionsMenu(true); in the onCreate() function of the Fragment . the rest you know ...","type":"blockquote","depth":0,"inlineStyleRanges":[{"offset":58,"length":24,"style":"INLINECODE"},{"offset":90,"length":10,"style":"INLINECODE"}],"entityRanges":[],"data":{}},{"key":"dujk1","text":"public void onCreate(Bundle savedInstanceState) {","type":"custom-code-block-java","depth":0,"inlineStyleRanges":[],"entityRanges":[],"data":{}},{"key":"65sgs","text":"   super.onCreate(savedInstanceState);","type":"custom-code-block-java","depth":0,"inlineStyleRanges":[],"entityRanges":[],"data":{}},{"key":"236un","text":"   setHasOptionsMenu(true);","type":"custom-code-block-java","depth":0,"inlineStyleRanges":[],"entityRanges":[],"data":{}},{"key":"389j3","text":"}","type":"custom-code-block-java","depth":0,"inlineStyleRanges":[],"entityRanges":[],"data":{}},{"key":"asg8e","text":"","type":"unstyled","depth":0,"inlineStyleRanges":[],"entityRanges":[],"data":{}},{"key":"5lt1d","text":"","type":"divider","depth":0,"inlineStyleRanges":[],"entityRanges":[],"data":{}},{"key":"hf0e","text":"","type":"unstyled","depth":0,"inlineStyleRanges":[],"entityRanges":[],"data":{}},{"key":"816mi","text":"How to Delete A TabItem Dynamically","type":"header-three","depth":0,"inlineStyleRanges":[],"entityRanges":[],"data":{}},{"key":"28i1f","text":"For this purpose we need to communicate between the Tab ( tab fragment ) , and the activity that this tab exists on . we already know how to connect fragment to activity in the Fragment section . now the implementation of that deleteFragment is as bellow :","type":"blockquote","depth":0,"inlineStyleRanges":[{"offset":177,"length":8,"style":"INLINECODE"},{"offset":227,"length":14,"style":"INLINECODE"}],"entityRanges":[],"data":{}},{"key":"8isi9","text":"","type":"unstyled","depth":0,"inlineStyleRanges":[],"entityRanges":[],"data":{}},{"key":"2b0r1","text":"Attention : Some values and variables does not need to be , this \n                    demonstration belongs to a dynamic complex application","type":"header-three","depth":0,"inlineStyleRanges":[{"offset":0,"length":9,"style":"INLINECODE"},{"offset":12,"length":128,"style":"BOLD"}],"entityRanges":[],"data":{}},{"key":"d9buh","text":"","type":"unstyled","depth":0,"inlineStyleRanges":[],"entityRanges":[],"data":{}},{"key":"5i792","text":"In the Tab ( Fragment ) we want to delete we have :","type":"unstyled","depth":0,"inlineStyleRanges":[],"entityRanges":[],"data":{}},{"key":"cslfb","text":"public boolean onOptionsItemSelected(MenuItem item) {","type":"custom-code-block-java","depth":0,"inlineStyleRanges":[],"entityRanges":[],"data":{}},{"key":"54ikh","text":"        if(item.getItemId() == R.id.remove_tab) {","type":"custom-code-block-java","depth":0,"inlineStyleRanges":[],"entityRanges":[],"data":{}},{"key":"88d21","text":"            detailCallBacks.changeTabItem(true);","type":"custom-code-block-java","depth":0,"inlineStyleRanges":[],"entityRanges":[],"data":{}},{"key":"9835d","text":"        }","type":"custom-code-block-java","depth":0,"inlineStyleRanges":[],"entityRanges":[],"data":{}},{"key":"8lleo","text":"        return super.onOptionsItemSelected(item);","type":"custom-code-block-java","depth":0,"inlineStyleRanges":[],"entityRanges":[],"data":{}},{"key":"3i2ob","text":"    }","type":"custom-code-block-java","depth":0,"inlineStyleRanges":[],"entityRanges":[],"data":{}},{"key":"fjidp","text":"","type":"unstyled","depth":0,"inlineStyleRanges":[],"entityRanges":[],"data":{}},{"key":"8l2su","text":"And Implementation Of it in the MainActivity is","type":"unstyled","depth":0,"inlineStyleRanges":[],"entityRanges":[],"data":{}},{"key":"23qpr","text":"public void changeTabItem(boolean mustdelete) {","type":"custom-code-block-java","depth":0,"inlineStyleRanges":[],"entityRanges":[],"data":{}},{"key":"10r1b","text":"        ContactsFragment contactsFragment = new ContactsFragment();","type":"custom-code-block-java","depth":0,"inlineStyleRanges":[],"entityRanges":[],"data":{}},{"key":"dic8d","text":"        if(tabposition_number > 2 && mustdelete) {","type":"custom-code-block-java","depth":0,"inlineStyleRanges":[],"entityRanges":[],"data":{}},{"key":"7q40r","text":"            contactsFragment.setTextView(tabposition_number,mustdelete);","type":"custom-code-block-java","depth":0,"inlineStyleRanges":[],"entityRanges":[],"data":{}},{"key":"9um6v","text":"            TabLayout.Tab tab = tabLayout.getTabAt(1);","type":"custom-code-block-java","depth":0,"inlineStyleRanges":[],"entityRanges":[],"data":{}},{"key":"29o4i","text":"            tab.select();","type":"custom-code-block-java","depth":0,"inlineStyleRanges":[],"entityRanges":[],"data":{}},{"key":"d8ipc","text":"        }","type":"custom-code-block-java","depth":0,"inlineStyleRanges":[],"entityRanges":[],"data":{}},{"key":"et8hg","text":"    }","type":"custom-code-block-java","depth":0,"inlineStyleRanges":[],"entityRanges":[],"data":{}},{"key":"994i7","text":"","type":"unstyled","depth":0,"inlineStyleRanges":[],"entityRanges":[],"data":{}},{"key":"e78ip","text":"In MainActivity We Can Get The TabItem Number By :","type":"unstyled","depth":0,"inlineStyleRanges":[],"entityRanges":[],"data":{}},{"key":"3ttqm","text":"tabLayout.setupWithViewPager(viewPager);","type":"custom-code-block-java","depth":0,"inlineStyleRanges":[],"entityRanges":[],"data":{}},{"key":"bqha0","text":"        tabLayout.addOnTabSelectedListener(new TabLayout.OnTabSelectedListener(){","type":"custom-code-block-java","depth":0,"inlineStyleRanges":[],"entityRanges":[],"data":{}},{"key":"rjm0","text":"","type":"custom-code-block-java","depth":0,"inlineStyleRanges":[],"entityRanges":[],"data":{}},{"key":"cqutv","text":"            @Override","type":"custom-code-block-java","depth":0,"inlineStyleRanges":[],"entityRanges":[],"data":{}},{"key":"3aqa9","text":"            public void onTabSelected(TabLayout.Tab tab) {","type":"custom-code-block-java","depth":0,"inlineStyleRanges":[],"entityRanges":[],"data":{}},{"key":"avt6e","text":"//                viewPager.setCurrentItem(tab.getPosition());","type":"custom-code-block-java","depth":0,"inlineStyleRanges":[],"entityRanges":[],"data":{}},{"key":"e1075","text":"                if(tab.getPosition() > 2) {","type":"custom-code-block-java","depth":0,"inlineStyleRanges":[],"entityRanges":[],"data":{}},{"key":"4iciq","text":"                    tabposition_number = tab.getPosition();","type":"custom-code-block-java","depth":0,"inlineStyleRanges":[],"entityRanges":[],"data":{}},{"key":"16f5f","text":"                }","type":"custom-code-block-java","depth":0,"inlineStyleRanges":[],"entityRanges":[],"data":{}},{"key":"9kls4","text":"","type":"unstyled","depth":0,"inlineStyleRanges":[],"entityRanges":[],"data":{}},{"key":"rttg","text":"Now in the other Fragment onResume function we have :","type":"unstyled","depth":0,"inlineStyleRanges":[{"offset":26,"length":8,"style":"INLINECODE"}],"entityRanges":[],"data":{}},{"key":"7g00m","text":"public void onResume() {","type":"custom-code-block-java","depth":0,"inlineStyleRanges":[],"entityRanges":[],"data":{}},{"key":"cc6c2","text":"        super.onResume();","type":"custom-code-block-java","depth":0,"inlineStyleRanges":[],"entityRanges":[],"data":{}},{"key":"46s82","text":"        if(came_fromTabItem > 2 && do_delete) {","type":"custom-code-block-java","depth":0,"inlineStyleRanges":[],"entityRanges":[],"data":{}},{"key":"9tpp1","text":"                final Handler handler = new Handler();","type":"custom-code-block-java","depth":0,"inlineStyleRanges":[],"entityRanges":[],"data":{}},{"key":"affkn","text":"                handler.postDelayed(new Runnable() {","type":"custom-code-block-java","depth":0,"inlineStyleRanges":[],"entityRanges":[],"data":{}},{"key":"drmte","text":"                  @Override","type":"custom-code-block-java","depth":0,"inlineStyleRanges":[],"entityRanges":[],"data":{}},{"key":"d16vd","text":"                  public void run() {","type":"custom-code-block-java","depth":0,"inlineStyleRanges":[],"entityRanges":[],"data":{}},{"key":"4d7i8","text":"                      callBacks.delete_previous_tab(came_fromTabItem);","type":"custom-code-block-java","depth":0,"inlineStyleRanges":[],"entityRanges":[],"data":{}},{"key":"6obqj","text":"                      do_delete = false;","type":"custom-code-block-java","depth":0,"inlineStyleRanges":[],"entityRanges":[],"data":{}},{"key":"ehni0","text":"                  }","type":"custom-code-block-java","depth":0,"inlineStyleRanges":[],"entityRanges":[],"data":{}},{"key":"6hn8j","text":"    }, 1);","type":"custom-code-block-java","depth":0,"inlineStyleRanges":[],"entityRanges":[],"data":{}},{"key":"c2l9b","text":"","type":"custom-code-block-java","depth":0,"inlineStyleRanges":[],"entityRanges":[],"data":{}},{"key":"5etkq","text":"        }","type":"custom-code-block-java","depth":0,"inlineStyleRanges":[],"entityRanges":[],"data":{}},{"key":"8a0sf","text":"    }","type":"custom-code-block-java","depth":0,"inlineStyleRanges":[],"entityRanges":[],"data":{}},{"key":"1q4kt","text":"    ","type":"custom-code-block-java","depth":0,"inlineStyleRanges":[],"entityRanges":[],"data":{}},{"key":"fiv8a","text":"","type":"unstyled","depth":0,"inlineStyleRanges":[],"entityRanges":[],"data":{}},{"key":"3hijv","text":"AGAIN WE HAVE A CALL TO MainActivity in above callBacks.delete_previous_tab(came_fromTabItem)","type":"unstyled","depth":0,"inlineStyleRanges":[{"offset":24,"length":12,"style":"INLINECODE"},{"offset":46,"length":47,"style":"INLINECODE"}],"entityRanges":[],"data":{}},{"key":"3oni2","text":"// again in the main activity we implement this method from above callBacks interface","type":"custom-code-block-java","depth":0,"inlineStyleRanges":[{"offset":66,"length":9,"style":"INLINECODE"}],"entityRanges":[],"data":{}},{"key":"80p92","text":"public void delete_previous_tab(int tabposition_number) {","type":"custom-code-block-java","depth":0,"inlineStyleRanges":[],"entityRanges":[],"data":{}},{"key":"b71nr","text":"        remove_tab_details(tabposition_number);","type":"custom-code-block-java","depth":0,"inlineStyleRanges":[],"entityRanges":[],"data":{}},{"key":"apo12","text":"        MyViewPagerAdapter myViewPagerAdapter = new MyViewPagerAdapter(getSupportFragmentManager());","type":"custom-code-block-java","depth":0,"inlineStyleRanges":[],"entityRanges":[],"data":{}},{"key":"6f2q8","text":"        myViewPagerAdapter.notifyDataSetChanged();","type":"custom-code-block-java","depth":0,"inlineStyleRanges":[],"entityRanges":[],"data":{}},{"key":"fgo3b","text":"    }","type":"custom-code-block-java","depth":0,"inlineStyleRanges":[],"entityRanges":[],"data":{}},{"key":"8ahaq","text":"    ","type":"custom-code-block-java","depth":0,"inlineStyleRanges":[],"entityRanges":[],"data":{}},{"key":"bd4dd","text":"    public void remove_tab_details(int tab_to_delete) {","type":"custom-code-block-java","depth":0,"inlineStyleRanges":[],"entityRanges":[],"data":{}},{"key":"btvjv","text":"        tabLayout.removeTabAt(tab_to_delete);","type":"custom-code-block-java","depth":0,"inlineStyleRanges":[],"entityRanges":[],"data":{}},{"key":"g9pr","text":"        MyViewPagerAdapter Adapter = new MyViewPagerAdapter(getSupportFragmentManager());","type":"custom-code-block-java","depth":0,"inlineStyleRanges":[],"entityRanges":[],"data":{}},{"key":"arc0r","text":"        Adapter.removeTabPage(tab_to_delete);","type":"custom-code-block-java","depth":0,"inlineStyleRanges":[],"entityRanges":[],"data":{}},{"key":"fujes","text":"        Adapter.notifyDataSetChanged();","type":"custom-code-block-java","depth":0,"inlineStyleRanges":[],"entityRanges":[],"data":{}},{"key":"bkusd","text":"        tabs_number--;","type":"custom-code-block-java","depth":0,"inlineStyleRanges":[],"entityRanges":[],"data":{}},{"key":"e2j8j","text":"    }","type":"custom-code-block-java","depth":0,"inlineStyleRanges":[],"entityRanges":[],"data":{}},{"key":"2easv","text":"","type":"unstyled","depth":0,"inlineStyleRanges":[],"entityRanges":[],"data":{}},{"key":"4q5am","text":"","type":"unstyled","depth":0,"inlineStyleRanges":[],"entityRanges":[],"data":{}},{"key":"9tpi6","text":"","type":"unstyled","depth":0,"inlineStyleRanges":[],"entityRanges":[],"data":{}},{"key":"clhgd","text":"","type":"unstyled","depth":0,"inlineStyleRanges":[],"entityRanges":[],"data":{}},{"key":"djvkv","text":"","type":"unstyled","depth":0,"inlineStyleRanges":[],"entityRanges":[],"data":{}},{"key":"5qjpq","text":"","type":"unstyled","depth":0,"inlineStyleRanges":[],"entityRanges":[],"data":{}},{"key":"1ciuv","text":"","type":"unstyled","depth":0,"inlineStyleRanges":[],"entityRanges":[],"data":{}},{"key":"84lsb","text":"","type":"unstyled","depth":0,"inlineStyleRanges":[],"entityRanges":[],"data":{}},{"key":"c1gmm","text":"","type":"unstyled","depth":0,"inlineStyleRanges":[],"entityRanges":[],"data":{}}],"entityMap":{}},"tags":[]}