{"_id":"S1cuqrwjV","title":"Using Shared Preferences","dateCreated":1556728434256,"lastAccessed":"2019-05-01T16:33:54.302Z","lastUpdated":"2019-05-01T17:09:00.641Z","notebookId":"HyZvKx1sN","body":{"blocks":[{"key":"ag6qs","text":"Using Shared Preferences","type":"header-one","depth":0,"inlineStyleRanges":[],"entityRanges":[],"data":{}},{"key":"2rpub","text":"Android provides many ways of storing data of an application. One of this way is called Shared Preferences. Shared Preferences allow you to save and retrieve data in the form of key,value pair.","type":"blockquote","depth":0,"inlineStyleRanges":[{"offset":0,"length":8,"style":"BOLD"},{"offset":30,"length":12,"style":"BOLD"},{"offset":140,"length":4,"style":"BOLD"},{"offset":149,"length":8,"style":"BOLD"},{"offset":178,"length":3,"style":"BOLD"},{"offset":182,"length":5,"style":"BOLD"},{"offset":88,"length":18,"style":"INLINECODE"}],"entityRanges":[],"data":{}},{"key":"2olgn","text":"","type":"unstyled","depth":0,"inlineStyleRanges":[],"entityRanges":[],"data":{}},{"key":"bo235","text":"An Example is when you want to keep a user Logged in , in the program , so they don't need to enter there username and password , every time they visit .","type":"blockquote","depth":0,"inlineStyleRanges":[{"offset":3,"length":7,"style":"INLINECODE"},{"offset":31,"length":21,"style":"INLINECODE"},{"offset":106,"length":9,"style":"BOLD"},{"offset":119,"length":8,"style":"BOLD"}],"entityRanges":[],"data":{}},{"key":"7259h","text":"// so we create a package named utils , and two classes names Constants and the class that        works with that ","type":"custom-code-block-java","depth":0,"inlineStyleRanges":[],"entityRanges":[],"data":{}},{"key":"50p4k","text":"//","type":"custom-code-block-java","depth":0,"inlineStyleRanges":[],"entityRanges":[],"data":{}},{"key":"2u5bc","text":"public class Constants {","type":"custom-code-block-java","depth":0,"inlineStyleRanges":[],"entityRanges":[],"data":{}},{"key":"734ft","text":"   public static String KEY_EMAIL = \"email\";","type":"custom-code-block-java","depth":0,"inlineStyleRanges":[],"entityRanges":[],"data":{}},{"key":"8jdba","text":"   public static String KEY_PASSWORD = \"password\";","type":"custom-code-block-java","depth":0,"inlineStyleRanges":[],"entityRanges":[],"data":{}},{"key":"c7f31","text":"}","type":"custom-code-block-java","depth":0,"inlineStyleRanges":[],"entityRanges":[],"data":{}},{"key":"35e7u","text":"","type":"unstyled","depth":0,"inlineStyleRanges":[],"entityRanges":[],"data":{}},{"key":"80bm7","text":"and the functioning method","type":"blockquote","depth":0,"inlineStyleRanges":[{"offset":0,"length":26,"style":"BOLD"}],"entityRanges":[],"data":{}},{"key":"c8vk","text":"","type":"custom-code-block-java","depth":0,"inlineStyleRanges":[],"entityRanges":[],"data":{}},{"key":"59kd9","text":"","type":"unstyled","depth":0,"inlineStyleRanges":[],"entityRanges":[],"data":{}}],"entityMap":{}},"tags":[]}