{"_id":"Skd_4E1iV","title":"Parcelable Class","dateCreated":1556198511859,"lastAccessed":"2019-04-25T13:21:51.869Z","lastUpdated":"2019-04-25T13:27:04.419Z","notebookId":"HyZvKx1sN","body":{"blocks":[{"key":"ag6qs","text":"Parcelable Class","type":"header-one","depth":0,"inlineStyleRanges":[],"entityRanges":[],"data":{}},{"key":"4q7qq","text":"we make a class parcelable wich is android implementation of serializable in java","type":"blockquote","depth":0,"inlineStyleRanges":[{"offset":16,"length":10,"style":"INLINECODE"},{"offset":61,"length":12,"style":"INLINECODE"}],"entityRanges":[],"data":{}},{"key":"denlj","text":"we serialize or parcelable class to be able to send it over the web or in android case , to be able to send it via intent object","type":"blockquote","depth":0,"inlineStyleRanges":[{"offset":3,"length":9,"style":"INLINECODE"},{"offset":16,"length":10,"style":"INLINECODE"},{"offset":115,"length":6,"style":"INLINECODE"}],"entityRanges":[],"data":{}},{"key":"145ln","text":"to make a class parcelable :","type":"header-two","depth":0,"inlineStyleRanges":[],"entityRanges":[],"data":{}},{"key":"6or4q","text":"we need parcelable interface","type":"ordered-list-item","depth":0,"inlineStyleRanges":[{"offset":8,"length":10,"style":"INLINECODE"}],"entityRanges":[],"data":{}},{"key":"7qrp9","text":"go to settings -> plugins -> search for Browse Repositories","type":"ordered-list-item","depth":0,"inlineStyleRanges":[{"offset":6,"length":8,"style":"INLINECODE"},{"offset":18,"length":7,"style":"INLINECODE"},{"offset":40,"length":19,"style":"INLINECODE"}],"entityRanges":[],"data":{}},{"key":"107ge","text":"look for Android Parcelable code generator","type":"ordered-list-item","depth":0,"inlineStyleRanges":[{"offset":9,"length":33,"style":"INLINECODE"}],"entityRanges":[],"data":{}},{"key":"8gsf7","text":"install the plugin","type":"ordered-list-item","depth":0,"inlineStyleRanges":[],"entityRanges":[],"data":{}},{"key":"4upeg","text":"then select your class and go to code -> generate -> parcelable","type":"ordered-list-item","depth":0,"inlineStyleRanges":[{"offset":33,"length":4,"style":"INLINECODE"},{"offset":41,"length":8,"style":"INLINECODE"},{"offset":53,"length":10,"style":"INLINECODE"}],"entityRanges":[],"data":{}},{"key":"80h92","text":"","type":"unstyled","depth":0,"inlineStyleRanges":[],"entityRanges":[],"data":{}},{"key":"59kd9","text":"","type":"unstyled","depth":0,"inlineStyleRanges":[],"entityRanges":[],"data":{}}],"entityMap":{}},"tags":[]}