{"_id":"SkpxqSXjE","title":"Fragments","dateCreated":1556466164909,"lastAccessed":"2019-04-28T15:42:44.912Z","lastUpdated":"2019-05-26T18:44:51.127Z","notebookId":"HyZvKx1sN","body":{"blocks":[{"key":"ag6qs","text":"Fragments","type":"header-one","depth":0,"inlineStyleRanges":[],"entityRanges":[],"data":{}},{"key":"eg8mb","text":"there are two ways to create Fragments","type":"blockquote","depth":0,"inlineStyleRanges":[],"entityRanges":[],"data":{}},{"key":"d3mjo","text":"","type":"unstyled","depth":0,"inlineStyleRanges":[],"entityRanges":[],"data":{}},{"key":"en4m0","text":"Declare the fragment inside the activity's layout file","type":"unordered-list-item","depth":0,"inlineStyleRanges":[],"entityRanges":[],"data":{}},{"key":"eaj95","text":"Programmatically add the fragment to a ViewGroup","type":"unordered-list-item","depth":0,"inlineStyleRanges":[],"entityRanges":[],"data":{}},{"key":"e5g33","text":"programatically create the fragments , pass arguments to it , and lunch it","type":"unordered-list-item","depth":0,"inlineStyleRanges":[],"entityRanges":[],"data":{}},{"key":"eo43c","text":"","type":"unstyled","depth":0,"inlineStyleRanges":[],"entityRanges":[],"data":{}},{"key":"3rujr","text":"","type":"unstyled","depth":0,"inlineStyleRanges":[],"entityRanges":[],"data":{}},{"key":"298es","text":"Declare the fragment inside the activity's layout file","type":"blockquote","depth":0,"inlineStyleRanges":[],"entityRanges":[],"data":{}},{"key":"f42r3","text":"// you sould need to also add android:layout=\"@layout/yourFragmentLayout\" ","type":"custom-code-block-makefile","depth":0,"inlineStyleRanges":[],"entityRanges":[],"data":{}},{"key":"81k2c","text":"<fragment","type":"custom-code-block-makefile","depth":0,"inlineStyleRanges":[],"entityRanges":[],"data":{}},{"key":"2p12d","text":"    android:name=\"your.package.ButtonsFragment\"","type":"custom-code-block-makefile","depth":0,"inlineStyleRanges":[],"entityRanges":[],"data":{}},{"key":"4fqhq","text":"    android:layout_width=\"match_parent\"","type":"custom-code-block-makefile","depth":0,"inlineStyleRanges":[],"entityRanges":[],"data":{}},{"key":"18mqj","text":"    android:layout_height=\"80dp\"","type":"custom-code-block-makefile","depth":0,"inlineStyleRanges":[],"entityRanges":[],"data":{}},{"key":"3og0r","text":"    android:layout_margin=\"10dp\"","type":"custom-code-block-makefile","depth":0,"inlineStyleRanges":[],"entityRanges":[],"data":{}},{"key":"33pnn","text":"    android:id=\"@+id/fg1\"","type":"custom-code-block-makefile","depth":0,"inlineStyleRanges":[],"entityRanges":[],"data":{}},{"key":"ecvft","text":"    />","type":"custom-code-block-makefile","depth":0,"inlineStyleRanges":[],"entityRanges":[],"data":{}},{"key":"4vk39","text":"","type":"unstyled","depth":0,"inlineStyleRanges":[],"entityRanges":[],"data":{}},{"key":"59kd9","text":"","type":"unstyled","depth":0,"inlineStyleRanges":[],"entityRanges":[],"data":{}},{"key":"cmms1","text":"or Programmatically add the fragment to a ViewGroup","type":"blockquote","depth":0,"inlineStyleRanges":[],"entityRanges":[],"data":{}},{"key":"efnr3","text":"<FrameLayout","type":"custom-code-block-makefile","depth":0,"inlineStyleRanges":[],"entityRanges":[],"data":{}},{"key":"an3r3","text":"    android:layout_width=\"match_parent\"","type":"custom-code-block-makefile","depth":0,"inlineStyleRanges":[],"entityRanges":[],"data":{}},{"key":"eme3u","text":"    android:layout_height=\"80dp\"","type":"custom-code-block-makefile","depth":0,"inlineStyleRanges":[],"entityRanges":[],"data":{}},{"key":"460mn","text":"    android:layout_margin=\"10dp\"","type":"custom-code-block-makefile","depth":0,"inlineStyleRanges":[],"entityRanges":[],"data":{}},{"key":"7blp1","text":"    android:id=\"@+id/fg1\" />","type":"custom-code-block-makefile","depth":0,"inlineStyleRanges":[],"entityRanges":[],"data":{}},{"key":"blhl9","text":"and in you Activity class wich you have include the FrameLayout in its xml file you will write :","type":"blockquote","depth":0,"inlineStyleRanges":[{"offset":11,"length":8,"style":"INLINECODE"},{"offset":52,"length":11,"style":"INLINECODE"},{"offset":71,"length":3,"style":"INLINECODE"}],"entityRanges":[],"data":{}},{"key":"a5i62","text":"FragmentTransaction ft = getSupportFragmentManager().beginTransaction();","type":"custom-code-block-java","depth":0,"inlineStyleRanges":[],"entityRanges":[],"data":{}},{"key":"3m269","text":"ft.replace(R.id.fg1, new ButtonsFragment());","type":"custom-code-block-java","depth":0,"inlineStyleRanges":[],"entityRanges":[],"data":{}},{"key":"8qhqv","text":"ft.commit();","type":"custom-code-block-java","depth":0,"inlineStyleRanges":[],"entityRanges":[],"data":{}},{"key":"bcljo","text":"and in the Fragment Java class you would have","type":"blockquote","depth":0,"inlineStyleRanges":[{"offset":20,"length":4,"style":"INLINECODE"}],"entityRanges":[],"data":{}},{"key":"34h9o","text":"public View onCreateView(LayoutInflater inflater, ViewGroup container, Bundle savedInstanceState) {","type":"custom-code-block-java","depth":0,"inlineStyleRanges":[],"entityRanges":[],"data":{}},{"key":"a6v6b","text":"        view = inflater.inflate(R.layout.login_fragment, null);","type":"custom-code-block-java","depth":0,"inlineStyleRanges":[],"entityRanges":[],"data":{}},{"key":"821ao","text":"        return view;","type":"custom-code-block-java","depth":0,"inlineStyleRanges":[],"entityRanges":[],"data":{}},{"key":"7jjda","text":"    }","type":"custom-code-block-java","depth":0,"inlineStyleRanges":[],"entityRanges":[],"data":{}},{"key":"bl03s","text":"","type":"unstyled","depth":0,"inlineStyleRanges":[],"entityRanges":[],"data":{}},{"key":"b3qoh","text":"","type":"divider","depth":0,"inlineStyleRanges":[],"entityRanges":[],"data":{}},{"key":"f1hj5","text":"","type":"unstyled","depth":0,"inlineStyleRanges":[],"entityRanges":[],"data":{}},{"key":"f8sgl","text":"Communicate with Activity","type":"header-two","depth":0,"inlineStyleRanges":[],"entityRanges":[],"data":{}},{"key":"33uab","text":"","type":"unstyled","depth":0,"inlineStyleRanges":[],"entityRanges":[],"data":{}},{"key":"bbneq","text":"To communicate with activity we need to define an interface in the Fragment.","type":"blockquote","depth":0,"inlineStyleRanges":[],"entityRanges":[],"data":{}},{"key":"d6uv4","text":"Then in the activity we implement that interface .","type":"blockquote","depth":0,"inlineStyleRanges":[],"entityRanges":[],"data":{}},{"key":"60f93","text":"The example of implementation has came bellow :","type":"blockquote","depth":0,"inlineStyleRanges":[],"entityRanges":[],"data":{}},{"key":"dcihm","text":"public class MyFragment extends Fragment {","type":"custom-code-block-java","depth":0,"inlineStyleRanges":[],"entityRanges":[],"data":{}},{"key":"4357i","text":"   ","type":"custom-code-block-java","depth":0,"inlineStyleRanges":[],"entityRanges":[],"data":{}},{"key":"1jaah","text":"   CallBacks callback;","type":"custom-code-block-java","depth":0,"inlineStyleRanges":[],"entityRanges":[],"data":{}},{"key":"alphm","text":"   ","type":"custom-code-block-java","depth":0,"inlineStyleRanges":[],"entityRanges":[],"data":{}},{"key":"1sjuc","text":"   public boolean onOptionsItemSelected(MenuItem item) {","type":"custom-code-block-java","depth":0,"inlineStyleRanges":[],"entityRanges":[],"data":{}},{"key":"5dt6q","text":"        if(item.getItemId() == R.id.remove_tab) {","type":"custom-code-block-java","depth":0,"inlineStyleRanges":[],"entityRanges":[],"data":{}},{"key":"aebdr","text":"            detailCallBacks.changeTabItem(true); // here you call it","type":"custom-code-block-java","depth":0,"inlineStyleRanges":[],"entityRanges":[],"data":{}},{"key":"afq2h","text":"        }","type":"custom-code-block-java","depth":0,"inlineStyleRanges":[],"entityRanges":[],"data":{}},{"key":"3nq3g","text":"        return super.onOptionsItemSelected(item);","type":"custom-code-block-java","depth":0,"inlineStyleRanges":[],"entityRanges":[],"data":{}},{"key":"9rfas","text":"    }","type":"custom-code-block-java","depth":0,"inlineStyleRanges":[],"entityRanges":[],"data":{}},{"key":"d6g9d","text":"   ","type":"custom-code-block-java","depth":0,"inlineStyleRanges":[],"entityRanges":[],"data":{}},{"key":"feu81","text":"   public interface CallBacks {","type":"custom-code-block-java","depth":0,"inlineStyleRanges":[],"entityRanges":[],"data":{}},{"key":"7h7l6","text":"      public void deleteFragment(String something);","type":"custom-code-block-java","depth":0,"inlineStyleRanges":[],"entityRanges":[],"data":{}},{"key":"5foef","text":"   }","type":"custom-code-block-java","depth":0,"inlineStyleRanges":[],"entityRanges":[],"data":{}},{"key":"s3ar","text":"   ","type":"custom-code-block-java","depth":0,"inlineStyleRanges":[],"entityRanges":[],"data":{}},{"key":"1h3r1","text":"   @override","type":"custom-code-block-java","depth":0,"inlineStyleRanges":[],"entityRanges":[],"data":{}},{"key":"aqsa6","text":"   public void onAttache(Context context) {","type":"custom-code-block-java","depth":0,"inlineStyleRanges":[],"entityRanges":[],"data":{}},{"key":"fbeol","text":"      super.onAttach(context);","type":"custom-code-block-java","depth":0,"inlineStyleRanges":[],"entityRanges":[],"data":{}},{"key":"c1mgk","text":"      callback = (CallBacks)context;","type":"custom-code-block-java","depth":0,"inlineStyleRanges":[],"entityRanges":[],"data":{}},{"key":"b8l5","text":"   }","type":"custom-code-block-java","depth":0,"inlineStyleRanges":[],"entityRanges":[],"data":{}},{"key":"a68sr","text":"   ","type":"custom-code-block-java","depth":0,"inlineStyleRanges":[],"entityRanges":[],"data":{}},{"key":"fookk","text":"}","type":"custom-code-block-java","depth":0,"inlineStyleRanges":[],"entityRanges":[],"data":{}},{"key":"5hqh4","text":"","type":"unstyled","depth":0,"inlineStyleRanges":[],"entityRanges":[],"data":{}},{"key":"cro56","text":"as you see we have called the function of this interface in onOptionsItemSelected the only thing that remains is to implement this interface in the activity .","type":"blockquote","depth":0,"inlineStyleRanges":[{"offset":60,"length":21,"style":"INLINECODE"},{"offset":116,"length":9,"style":"INLINECODE"},{"offset":148,"length":8,"style":"INLINECODE"}],"entityRanges":[],"data":{}},{"key":"bl26h","text":"","type":"unstyled","depth":0,"inlineStyleRanges":[],"entityRanges":[],"data":{}},{"key":"d32u3","text":"","type":"unstyled","depth":0,"inlineStyleRanges":[],"entityRanges":[],"data":{}},{"key":"7fqgd","text":"","type":"divider","depth":0,"inlineStyleRanges":[],"entityRanges":[],"data":{}},{"key":"7q89v","text":"","type":"unstyled","depth":0,"inlineStyleRanges":[],"entityRanges":[],"data":{}},{"key":"4g4l9","text":"programatically create numerous Fragments and lunch them","type":"header-two","depth":0,"inlineStyleRanges":[],"entityRanges":[],"data":{}},{"key":"2bh12","text":"","type":"unstyled","depth":0,"inlineStyleRanges":[],"entityRanges":[],"data":{}},{"key":"1evpb","text":"first you need to define two ArrayList one of type Fragment and one of type String , meaning one for page itself and one for page title","type":"blockquote","depth":0,"inlineStyleRanges":[{"offset":29,"length":9,"style":"INLINECODE"},{"offset":51,"length":8,"style":"INLINECODE"},{"offset":76,"length":6,"style":"INLINECODE"},{"offset":101,"length":12,"style":"BOLD"},{"offset":125,"length":10,"style":"BOLD"}],"entityRanges":[],"data":{}},{"key":"lnj","text":"List<Fragment> userPageFragments = new ArrayList<>();","type":"custom-code-block-java","depth":0,"inlineStyleRanges":[],"entityRanges":[],"data":{}},{"key":"qpjj","text":"List<String> userPageFragmentsTitle = new ArrayList<>();","type":"custom-code-block-java","depth":0,"inlineStyleRanges":[],"entityRanges":[],"data":{}},{"key":"1j4gs","text":"","type":"unstyled","depth":0,"inlineStyleRanges":[],"entityRanges":[],"data":{}},{"key":"b4n7k","text":"you will also need a FragmentPagerAdapter in your class , like bellow :","type":"blockquote","depth":0,"inlineStyleRanges":[{"offset":21,"length":20,"style":"INLINECODE"}],"entityRanges":[],"data":{}},{"key":"5hjjj","text":"public class PageAdapter extends FragmentPagerAdapter {","type":"custom-code-block-java","depth":0,"inlineStyleRanges":[],"entityRanges":[],"data":{}},{"key":"crjno","text":"","type":"custom-code-block-java","depth":0,"inlineStyleRanges":[],"entityRanges":[],"data":{}},{"key":"488gp","text":"        private PageAdapter(FragmentManager manager) {","type":"custom-code-block-java","depth":0,"inlineStyleRanges":[],"entityRanges":[],"data":{}},{"key":"6u86b","text":"            super(manager);","type":"custom-code-block-java","depth":0,"inlineStyleRanges":[],"entityRanges":[],"data":{}},{"key":"2cppk","text":"        }","type":"custom-code-block-java","depth":0,"inlineStyleRanges":[],"entityRanges":[],"data":{}},{"key":"1pfod","text":"","type":"custom-code-block-java","depth":0,"inlineStyleRanges":[],"entityRanges":[],"data":{}},{"key":"9d2kv","text":"        public void AddFragment(Fragment fragment, String title) {","type":"custom-code-block-java","depth":0,"inlineStyleRanges":[],"entityRanges":[],"data":{}},{"key":"aqepg","text":"            userPageFragments.add(fragment);","type":"custom-code-block-java","depth":0,"inlineStyleRanges":[],"entityRanges":[],"data":{}},{"key":"d831a","text":"            userPageFragmentsTitle.add(title);","type":"custom-code-block-java","depth":0,"inlineStyleRanges":[],"entityRanges":[],"data":{}},{"key":"df3vt","text":"            PagerAdapter adapter = new PageAdapter(getSupportFragmentManager());","type":"custom-code-block-java","depth":0,"inlineStyleRanges":[],"entityRanges":[],"data":{}},{"key":"39qe0","text":"            adapter.notifyDataSetChanged();","type":"custom-code-block-java","depth":0,"inlineStyleRanges":[],"entityRanges":[],"data":{}},{"key":"5pp87","text":"            viewPager.setAdapter(adapter);","type":"custom-code-block-java","depth":0,"inlineStyleRanges":[],"entityRanges":[],"data":{}},{"key":"ee164","text":"        }","type":"custom-code-block-java","depth":0,"inlineStyleRanges":[],"entityRanges":[],"data":{}},{"key":"d4v4d","text":"","type":"custom-code-block-java","depth":0,"inlineStyleRanges":[],"entityRanges":[],"data":{}},{"key":"58a0f","text":"","type":"custom-code-block-java","depth":0,"inlineStyleRanges":[],"entityRanges":[],"data":{}},{"key":"d166s","text":"        public CharSequence getPageTitle(int position) {","type":"custom-code-block-java","depth":0,"inlineStyleRanges":[],"entityRanges":[],"data":{}},{"key":"cup86","text":"            return userPageFragmentsTitle.get(position);","type":"custom-code-block-java","depth":0,"inlineStyleRanges":[],"entityRanges":[],"data":{}},{"key":"6bb58","text":"        }","type":"custom-code-block-java","depth":0,"inlineStyleRanges":[],"entityRanges":[],"data":{}},{"key":"6ude8","text":"","type":"custom-code-block-java","depth":0,"inlineStyleRanges":[],"entityRanges":[],"data":{}},{"key":"51nnd","text":"        public Fragment getItem(int position) {","type":"custom-code-block-java","depth":0,"inlineStyleRanges":[],"entityRanges":[],"data":{}},{"key":"330oc","text":"            return userPageFragments.get(position);","type":"custom-code-block-java","depth":0,"inlineStyleRanges":[],"entityRanges":[],"data":{}},{"key":"5g98i","text":"        }","type":"custom-code-block-java","depth":0,"inlineStyleRanges":[],"entityRanges":[],"data":{}},{"key":"65riv","text":"","type":"custom-code-block-java","depth":0,"inlineStyleRanges":[],"entityRanges":[],"data":{}},{"key":"2f8bd","text":"","type":"custom-code-block-java","depth":0,"inlineStyleRanges":[],"entityRanges":[],"data":{}},{"key":"5tj31","text":"        public int getCount() {","type":"custom-code-block-java","depth":0,"inlineStyleRanges":[],"entityRanges":[],"data":{}},{"key":"abuom","text":"            return userPageFragments.size();","type":"custom-code-block-java","depth":0,"inlineStyleRanges":[],"entityRanges":[],"data":{}},{"key":"ee83r","text":"        }","type":"custom-code-block-java","depth":0,"inlineStyleRanges":[],"entityRanges":[],"data":{}},{"key":"2remd","text":"","type":"custom-code-block-java","depth":0,"inlineStyleRanges":[],"entityRanges":[],"data":{}},{"key":"27mun","text":"    }","type":"custom-code-block-java","depth":0,"inlineStyleRanges":[],"entityRanges":[],"data":{}},{"key":"5ltq7","text":"","type":"unstyled","depth":0,"inlineStyleRanges":[],"entityRanges":[],"data":{}},{"key":"duln1","text":"then you can add fragments to it , like bellow , Attention : what i have created bellow is for a TabLayout with dynamic tabs","type":"blockquote","depth":0,"inlineStyleRanges":[{"offset":17,"length":9,"style":"BOLD"},{"offset":49,"length":75,"style":"BOLD"}],"entityRanges":[],"data":{}},{"key":"coogq","text":"public void initializeTabLayout() {","type":"custom-code-block-java","depth":0,"inlineStyleRanges":[],"entityRanges":[],"data":{}},{"key":"kt0c","text":"        tabLayout = findViewById(R.id.user_tabLayout);","type":"custom-code-block-java","depth":0,"inlineStyleRanges":[],"entityRanges":[],"data":{}},{"key":"bganq","text":"        viewPager = findViewById(R.id.user_viewPager);","type":"custom-code-block-java","depth":0,"inlineStyleRanges":[],"entityRanges":[],"data":{}},{"key":"7mh15","text":"        PageAdapter adapter = new PageAdapter(getSupportFragmentManager());","type":"custom-code-block-java","depth":0,"inlineStyleRanges":[],"entityRanges":[],"data":{}},{"key":"6t1ku","text":"        adapter.AddFragment(new HomePage(), \"خانه\");","type":"custom-code-block-java","depth":0,"inlineStyleRanges":[],"entityRanges":[],"data":{}},{"key":"64mjs","text":"        adapter.AddFragment(new Contacts(),\"مخاطبان\");","type":"custom-code-block-java","depth":0,"inlineStyleRanges":[],"entityRanges":[],"data":{}},{"key":"2stit","text":"        adapter.notifyDataSetChanged();","type":"custom-code-block-java","depth":0,"inlineStyleRanges":[],"entityRanges":[],"data":{}},{"key":"bb8rr","text":"        tabLayout.setupWithViewPager(viewPager);","type":"custom-code-block-java","depth":0,"inlineStyleRanges":[],"entityRanges":[],"data":{}},{"key":"an4es","text":"        tabLayout.addOnTabSelectedListener(new TabLayout.OnTabSelectedListener() {","type":"custom-code-block-java","depth":0,"inlineStyleRanges":[],"entityRanges":[],"data":{}},{"key":"amfph","text":"            @Override","type":"custom-code-block-java","depth":0,"inlineStyleRanges":[],"entityRanges":[],"data":{}},{"key":"8qc0m","text":"            public void onTabSelected(TabLayout.Tab tab) {","type":"custom-code-block-java","depth":0,"inlineStyleRanges":[],"entityRanges":[],"data":{}},{"key":"f7pn5","text":"","type":"custom-code-block-java","depth":0,"inlineStyleRanges":[],"entityRanges":[],"data":{}},{"key":"4t7fj","text":"            }","type":"custom-code-block-java","depth":0,"inlineStyleRanges":[],"entityRanges":[],"data":{}},{"key":"d4d3f","text":"","type":"custom-code-block-java","depth":0,"inlineStyleRanges":[],"entityRanges":[],"data":{}},{"key":"974h0","text":"            @Override","type":"custom-code-block-java","depth":0,"inlineStyleRanges":[],"entityRanges":[],"data":{}},{"key":"6itqn","text":"            public void onTabUnselected(TabLayout.Tab tab) {","type":"custom-code-block-java","depth":0,"inlineStyleRanges":[],"entityRanges":[],"data":{}},{"key":"cga74","text":"","type":"custom-code-block-java","depth":0,"inlineStyleRanges":[],"entityRanges":[],"data":{}},{"key":"a0fnj","text":"            }","type":"custom-code-block-java","depth":0,"inlineStyleRanges":[],"entityRanges":[],"data":{}},{"key":"bs97v","text":"","type":"custom-code-block-java","depth":0,"inlineStyleRanges":[],"entityRanges":[],"data":{}},{"key":"2pev7","text":"            @Override","type":"custom-code-block-java","depth":0,"inlineStyleRanges":[],"entityRanges":[],"data":{}},{"key":"a872l","text":"            public void onTabReselected(TabLayout.Tab tab) {","type":"custom-code-block-java","depth":0,"inlineStyleRanges":[],"entityRanges":[],"data":{}},{"key":"2ckmn","text":"","type":"custom-code-block-java","depth":0,"inlineStyleRanges":[],"entityRanges":[],"data":{}},{"key":"agk0o","text":"            }","type":"custom-code-block-java","depth":0,"inlineStyleRanges":[],"entityRanges":[],"data":{}},{"key":"6dnj4","text":"        });","type":"custom-code-block-java","depth":0,"inlineStyleRanges":[],"entityRanges":[],"data":{}},{"key":"b36u4","text":"        tabLayout.getTabAt(0).setIcon(R.drawable.home);","type":"custom-code-block-java","depth":0,"inlineStyleRanges":[],"entityRanges":[],"data":{}},{"key":"76efh","text":"        tabLayout.getTabAt(1).setIcon(R.drawable.contacts);","type":"custom-code-block-java","depth":0,"inlineStyleRanges":[],"entityRanges":[],"data":{}},{"key":"1d3vp","text":"    }","type":"custom-code-block-java","depth":0,"inlineStyleRanges":[],"entityRanges":[],"data":{}},{"key":"e2ode","text":"","type":"unstyled","depth":0,"inlineStyleRanges":[],"entityRanges":[],"data":{}},{"key":"16v3i","text":"if you want to pass arguments to a Fragment and launch this fragments from your Activity with its arguments attached","type":"blockquote","depth":0,"inlineStyleRanges":[{"offset":35,"length":8,"style":"BOLD"},{"offset":80,"length":8,"style":"BOLD"}],"entityRanges":[],"data":{}},{"key":"21gvk","text":"HomePage homePage = new HomePage();","type":"custom-code-block-java","depth":0,"inlineStyleRanges":[],"entityRanges":[],"data":{}},{"key":"9qm83","text":"Bundle bundle = new Bundle();","type":"custom-code-block-java","depth":0,"inlineStyleRanges":[],"entityRanges":[],"data":{}},{"key":"27ofr","text":"bundle.getParcelable(\"userPassed\");","type":"custom-code-block-java","depth":0,"inlineStyleRanges":[],"entityRanges":[],"data":{}},{"key":"brjq","text":"homePage.setArguments(bundle);","type":"custom-code-block-java","depth":0,"inlineStyleRanges":[],"entityRanges":[],"data":{}},{"key":"4dsc5","text":"// then you should fire the fragment","type":"custom-code-block-java","depth":0,"inlineStyleRanges":[],"entityRanges":[],"data":{}},{"key":"ck8aa","text":"getSupportFragmentManager().beginTransaction().add(new SignIn(),\"sign_in\").commit();","type":"custom-code-block-java","depth":0,"inlineStyleRanges":[],"entityRanges":[],"data":{}},{"key":"31lli","text":"","type":"unstyled","depth":0,"inlineStyleRanges":[],"entityRanges":[],"data":{}},{"key":"d1kh","text":"and get this arguments in the fragment with","type":"blockquote","depth":0,"inlineStyleRanges":[],"entityRanges":[],"data":{}},{"key":"2sqrh","text":"Bundle bundle = getArguments();","type":"custom-code-block-java","depth":0,"inlineStyleRanges":[],"entityRanges":[],"data":{}}],"entityMap":{}},"tags":[]}