{"_id":"SksTuz5i4","title":"Cropping Images","dateCreated":1556912322659,"lastAccessed":"2019-05-03T19:38:42.662Z","lastUpdated":"2019-05-06T02:29:17.963Z","notebookId":"HyZvKx1sN","body":{"blocks":[{"key":"ag6qs","text":"Cropping Images","type":"header-one","depth":0,"inlineStyleRanges":[],"entityRanges":[],"data":{}},{"key":"cs128","text":"you can crop images with libraries because android default camera cropper won't pass the value back from crop","type":"blockquote","depth":0,"inlineStyleRanges":[{"offset":35,"length":74,"style":"BOLD"}],"entityRanges":[],"data":{}},{"key":"2d0mf","text":"two libraries wich i strictly suggest are as follows :","type":"blockquote","depth":0,"inlineStyleRanges":[],"entityRanges":[],"data":{}},{"key":"84jtr","text":"android-image-cropper","type":"ordered-list-item","depth":0,"inlineStyleRanges":[{"offset":0,"length":21,"style":"INLINECODE"}],"entityRanges":[],"data":{}},{"key":"f17hl","text":"UCrop","type":"ordered-list-item","depth":0,"inlineStyleRanges":[{"offset":0,"length":5,"style":"INLINECODE"}],"entityRanges":[],"data":{}},{"key":"9s62g","text":"we use android-image-cropper , you can find more about it by typing the name i wrote in the browser.","type":"blockquote","depth":0,"inlineStyleRanges":[{"offset":7,"length":24,"style":"BOLD"}],"entityRanges":[],"data":{}},{"key":"93tq9","text":"","type":"unstyled","depth":0,"inlineStyleRanges":[],"entityRanges":[],"data":{}},{"key":"em9g9","text":"steps :","type":"header-three","depth":0,"inlineStyleRanges":[{"offset":0,"length":7,"style":"BOLD"}],"entityRanges":[],"data":{}},{"key":"4van8","text":"first ) add the implementation to the gradle build ,  we are using version 7","type":"unstyled","depth":0,"inlineStyleRanges":[{"offset":0,"length":8,"style":"BOLD"}],"entityRanges":[],"data":{}},{"key":"7s7oe","text":"implementation 'com.theartofdev.edmodo:android-image-cropper:2.7.0'","type":"custom-code-block-makefile","depth":0,"inlineStyleRanges":[],"entityRanges":[],"data":{}},{"key":"1mrar","text":"","type":"unstyled","depth":0,"inlineStyleRanges":[],"entityRanges":[],"data":{}},{"key":"5p7af","text":"second ) add the activity to your manifest","type":"unstyled","depth":0,"inlineStyleRanges":[{"offset":0,"length":9,"style":"BOLD"}],"entityRanges":[],"data":{}},{"key":"anf9u","text":"<activity android:name=\"com.theartofdev.edmodo.cropper.CropImageActivity\"","type":"custom-code-block-makefile","depth":0,"inlineStyleRanges":[],"entityRanges":[],"data":{}},{"key":"c0in8","text":"            android:theme=\"@style/Base.Theme.AppCompat\"/>","type":"custom-code-block-makefile","depth":0,"inlineStyleRanges":[],"entityRanges":[],"data":{}},{"key":"ee5sb","text":"","type":"unstyled","depth":0,"inlineStyleRanges":[],"entityRanges":[],"data":{}},{"key":"fmpif","text":"Third ) now you can utilize it by just writing some simple code , Notice : you don't need to add two buttons for the user two choose between camera or gallery , the cropper would do it for you .","type":"unstyled","depth":0,"inlineStyleRanges":[{"offset":0,"length":8,"style":"BOLD"},{"offset":66,"length":9,"style":"BOLD"},{"offset":141,"length":6,"style":"BOLD"},{"offset":151,"length":7,"style":"BOLD"},{"offset":165,"length":7,"style":"BOLD"}],"entityRanges":[],"data":{}},{"key":"2371u","text":"","type":"unstyled","depth":0,"inlineStyleRanges":[],"entityRanges":[],"data":{}},{"key":"7fcb2","text":"","type":"unstyled","depth":0,"inlineStyleRanges":[],"entityRanges":[],"data":{}},{"key":"d87o4","text":"","type":"divider","depth":0,"inlineStyleRanges":[],"entityRanges":[],"data":{}},{"key":"cojp6","text":"","type":"unstyled","depth":0,"inlineStyleRanges":[],"entityRanges":[],"data":{}},{"key":"ct8nv","text":"","type":"unstyled","depth":0,"inlineStyleRanges":[],"entityRanges":[],"data":{}},{"key":"1rfjn","text":"To fire it , you need to write , Notice : there is nothing more , just this simple , it would launch the camera or gallery by user choice and it would then launch it's cropper .","type":"blockquote","depth":0,"inlineStyleRanges":[{"offset":33,"length":9,"style":"BOLD"}],"entityRanges":[],"data":{}},{"key":"eh709","text":"// if you are in a fragment","type":"custom-code-block-java","depth":0,"inlineStyleRanges":[],"entityRanges":[],"data":{}},{"key":"d1tm","text":"CropImage.activity().start(getContext(),RegisterFragment.this);","type":"custom-code-block-java","depth":0,"inlineStyleRanges":[],"entityRanges":[],"data":{}},{"key":"c42ni","text":"// if you want the selector to be Oval the oval is not supported yet , next year it would be supported probably","type":"custom-code-block-java","depth":0,"inlineStyleRanges":[{"offset":34,"length":4,"style":"INLINECODE"}],"entityRanges":[],"data":{}},{"key":"d9n9k","text":"CropImage.activity().setAspectRatio(1,1).setCropShape(CropImageView.CropShape.OVAL).start(getContext(),RegisterFragment.this);","type":"custom-code-block-java","depth":0,"inlineStyleRanges":[],"entityRanges":[],"data":{}},{"key":"5adnv","text":"","type":"unstyled","depth":0,"inlineStyleRanges":[],"entityRanges":[],"data":{}},{"key":"1odu0","text":"then we get the result in the OnActivityResult()","type":"blockquote","depth":0,"inlineStyleRanges":[{"offset":30,"length":18,"style":"INLINECODE"}],"entityRanges":[],"data":{}},{"key":"9qitc","text":"@Override","type":"custom-code-block-java","depth":0,"inlineStyleRanges":[],"entityRanges":[],"data":{}},{"key":"fbql5","text":"    public void onActivityResult(int requestCode, int resultCode, Intent data) {","type":"custom-code-block-java","depth":0,"inlineStyleRanges":[],"entityRanges":[],"data":{}},{"key":"75asb","text":"        ImageView imageView = view.findViewById(R.id.user_image);","type":"custom-code-block-java","depth":0,"inlineStyleRanges":[],"entityRanges":[],"data":{}},{"key":"f07ui","text":"","type":"custom-code-block-java","depth":0,"inlineStyleRanges":[],"entityRanges":[],"data":{}},{"key":"8bjuj","text":"        super.onActivityResult(requestCode,resultCode,data);","type":"custom-code-block-java","depth":0,"inlineStyleRanges":[],"entityRanges":[],"data":{}},{"key":"a2g7n","text":"","type":"custom-code-block-java","depth":0,"inlineStyleRanges":[],"entityRanges":[],"data":{}},{"key":"ai7be","text":"        if (requestCode == CropImage.CROP_IMAGE_ACTIVITY_REQUEST_CODE) {","type":"custom-code-block-java","depth":0,"inlineStyleRanges":[],"entityRanges":[],"data":{}},{"key":"ed3q8","text":"","type":"custom-code-block-java","depth":0,"inlineStyleRanges":[],"entityRanges":[],"data":{}},{"key":"9i4f4","text":"            CropImage.ActivityResult result = CropImage.getActivityResult(data);","type":"custom-code-block-java","depth":0,"inlineStyleRanges":[],"entityRanges":[],"data":{}},{"key":"3bqpk","text":"","type":"custom-code-block-java","depth":0,"inlineStyleRanges":[],"entityRanges":[],"data":{}},{"key":"dgr4u","text":"            if (resultCode == RESULT_OK) {","type":"custom-code-block-java","depth":0,"inlineStyleRanges":[],"entityRanges":[],"data":{}},{"key":"4n2k4","text":"","type":"custom-code-block-java","depth":0,"inlineStyleRanges":[],"entityRanges":[],"data":{}},{"key":"ea0s8","text":"                alertDialog.dismiss();","type":"custom-code-block-java","depth":0,"inlineStyleRanges":[],"entityRanges":[],"data":{}},{"key":"dvsf4","text":"                Uri resultUri = result.getUri();","type":"custom-code-block-java","depth":0,"inlineStyleRanges":[],"entityRanges":[],"data":{}},{"key":"8er1i","text":"","type":"custom-code-block-java","depth":0,"inlineStyleRanges":[],"entityRanges":[],"data":{}},{"key":"fdhvc","text":"                try {","type":"custom-code-block-java","depth":0,"inlineStyleRanges":[],"entityRanges":[],"data":{}},{"key":"1tp8o","text":"                    photo = MediaStore.Images.Media.getBitmap(getActivity().getContentResolver(), resultUri);","type":"custom-code-block-java","depth":0,"inlineStyleRanges":[],"entityRanges":[],"data":{}},{"key":"1a16l","text":"                       Glide.with(getActivity()).asBitmap().load(resultUri).apply(RequestOptions.circleCropTransform()).into(imageView);","type":"custom-code-block-java","depth":0,"inlineStyleRanges":[],"entityRanges":[],"data":{}},{"key":"7q1u4","text":"                } catch (IOException e) {","type":"custom-code-block-java","depth":0,"inlineStyleRanges":[],"entityRanges":[],"data":{}},{"key":"8rrdl","text":"                    e.printStackTrace();","type":"custom-code-block-java","depth":0,"inlineStyleRanges":[],"entityRanges":[],"data":{}},{"key":"1m82f","text":"                }","type":"custom-code-block-java","depth":0,"inlineStyleRanges":[],"entityRanges":[],"data":{}},{"key":"975t8","text":"","type":"custom-code-block-java","depth":0,"inlineStyleRanges":[],"entityRanges":[],"data":{}},{"key":"dr64f","text":"","type":"custom-code-block-java","depth":0,"inlineStyleRanges":[],"entityRanges":[],"data":{}},{"key":"7u7ok","text":"            } else if (resultCode == CropImage.CROP_IMAGE_ACTIVITY_RESULT_ERROR_CODE) {","type":"custom-code-block-java","depth":0,"inlineStyleRanges":[],"entityRanges":[],"data":{}},{"key":"daqp5","text":"","type":"custom-code-block-java","depth":0,"inlineStyleRanges":[],"entityRanges":[],"data":{}},{"key":"btcq9","text":"                Exception error = result.getError();","type":"custom-code-block-java","depth":0,"inlineStyleRanges":[],"entityRanges":[],"data":{}},{"key":"12nqs","text":"","type":"custom-code-block-java","depth":0,"inlineStyleRanges":[],"entityRanges":[],"data":{}},{"key":"atdg3","text":"            }","type":"custom-code-block-java","depth":0,"inlineStyleRanges":[],"entityRanges":[],"data":{}},{"key":"ceqms","text":"        }","type":"custom-code-block-java","depth":0,"inlineStyleRanges":[],"entityRanges":[],"data":{}},{"key":"c839r","text":"    }","type":"custom-code-block-java","depth":0,"inlineStyleRanges":[],"entityRanges":[],"data":{}},{"key":"189ne","text":"","type":"unstyled","depth":0,"inlineStyleRanges":[],"entityRanges":[],"data":{}}],"entityMap":{}},"tags":[]}