{"_id":"ByGttDEpV","title":"JavaScript Essentials Training","dateCreated":1558636921831,"lastAccessed":"2019-05-23T18:42:01.833Z","lastUpdated":"2019-05-24T19:56:59.000Z","notebookId":"rJGglQf24","body":{"blocks":[{"key":"ag6qs","text":"JavaScript Essentials Training","type":"header-one","depth":0,"inlineStyleRanges":[],"entityRanges":[],"data":{}},{"key":"fgfla","text":"","type":"unstyled","depth":0,"inlineStyleRanges":[],"entityRanges":[],"data":{}},{"key":"dtmp6","text":"Different Data Types In JavaScript","type":"blockquote","depth":0,"inlineStyleRanges":[],"entityRanges":[],"data":{}},{"key":"8d2qp","text":"Number","type":"unordered-list-item","depth":0,"inlineStyleRanges":[],"entityRanges":[],"data":{}},{"key":"fp5cd","text":"String","type":"unordered-list-item","depth":0,"inlineStyleRanges":[],"entityRanges":[],"data":{}},{"key":"be4u5","text":"Boolean","type":"unordered-list-item","depth":0,"inlineStyleRanges":[],"entityRanges":[],"data":{}},{"key":"4bgrk","text":"null","type":"unordered-list-item","depth":0,"inlineStyleRanges":[],"entityRanges":[],"data":{}},{"key":"8dhna","text":"undefined","type":"unordered-list-item","depth":0,"inlineStyleRanges":[],"entityRanges":[],"data":{}},{"key":"3o687","text":"Symbol","type":"unordered-list-item","depth":0,"inlineStyleRanges":[],"entityRanges":[],"data":{}},{"key":"252cq","text":"a variable also can be a function ( see Anonymous Fucntions Section )","type":"unordered-list-item","depth":0,"inlineStyleRanges":[],"entityRanges":[],"data":{}},{"key":"2of64","text":"use typeof to understand which type a variable is","type":"unstyled","depth":0,"inlineStyleRanges":[{"offset":4,"length":6,"style":"INLINECODE"},{"offset":38,"length":8,"style":"INLINECODE"}],"entityRanges":[],"data":{}},{"key":"2tmbu","text":"","type":"unstyled","depth":0,"inlineStyleRanges":[],"entityRanges":[],"data":{}},{"key":"bvj6j","text":"","type":"unstyled","depth":0,"inlineStyleRanges":[],"entityRanges":[],"data":{}},{"key":"flqp9","text":"","type":"divider","depth":0,"inlineStyleRanges":[],"entityRanges":[],"data":{}},{"key":"6vkr7","text":"","type":"unstyled","depth":0,"inlineStyleRanges":[],"entityRanges":[],"data":{}},{"key":"45o5u","text":"Different Types Of Functions In JavaScript","type":"blockquote","depth":0,"inlineStyleRanges":[],"entityRanges":[],"data":{}},{"key":"e9n44","text":"Named Functions","type":"unordered-list-item","depth":0,"inlineStyleRanges":[],"entityRanges":[],"data":{}},{"key":"1il27","text":"function arash() {","type":"custom-code-block-javascript","depth":0,"inlineStyleRanges":[],"entityRanges":[],"data":{}},{"key":"7bj5r","text":"   // do some jobs","type":"custom-code-block-javascript","depth":0,"inlineStyleRanges":[],"entityRanges":[],"data":{}},{"key":"7t7sd","text":"   return some;","type":"custom-code-block-javascript","depth":0,"inlineStyleRanges":[],"entityRanges":[],"data":{}},{"key":"78qe8","text":"}","type":"custom-code-block-javascript","depth":0,"inlineStyleRanges":[],"entityRanges":[],"data":{}},{"key":"4dlr6","text":"Anonymous Functions , ( they don't have a name )","type":"unordered-list-item","depth":0,"inlineStyleRanges":[],"entityRanges":[],"data":{}},{"key":"9vkeq","text":"var samandar = function(a,b) {","type":"custom-code-block-javascript","depth":0,"inlineStyleRanges":[],"entityRanges":[],"data":{}},{"key":"66m0r","text":"   var x = a + b;","type":"custom-code-block-javascript","depth":0,"inlineStyleRanges":[],"entityRanges":[],"data":{}},{"key":"cjha3","text":"   return x;","type":"custom-code-block-javascript","depth":0,"inlineStyleRanges":[],"entityRanges":[],"data":{}},{"key":"37i6e","text":"}","type":"custom-code-block-javascript","depth":0,"inlineStyleRanges":[],"entityRanges":[],"data":{}},{"key":"c2umj","text":"// and now calling it would be like :","type":"custom-code-block-javascript","depth":0,"inlineStyleRanges":[],"entityRanges":[],"data":{}},{"key":"2u4t","text":"console.log(samandar(4,7));","type":"custom-code-block-javascript","depth":0,"inlineStyleRanges":[],"entityRanges":[],"data":{}},{"key":"1fjhd","text":"Immediately invoked Function Expressions","type":"unordered-list-item","depth":0,"inlineStyleRanges":[],"entityRanges":[],"data":{}},{"key":"6soj6","text":"(function(){","type":"custom-code-block-javascript","depth":0,"inlineStyleRanges":[],"entityRanges":[],"data":{}},{"key":"8ds29","text":"   var result = x + y;","type":"custom-code-block-javascript","depth":0,"inlineStyleRanges":[],"entityRanges":[],"data":{}},{"key":"fe6ls","text":"   console.log(result);","type":"custom-code-block-javascript","depth":0,"inlineStyleRanges":[],"entityRanges":[],"data":{}},{"key":"6n70r","text":"}(); // because it dosn't have a name () is at the end , to trigger the function","type":"custom-code-block-javascript","depth":0,"inlineStyleRanges":[{"offset":38,"length":2,"style":"INLINECODE"}],"entityRanges":[],"data":{}},{"key":"busm2","text":"","type":"custom-code-block-javascript","depth":0,"inlineStyleRanges":[],"entityRanges":[],"data":{}},{"key":"6lj15","text":"// use with arguments","type":"custom-code-block-javascript","depth":0,"inlineStyleRanges":[],"entityRanges":[],"data":{}},{"key":"7klsc","text":"","type":"custom-code-block-javascript","depth":0,"inlineStyleRanges":[],"entityRanges":[],"data":{}},{"key":"d56bu","text":"var firstFraction = 7/9;","type":"custom-code-block-javascript","depth":0,"inlineStyleRanges":[],"entityRanges":[],"data":{}},{"key":"eb13f","text":"var secondFraction = 13/25;","type":"custom-code-block-javascript","depth":0,"inlineStyleRanges":[],"entityRanges":[],"data":{}},{"key":"cnt1j","text":"var theBiggest = (function(a,b){","type":"custom-code-block-javascript","depth":0,"inlineStyleRanges":[],"entityRanges":[],"data":{}},{"key":"1i619","text":"    return 10;","type":"custom-code-block-javascript","depth":0,"inlineStyleRanges":[],"entityRanges":[],"data":{}},{"key":"38ph8","text":"})(firstFraction,secondFraction)","type":"custom-code-block-javascript","depth":0,"inlineStyleRanges":[],"entityRanges":[],"data":{}},{"key":"a66fb","text":"","type":"custom-code-block-javascript","depth":0,"inlineStyleRanges":[],"entityRanges":[],"data":{}},{"key":"tbsr","text":"console.log(theBiggest);","type":"custom-code-block-javascript","depth":0,"inlineStyleRanges":[],"entityRanges":[],"data":{}},{"key":"3g8rs","text":"","type":"unstyled","depth":0,"inlineStyleRanges":[],"entityRanges":[],"data":{}},{"key":"54hjs","text":"","type":"unstyled","depth":0,"inlineStyleRanges":[],"entityRanges":[],"data":{}},{"key":"5337a","text":"an interesting example of a function that uses the global variable like it's arguments","type":"blockquote","depth":0,"inlineStyleRanges":[{"offset":51,"length":6,"style":"INLINECODE"},{"offset":58,"length":8,"style":"INLINECODE"}],"entityRanges":[],"data":{}},{"key":"eo3rp","text":"var a = 10 , b = 20;","type":"custom-code-block-javascript","depth":0,"inlineStyleRanges":[],"entityRanges":[],"data":{}},{"key":"bt3tg","text":"function findTheBiggestNumber() {","type":"custom-code-block-javascript","depth":0,"inlineStyleRanges":[],"entityRanges":[],"data":{}},{"key":"9dic0","text":"   a > b ? console.log(a) : console.log(b);","type":"custom-code-block-javascript","depth":0,"inlineStyleRanges":[],"entityRanges":[],"data":{}},{"key":"cmnn3","text":"}","type":"custom-code-block-javascript","depth":0,"inlineStyleRanges":[],"entityRanges":[],"data":{}},{"key":"agqp0","text":"findTheBiggestNumber();","type":"custom-code-block-javascript","depth":0,"inlineStyleRanges":[],"entityRanges":[],"data":{}},{"key":"60ib0","text":"","type":"custom-code-block-javascript","depth":0,"inlineStyleRanges":[],"entityRanges":[],"data":{}},{"key":"b2vrr","text":"// NOTE now if the var a= 10 , b = 20 where under this function , the function would not work","type":"custom-code-block-javascript","depth":0,"inlineStyleRanges":[{"offset":3,"length":4,"style":"INLINECODE"},{"offset":3,"length":4,"style":"BOLD"}],"entityRanges":[],"data":{}},{"key":"7v8qm","text":"// to make this function independent of the global variable that we defined , use Arguments","type":"custom-code-block-javascript","depth":0,"inlineStyleRanges":[{"offset":44,"length":6,"style":"INLINECODE"},{"offset":78,"length":13,"style":"INLINECODE"}],"entityRanges":[],"data":{}},{"key":"3ign3","text":"// like so :","type":"custom-code-block-javascript","depth":0,"inlineStyleRanges":[],"entityRanges":[],"data":{}},{"key":"7g18d","text":"function findBiggestNumber(a,b) {","type":"custom-code-block-javascript","depth":0,"inlineStyleRanges":[],"entityRanges":[],"data":{}},{"key":"dfj8j","text":"   // all the same like above","type":"custom-code-block-javascript","depth":0,"inlineStyleRanges":[],"entityRanges":[],"data":{}},{"key":"a3tb5","text":"}","type":"custom-code-block-javascript","depth":0,"inlineStyleRanges":[],"entityRanges":[],"data":{}},{"key":"270hi","text":"var firstFraction = 3/4 , secondFraction = 5/7;","type":"custom-code-block-javascript","depth":0,"inlineStyleRanges":[],"entityRanges":[],"data":{}},{"key":"ak73e","text":"findBiggestNumber(firstFraction,secondFraction); // or","type":"custom-code-block-javascript","depth":0,"inlineStyleRanges":[],"entityRanges":[],"data":{}},{"key":"2dvf8","text":"","type":"unstyled","depth":0,"inlineStyleRanges":[],"entityRanges":[],"data":{}},{"key":"c7un7","text":"","type":"divider","depth":0,"inlineStyleRanges":[],"entityRanges":[],"data":{}},{"key":"726h0","text":"","type":"unstyled","depth":0,"inlineStyleRanges":[],"entityRanges":[],"data":{}},{"key":"bvcv7","text":"using const","type":"blockquote","depth":0,"inlineStyleRanges":[{"offset":6,"length":5,"style":"INLINECODE"}],"entityRanges":[],"data":{}},{"key":"30h6u","text":"// for const , you can not change the value of const , after you define it .","type":"custom-code-block-javascript","depth":0,"inlineStyleRanges":[{"offset":7,"length":5,"style":"INLINECODE"},{"offset":47,"length":5,"style":"INLINECODE"}],"entityRanges":[],"data":{}},{"key":"eeuta","text":"const ARASH_FULL_NAME = \"arash samandar\";","type":"custom-code-block-javascript","depth":0,"inlineStyleRanges":[],"entityRanges":[],"data":{}},{"key":"ddpin","text":"","type":"unstyled","depth":0,"inlineStyleRanges":[],"entityRanges":[],"data":{}},{"key":"63aqv","text":"using Let  , if you don't want your local variable to overlap eachOthers Value , you have to use Let , like bellow :","type":"blockquote","depth":0,"inlineStyleRanges":[{"offset":6,"length":4,"style":"INLINECODE"},{"offset":36,"length":14,"style":"INLINECODE"},{"offset":97,"length":3,"style":"INLINECODE"}],"entityRanges":[],"data":{}},{"key":"cbs8q","text":"if other word : if you want to limit the scope of a variable to just one code block use Let","type":"blockquote","depth":0,"inlineStyleRanges":[{"offset":73,"length":10,"style":"INLINECODE"},{"offset":88,"length":3,"style":"INLINECODE"}],"entityRanges":[],"data":{}},{"key":"cu274","text":"function logScope() {","type":"custom-code-block-javascript","depth":0,"inlineStyleRanges":[],"entityRanges":[],"data":{}},{"key":"9ik61","text":"   let localVar =  2;","type":"custom-code-block-javascript","depth":0,"inlineStyleRanges":[],"entityRanges":[],"data":{}},{"key":"6lhun","text":"   if(localVar) {","type":"custom-code-block-javascript","depth":0,"inlineStyleRanges":[],"entityRanges":[],"data":{}},{"key":"blpoo","text":"      let localVar = \"i'm different!\";","type":"custom-code-block-javascript","depth":0,"inlineStyleRanges":[],"entityRanges":[],"data":{}},{"key":"crg70","text":"      console.log(\"nested localVar : \" , localVar);","type":"custom-code-block-javascript","depth":0,"inlineStyleRanges":[],"entityRanges":[],"data":{}},{"key":"5ibd5","text":"   }","type":"custom-code-block-javascript","depth":0,"inlineStyleRanges":[],"entityRanges":[],"data":{}},{"key":"iji","text":"   console.log(\"logScope localVar : \" , localVar);","type":"custom-code-block-javascript","depth":0,"inlineStyleRanges":[],"entityRanges":[],"data":{}},{"key":"br3lo","text":"}","type":"custom-code-block-javascript","depth":0,"inlineStyleRanges":[],"entityRanges":[],"data":{}},{"key":"f313e","text":"","type":"custom-code-block-javascript","depth":0,"inlineStyleRanges":[],"entityRanges":[],"data":{}},{"key":"1scjr","text":"logScop(); // the result is nested localvar : i'm different , and logScope localVar : 2","type":"custom-code-block-javascript","depth":0,"inlineStyleRanges":[],"entityRanges":[],"data":{}},{"key":"b6kur","text":"// if we used var in both places , we would get the same result for both .","type":"custom-code-block-javascript","depth":0,"inlineStyleRanges":[],"entityRanges":[],"data":{}},{"key":"88b57","text":"","type":"unstyled","depth":0,"inlineStyleRanges":[],"entityRanges":[],"data":{}},{"key":"dcg20","text":"","type":"unstyled","depth":0,"inlineStyleRanges":[],"entityRanges":[],"data":{}},{"key":"dvnm1","text":"","type":"divider","depth":0,"inlineStyleRanges":[],"entityRanges":[],"data":{}},{"key":"3rv0v","text":"","type":"unstyled","depth":0,"inlineStyleRanges":[],"entityRanges":[],"data":{}},{"key":"1shjg","text":"","type":"divider","depth":0,"inlineStyleRanges":[],"entityRanges":[],"data":{}},{"key":"ahjq1","text":"","type":"unstyled","depth":0,"inlineStyleRanges":[],"entityRanges":[],"data":{}},{"key":"69meu","text":"Objects Definition","type":"header-one","depth":0,"inlineStyleRanges":[],"entityRanges":[],"data":{}},{"key":"97n3q","text":"Objects are data Models that allow us to combine properties and methods for specific data set in an structured way","type":"blockquote","depth":0,"inlineStyleRanges":[],"entityRanges":[],"data":{}},{"key":"8ff7i","text":"","type":"unstyled","depth":0,"inlineStyleRanges":[],"entityRanges":[],"data":{}},{"key":"r8mk","text":"where we should using object ?","type":"unstyled","depth":0,"inlineStyleRanges":[{"offset":0,"length":30,"style":"BOLD"}],"entityRanges":[],"data":{}},{"key":"bq082","text":"for a single title , for example a simple Course with its properties , we can use variable . but if we have a list of courses , we have to use a multi-dimentianal array , and even then it would become hard to manage .","type":"blockquote","depth":0,"inlineStyleRanges":[],"entityRanges":[],"data":{}},{"key":"6nmq8","text":"","type":"unstyled","depth":0,"inlineStyleRanges":[],"entityRanges":[],"data":{}},{"key":"7f90g","text":"","type":"unstyled","depth":0,"inlineStyleRanges":[],"entityRanges":[],"data":{}},{"key":"6kaj0","text":"","type":"divider","depth":0,"inlineStyleRanges":[],"entityRanges":[],"data":{}},{"key":"ah7pm","text":"","type":"unstyled","depth":0,"inlineStyleRanges":[],"entityRanges":[],"data":{}},{"key":"e8b1r","text":"","type":"unstyled","depth":0,"inlineStyleRanges":[],"entityRanges":[],"data":{}},{"key":"8rjhm","text":"Create An Object","type":"header-two","depth":0,"inlineStyleRanges":[{"offset":0,"length":16,"style":"BOLD"}],"entityRanges":[],"data":{}},{"key":"55m0g","text":"","type":"unstyled","depth":0,"inlineStyleRanges":[],"entityRanges":[],"data":{}},{"key":"e0ml4","text":"Approach One :","type":"unstyled","depth":0,"inlineStyleRanges":[],"entityRanges":[],"data":{}},{"key":"6s69a","text":"var Course = new Object();","type":"custom-code-block-javascript","depth":0,"inlineStyleRanges":[],"entityRanges":[],"data":{}},{"key":"a1nst","text":"","type":"custom-code-block-javascript","depth":0,"inlineStyleRanges":[],"entityRanges":[],"data":{}},{"key":"4g2qf","text":"// these ara like variables of this object . ( or properties )","type":"custom-code-block-javascript","depth":0,"inlineStyleRanges":[],"entityRanges":[],"data":{}},{"key":"dnvi0","text":"course.title = \"javaScript Essential Training\";","type":"custom-code-block-javascript","depth":0,"inlineStyleRanges":[],"entityRanges":[],"data":{}},{"key":"bik6p","text":"course.instructor = \"Arash Samandar\";","type":"custom-code-block-javascript","depth":0,"inlineStyleRanges":[],"entityRanges":[],"data":{}},{"key":"4toe6","text":"course.level = 1;","type":"custom-code-block-javascript","depth":0,"inlineStyleRanges":[],"entityRanges":[],"data":{}},{"key":"aqepd","text":"course.published = true;","type":"custom-code-block-javascript","depth":0,"inlineStyleRanges":[],"entityRanges":[],"data":{}},{"key":"9foog","text":"// and etc....","type":"custom-code-block-javascript","depth":0,"inlineStyleRanges":[],"entityRanges":[],"data":{}},{"key":"3hhnt","text":"","type":"unstyled","depth":0,"inlineStyleRanges":[],"entityRanges":[],"data":{}},{"key":"6fhn2","text":"Approach Two","type":"unstyled","depth":0,"inlineStyleRanges":[],"entityRanges":[],"data":{}},{"key":"oevs","text":"var course = {","type":"custom-code-block-javascript","depth":0,"inlineStyleRanges":[],"entityRanges":[],"data":{}},{"key":"83lna","text":"   title : \"javascript essential training\",","type":"custom-code-block-javascript","depth":0,"inlineStyleRanges":[],"entityRanges":[],"data":{}},{"key":"3c1cr","text":"   instructor : \"arash samandar\",","type":"custom-code-block-javascript","depth":0,"inlineStyleRanges":[],"entityRanges":[],"data":{}},{"key":"11fba","text":"   level : 1,","type":"custom-code-block-javascript","depth":0,"inlineStyleRanges":[],"entityRanges":[],"data":{}},{"key":"4at31","text":"   published : true,","type":"custom-code-block-javascript","depth":0,"inlineStyleRanges":[],"entityRanges":[],"data":{}},{"key":"51k7","text":"   views : 0,","type":"custom-code-block-javascript","depth":0,"inlineStyleRanges":[],"entityRanges":[],"data":{}},{"key":"52hqg","text":"   updateViews : function() {","type":"custom-code-block-javascript","depth":0,"inlineStyleRanges":[],"entityRanges":[],"data":{}},{"key":"3osbt","text":"      return ++course.views;","type":"custom-code-block-javascript","depth":0,"inlineStyleRanges":[],"entityRanges":[],"data":{}},{"key":"3ctj0","text":"   }","type":"custom-code-block-javascript","depth":0,"inlineStyleRanges":[],"entityRanges":[],"data":{}},{"key":"1esor","text":"}","type":"custom-code-block-javascript","depth":0,"inlineStyleRanges":[],"entityRanges":[],"data":{}},{"key":"88a11","text":"console.log(course.views);","type":"custom-code-block-javascript","depth":0,"inlineStyleRanges":[],"entityRanges":[],"data":{}},{"key":"9v9br","text":"course.updateViews();","type":"custom-code-block-javascript","depth":0,"inlineStyleRanges":[],"entityRanges":[],"data":{}},{"key":"cec2k","text":"console.log(course.views);","type":"custom-code-block-javascript","depth":0,"inlineStyleRanges":[],"entityRanges":[],"data":{}},{"key":"94t3a","text":"","type":"unstyled","depth":0,"inlineStyleRanges":[],"entityRanges":[],"data":{}},{"key":"ck3m8","text":"Approach Three . Important : Create With Constructor","type":"unstyled","depth":0,"inlineStyleRanges":[{"offset":17,"length":11,"style":"BOLD"},{"offset":41,"length":11,"style":"BOLD"}],"entityRanges":[],"data":{}},{"key":"ghr7","text":"function User(name,family,age,job,level,rate,type) {","type":"custom-code-block-javascript","depth":0,"inlineStyleRanges":[],"entityRanges":[],"data":{}},{"key":"biek5","text":"    this.name = name;","type":"custom-code-block-javascript","depth":0,"inlineStyleRanges":[],"entityRanges":[],"data":{}},{"key":"7qj64","text":"    this.family = family;","type":"custom-code-block-javascript","depth":0,"inlineStyleRanges":[],"entityRanges":[],"data":{}},{"key":"3tfsd","text":"    this.age = age;","type":"custom-code-block-javascript","depth":0,"inlineStyleRanges":[],"entityRanges":[],"data":{}},{"key":"6h37g","text":"    this.job = job;","type":"custom-code-block-javascript","depth":0,"inlineStyleRanges":[],"entityRanges":[],"data":{}},{"key":"8mn64","text":"    this.level = level;","type":"custom-code-block-javascript","depth":0,"inlineStyleRanges":[],"entityRanges":[],"data":{}},{"key":"nkfq","text":"    this.rate = rate;","type":"custom-code-block-javascript","depth":0,"inlineStyleRanges":[],"entityRanges":[],"data":{}},{"key":"24fmm","text":"    this.updateRate = function() {","type":"custom-code-block-javascript","depth":0,"inlineStyleRanges":[],"entityRanges":[],"data":{}},{"key":"eh29e","text":"        return ++this.rate;","type":"custom-code-block-javascript","depth":0,"inlineStyleRanges":[],"entityRanges":[],"data":{}},{"key":"ctmd5","text":"    };","type":"custom-code-block-javascript","depth":0,"inlineStyleRanges":[],"entityRanges":[],"data":{}},{"key":"10a2p","text":"}","type":"custom-code-block-javascript","depth":0,"inlineStyleRanges":[],"entityRanges":[],"data":{}},{"key":"3rpt3","text":"","type":"custom-code-block-javascript","depth":0,"inlineStyleRanges":[],"entityRanges":[],"data":{}},{"key":"f0td7","text":"// now you can create any Object of this type , Using just :","type":"custom-code-block-javascript","depth":0,"inlineStyleRanges":[],"entityRanges":[],"data":{}},{"key":"9a4ck","text":"var arash = new User(\"arash\",\"samandar\",30,\"programmer\",5,958,\"Master\");","type":"custom-code-block-javascript","depth":0,"inlineStyleRanges":[],"entityRanges":[],"data":{}},{"key":"bkbav","text":"arash.family // return samandar","type":"custom-code-block-javascript","depth":0,"inlineStyleRanges":[],"entityRanges":[],"data":{}},{"key":"2alfp","text":"arash.rate // returns 958","type":"custom-code-block-javascript","depth":0,"inlineStyleRanges":[],"entityRanges":[],"data":{}},{"key":"3m7em","text":"arash.updateRate // return 959","type":"custom-code-block-javascript","depth":0,"inlineStyleRanges":[],"entityRanges":[],"data":{}},{"key":"92rm0","text":"","type":"custom-code-block-javascript","depth":0,"inlineStyleRanges":[],"entityRanges":[],"data":{}},{"key":"dtptk","text":"// we can even create an Array of this Object , just like :","type":"custom-code-block-javascript","depth":0,"inlineStyleRanges":[{"offset":3,"length":56,"style":"BOLD"},{"offset":25,"length":5,"style":"INLINECODE"}],"entityRanges":[],"data":{}},{"key":"72f6h","text":"var userArrays = new Array();","type":"custom-code-block-javascript","depth":0,"inlineStyleRanges":[],"entityRanges":[],"data":{}},{"key":"fq812","text":"userArrays = [","type":"custom-code-block-javascript","depth":0,"inlineStyleRanges":[],"entityRanges":[],"data":{}},{"key":"60afi","text":"   new User(\"mohsen\",\"yegane\",12,\"Graphist\",2,512,\"beginner\");","type":"custom-code-block-javascript","depth":0,"inlineStyleRanges":[],"entityRanges":[],"data":{}},{"key":"d99s9","text":"   new User(\"amir\",\"pashayee\",20,\"Designer\",6,689,\"Advanced\");","type":"custom-code-block-javascript","depth":0,"inlineStyleRanges":[],"entityRanges":[],"data":{}},{"key":"21i3g","text":"]","type":"custom-code-block-javascript","depth":0,"inlineStyleRanges":[],"entityRanges":[],"data":{}},{"key":"6d2aq","text":"","type":"custom-code-block-javascript","depth":0,"inlineStyleRanges":[],"entityRanges":[],"data":{}},{"key":"bkpcf","text":"console.log(userArrays[0].family) // returns yegane","type":"custom-code-block-javascript","depth":0,"inlineStyleRanges":[],"entityRanges":[],"data":{}},{"key":"brl0p","text":"","type":"unstyled","depth":0,"inlineStyleRanges":[],"entityRanges":[],"data":{}},{"key":"ec9u8","text":"","type":"unstyled","depth":0,"inlineStyleRanges":[],"entityRanges":[],"data":{}},{"key":"7pgmg","text":"","type":"divider","depth":0,"inlineStyleRanges":[],"entityRanges":[],"data":{}},{"key":"8sf2h","text":"","type":"unstyled","depth":0,"inlineStyleRanges":[],"entityRanges":[],"data":{}},{"key":"5gv76","text":"Closures","type":"header-two","depth":0,"inlineStyleRanges":[],"entityRanges":[],"data":{}},{"key":"10l5f","text":"basically what closures are , is function ( code block ) inside function , and return the function instead of returning the result to the variable . lets see :","type":"blockquote","depth":0,"inlineStyleRanges":[],"entityRanges":[],"data":{}},{"key":"fe4jb","text":"function doSomeMath() {","type":"custom-code-block-javascript","depth":0,"inlineStyleRanges":[],"entityRanges":[],"data":{}},{"key":"5s0ci","text":"   var a = 5;var b = 4;","type":"custom-code-block-javascript","depth":0,"inlineStyleRanges":[],"entityRanges":[],"data":{}},{"key":"c51ok","text":"   function multiply() {","type":"custom-code-block-javascript","depth":0,"inlineStyleRanges":[],"entityRanges":[],"data":{}},{"key":"91mgo","text":"      var result = a*b;","type":"custom-code-block-javascript","depth":0,"inlineStyleRanges":[],"entityRanges":[],"data":{}},{"key":"auqqh","text":"      return result;","type":"custom-code-block-javascript","depth":0,"inlineStyleRanges":[],"entityRanges":[],"data":{}},{"key":"3bk7v","text":"   }","type":"custom-code-block-javascript","depth":0,"inlineStyleRanges":[],"entityRanges":[],"data":{}},{"key":"bbdhj","text":"   return multiply;","type":"custom-code-block-javascript","depth":0,"inlineStyleRanges":[],"entityRanges":[],"data":{}},{"key":"b7vq7","text":"}","type":"custom-code-block-javascript","depth":0,"inlineStyleRanges":[],"entityRanges":[],"data":{}},{"key":"83oep","text":"","type":"custom-code-block-javascript","depth":0,"inlineStyleRanges":[],"entityRanges":[],"data":{}},{"key":"fhph1","text":"var theResult = doSomeMath() // this theResult now have the entire multiply() function , in it","type":"custom-code-block-javascript","depth":0,"inlineStyleRanges":[{"offset":37,"length":9,"style":"INLINECODE"},{"offset":67,"length":10,"style":"INLINECODE"}],"entityRanges":[],"data":{}},{"key":"ege6n","text":"console.log(\"the result : \",theResult()) // it would return 20 , strange isn't it :)","type":"custom-code-block-javascript","depth":0,"inlineStyleRanges":[{"offset":60,"length":2,"style":"INLINECODE"}],"entityRanges":[],"data":{}},{"key":"8031k","text":"NOTE : Closures only work because Browser Detects that this returned function ( the multiply is chaned to doSomeMath by the used variable a and b wich are insid it .","type":"blockquote","depth":0,"inlineStyleRanges":[{"offset":84,"length":8,"style":"INLINECODE"},{"offset":106,"length":10,"style":"INLINECODE"}],"entityRanges":[],"data":{}},{"key":"524s4","text":"","type":"unstyled","depth":0,"inlineStyleRanges":[],"entityRanges":[],"data":{}},{"key":"das5l","text":"the use of Closures","type":"header-three","depth":0,"inlineStyleRanges":[],"entityRanges":[],"data":{}},{"key":"57ars","text":"for example ems in css are difficult to calculate , by using Closures we can make things simpler","type":"blockquote","depth":0,"inlineStyleRanges":[],"entityRanges":[],"data":{}},{"key":"sp0u","text":"function giveMeEms(pixels) {","type":"custom-code-block-javascript","depth":0,"inlineStyleRanges":[],"entityRanges":[],"data":{}},{"key":"e1p6k","text":"   var baseValue = 16;","type":"custom-code-block-javascript","depth":0,"inlineStyleRanges":[],"entityRanges":[],"data":{}},{"key":"5htpk","text":"   function doTheMath() {","type":"custom-code-block-javascript","depth":0,"inlineStyleRanges":[],"entityRanges":[],"data":{}},{"key":"eig5t","text":"      return pixels/baseValue;","type":"custom-code-block-javascript","depth":0,"inlineStyleRanges":[],"entityRanges":[],"data":{}},{"key":"5jmes","text":"   }","type":"custom-code-block-javascript","depth":0,"inlineStyleRanges":[],"entityRanges":[],"data":{}},{"key":"d1eej","text":"   return doTheMath;","type":"custom-code-block-javascript","depth":0,"inlineStyleRanges":[],"entityRanges":[],"data":{}},{"key":"f5nqk","text":"}","type":"custom-code-block-javascript","depth":0,"inlineStyleRanges":[],"entityRanges":[],"data":{}},{"key":"a2t74","text":"","type":"custom-code-block-javascript","depth":0,"inlineStyleRanges":[],"entityRanges":[],"data":{}},{"key":"4dp86","text":"var smallSize = giveMeEms(12);","type":"custom-code-block-javascript","depth":0,"inlineStyleRanges":[],"entityRanges":[],"data":{}},{"key":"8pmf7","text":"var xlargeSize = giveMeEms(32);","type":"custom-code-block-javascript","depth":0,"inlineStyleRanges":[],"entityRanges":[],"data":{}},{"key":"2eu6q","text":"","type":"custom-code-block-javascript","depth":0,"inlineStyleRanges":[],"entityRanges":[],"data":{}},{"key":"5u4ef","text":"console.log(\"small size : \" , smallSize()) // calculates and returns what you want","type":"custom-code-block-javascript","depth":0,"inlineStyleRanges":[],"entityRanges":[],"data":{}},{"key":"8gq7i","text":"console.log(\"xlarge size : \" , xlargeSize()) // calculates and returns what you want","type":"custom-code-block-javascript","depth":0,"inlineStyleRanges":[],"entityRanges":[],"data":{}},{"key":"5mtdi","text":"","type":"unstyled","depth":0,"inlineStyleRanges":[],"entityRanges":[],"data":{}},{"key":"1tlt5","text":"","type":"unstyled","depth":0,"inlineStyleRanges":[],"entityRanges":[],"data":{}},{"key":"4m5ll","text":"","type":"divider","depth":0,"inlineStyleRanges":[],"entityRanges":[],"data":{}},{"key":"7rjvu","text":"","type":"unstyled","depth":0,"inlineStyleRanges":[],"entityRanges":[],"data":{}},{"key":"dhdhn","text":"Document Object Model ( DOM )","type":"header-two","depth":0,"inlineStyleRanges":[],"entityRanges":[],"data":{}},{"key":"6vhcj","text":"the browser is an object , and the document it displays is an object too .","type":"unstyled","depth":0,"inlineStyleRanges":[],"entityRanges":[],"data":{}},{"key":"d64m2","text":"Some Functions Of It :","type":"unstyled","depth":0,"inlineStyleRanges":[{"offset":0,"length":22,"style":"BOLD"}],"entityRanges":[],"data":{}},{"key":"9bb45","text":"","type":"unstyled","depth":0,"inlineStyleRanges":[],"entityRanges":[],"data":{}},{"key":"8qkim","text":"window.innerWidth","type":"unordered-list-item","depth":0,"inlineStyleRanges":[{"offset":0,"length":17,"style":"INLINECODE"}],"entityRanges":[],"data":{}},{"key":"ff9vl","text":"window.open","type":"unordered-list-item","depth":0,"inlineStyleRanges":[{"offset":0,"length":11,"style":"INLINECODE"}],"entityRanges":[],"data":{}},{"key":"5hbcd","text":"window is the top Object in the BOM","type":"unordered-list-item","depth":0,"inlineStyleRanges":[],"entityRanges":[],"data":{}},{"key":"60lmd","text":" ","type":"atomic","depth":0,"inlineStyleRanges":[],"entityRanges":[{"offset":0,"length":1,"key":0}],"data":{}},{"key":"5kk24","text":"","type":"unstyled","depth":0,"inlineStyleRanges":[],"entityRanges":[],"data":{}},{"key":"6aqqh","text":"","type":"divider","depth":0,"inlineStyleRanges":[],"entityRanges":[],"data":{}},{"key":"62af9","text":"Target Elements In The Dom With QuerySelector","type":"header-two","depth":0,"inlineStyleRanges":[],"entityRanges":[],"data":{}},{"key":"4larh","text":"","type":"unstyled","depth":0,"inlineStyleRanges":[],"entityRanges":[],"data":{}},{"key":"9vhpq","text":"document.body; // the body elements","type":"custom-code-block-javascript","depth":0,"inlineStyleRanges":[],"entityRanges":[],"data":{}},{"key":"3si1l","text":"document.title // the title element","type":"custom-code-block-javascript","depth":0,"inlineStyleRanges":[],"entityRanges":[],"data":{}},{"key":"a99ek","text":"documet.URL // the URL element","type":"custom-code-block-javascript","depth":0,"inlineStyleRanges":[],"entityRanges":[],"data":{}},{"key":"am1nf","text":"","type":"unstyled","depth":0,"inlineStyleRanges":[],"entityRanges":[],"data":{}},{"key":"fbtv8","text":"now for DOM elements","type":"blockquote","depth":0,"inlineStyleRanges":[],"entityRanges":[],"data":{}},{"key":"bhpkl","text":"// traditionally we used","type":"custom-code-block-javascript","depth":0,"inlineStyleRanges":[],"entityRanges":[],"data":{}},{"key":"fldvo","text":"document.getElementById();","type":"custom-code-block-javascript","depth":0,"inlineStyleRanges":[],"entityRanges":[],"data":{}},{"key":"ei8j5","text":"document.getElementByClassName();","type":"custom-code-block-javascript","depth":0,"inlineStyleRanges":[],"entityRanges":[],"data":{}},{"key":"3gugh","text":"document.getElementByTagName();","type":"custom-code-block-javascript","depth":0,"inlineStyleRanges":[],"entityRanges":[],"data":{}},{"key":"1oah9","text":"// but the new way is by using querySelector","type":"custom-code-block-javascript","depth":0,"inlineStyleRanges":[{"offset":31,"length":13,"style":"BOLD"}],"entityRanges":[],"data":{}},{"key":"fcn8l","text":"// querySelector returns the first element that matches the specified selection","type":"custom-code-block-javascript","depth":0,"inlineStyleRanges":[{"offset":3,"length":13,"style":"BOLD"}],"entityRanges":[],"data":{}},{"key":"dkcqg","text":"// querySelectorAll which returns the node list of all that match the specified selection","type":"custom-code-block-javascript","depth":0,"inlineStyleRanges":[{"offset":3,"length":16,"style":"BOLD"}],"entityRanges":[],"data":{}},{"key":"966pj","text":"document.querySelector('.main-nav a');","type":"custom-code-block-javascript","depth":0,"inlineStyleRanges":[],"entityRanges":[],"data":{}},{"key":"3u04i","text":"document.querySelectorAll('.post-content p');","type":"custom-code-block-javascript","depth":0,"inlineStyleRanges":[],"entityRanges":[],"data":{}},{"key":"fi2p5","text":"","type":"unstyled","depth":0,"inlineStyleRanges":[],"entityRanges":[],"data":{}},{"key":"8cluh","text":"another example","type":"unstyled","depth":0,"inlineStyleRanges":[],"entityRanges":[],"data":{}},{"key":"aqge5","text":"document.querySelector('.main .has-children a');","type":"custom-code-block-javascript","depth":0,"inlineStyleRanges":[],"entityRanges":[],"data":{}},{"key":"9l5vn","text":"// this would look and give the first a in the element with class has-children which is in the element with class .main","type":"custom-code-block-javascript","depth":0,"inlineStyleRanges":[{"offset":38,"length":1,"style":"INLINECODE"},{"offset":66,"length":12,"style":"INLINECODE"},{"offset":114,"length":5,"style":"INLINECODE"}],"entityRanges":[],"data":{}},{"key":"69laa","text":"","type":"unstyled","depth":0,"inlineStyleRanges":[],"entityRanges":[],"data":{}},{"key":"5i6pp","text":"another example","type":"unstyled","depth":0,"inlineStyleRanges":[],"entityRanges":[],"data":{}},{"key":"c5ifp","text":"document.querySelector(\".social-nav a[href*='linkedin.com']\");","type":"custom-code-block-javascript","depth":0,"inlineStyleRanges":[],"entityRanges":[],"data":{}},{"key":"7513b","text":"// any link pointing to linkedin inside the element with the class .social-nav","type":"custom-code-block-javascript","depth":0,"inlineStyleRanges":[],"entityRanges":[],"data":{}},{"key":"5eit2","text":"","type":"unstyled","depth":0,"inlineStyleRanges":[],"entityRanges":[],"data":{}},{"key":"44tlf","text":"another example","type":"unstyled","depth":0,"inlineStyleRanges":[],"entityRanges":[],"data":{}},{"key":"aepf2","text":"we can use multiple selection , by using comma (,) between them","type":"unstyled","depth":0,"inlineStyleRanges":[],"entityRanges":[],"data":{}},{"key":"1d23g","text":"document.querySelectorAll(\".menu li a, .social-nav li a\");","type":"custom-code-block-javascript","depth":0,"inlineStyleRanges":[],"entityRanges":[],"data":{}},{"key":"aqh03","text":"","type":"unstyled","depth":0,"inlineStyleRanges":[],"entityRanges":[],"data":{}},{"key":"eo76q","text":"","type":"unstyled","depth":0,"inlineStyleRanges":[],"entityRanges":[],"data":{}},{"key":"7d3u","text":"","type":"unstyled","depth":0,"inlineStyleRanges":[],"entityRanges":[],"data":{}},{"key":"15ks","text":"","type":"unstyled","depth":0,"inlineStyleRanges":[],"entityRanges":[],"data":{}},{"key":"foeji","text":"","type":"unstyled","depth":0,"inlineStyleRanges":[],"entityRanges":[],"data":{}},{"key":"79q4s","text":"","type":"unstyled","depth":0,"inlineStyleRanges":[],"entityRanges":[],"data":{}},{"key":"5v9of","text":"","type":"unstyled","depth":0,"inlineStyleRanges":[],"entityRanges":[],"data":{}},{"key":"f019f","text":"","type":"unstyled","depth":0,"inlineStyleRanges":[],"entityRanges":[],"data":{}},{"key":"dpj6m","text":"","type":"unstyled","depth":0,"inlineStyleRanges":[],"entityRanges":[],"data":{}},{"key":"19v9e","text":"","type":"unstyled","depth":0,"inlineStyleRanges":[],"entityRanges":[],"data":{}},{"key":"f2etm","text":"","type":"unstyled","depth":0,"inlineStyleRanges":[],"entityRanges":[],"data":{}},{"key":"1rnd5","text":"","type":"unstyled","depth":0,"inlineStyleRanges":[],"entityRanges":[],"data":{}},{"key":"9ofeo","text":"","type":"unstyled","depth":0,"inlineStyleRanges":[],"entityRanges":[],"data":{}},{"key":"a3g9i","text":"","type":"unstyled","depth":0,"inlineStyleRanges":[],"entityRanges":[],"data":{}},{"key":"a8jap","text":"","type":"unstyled","depth":0,"inlineStyleRanges":[],"entityRanges":[],"data":{}},{"key":"fvhr0","text":"","type":"unstyled","depth":0,"inlineStyleRanges":[],"entityRanges":[],"data":{}},{"key":"fvrrb","text":"","type":"unstyled","depth":0,"inlineStyleRanges":[],"entityRanges":[],"data":{}},{"key":"59kd9","text":"","type":"unstyled","depth":0,"inlineStyleRanges":[],"entityRanges":[],"data":{}}],"entityMap":{"0":{"type":"image","mutability":"IMMUTABLE","data":{"src":"D:\\Programming Notes/medley/resources/ByGttDEpV_H1JptTraN.png","width":100}}}},"tags":[]}