{"_id":"HJexy8L4aV","title":"JavaScript Array","dateCreated":1558631895888,"lastAccessed":"2019-05-23T17:18:15.892Z","lastUpdated":"2019-05-23T18:25:49.781Z","notebookId":"rJGglQf24","body":{"blocks":[{"key":"ag6qs","text":"JavaScript Array","type":"header-one","depth":0,"inlineStyleRanges":[],"entityRanges":[],"data":{}},{"key":"dsjm2","text":"","type":"unstyled","depth":0,"inlineStyleRanges":[],"entityRanges":[],"data":{}},{"key":"48sol","text":"Array functions","type":"header-three","depth":0,"inlineStyleRanges":[],"entityRanges":[],"data":{}},{"key":"62ngj","text":"instanceOf","type":"ordered-list-item","depth":0,"inlineStyleRanges":[{"offset":0,"length":10,"style":"INLINECODE"}],"entityRanges":[],"data":{}},{"key":"8s1h4","text":"var fruits = ['banana','apple','orange'];","type":"custom-code-block-javascript","depth":0,"inlineStyleRanges":[],"entityRanges":[],"data":{}},{"key":"f37i","text":"if(fruits instanceof Array) { // returns true","type":"custom-code-block-javascript","depth":0,"inlineStyleRanges":[],"entityRanges":[],"data":{}},{"key":"1l66e","text":"}","type":"custom-code-block-javascript","depth":0,"inlineStyleRanges":[],"entityRanges":[],"data":{}},{"key":"f8ml5","text":"// or","type":"custom-code-block-javascript","depth":0,"inlineStyleRanges":[],"entityRanges":[],"data":{}},{"key":"ad978","text":"Array.isArray(fruits); // return true","type":"custom-code-block-javascript","depth":0,"inlineStyleRanges":[],"entityRanges":[],"data":{}},{"key":"bba76","text":"","type":"unstyled","depth":0,"inlineStyleRanges":[],"entityRanges":[],"data":{}},{"key":"bv3un","text":"2. push The array.push(\"something\") method appends a new Element to the end of an array","type":"unstyled","depth":0,"inlineStyleRanges":[{"offset":3,"length":4,"style":"INLINECODE"},{"offset":72,"length":3,"style":"INLINECODE"}],"entityRanges":[],"data":{}},{"key":"2204a","text":"2. unshift() the array.unshift(\"something\") method appends a new Element to the Beginning of an array","type":"unstyled","depth":0,"inlineStyleRanges":[{"offset":3,"length":9,"style":"INLINECODE"}],"entityRanges":[],"data":{}},{"key":"8e3dd","text":"3. pop the array.pop() method removes the end element of an array","type":"unstyled","depth":0,"inlineStyleRanges":[{"offset":3,"length":3,"style":"INLINECODE"},{"offset":42,"length":3,"style":"INLINECODE"}],"entityRanges":[],"data":{}},{"key":"164s0","text":"3. shift the array.shift() method removes the beginning element of an array","type":"unstyled","depth":0,"inlineStyleRanges":[{"offset":3,"length":5,"style":"INLINECODE"},{"offset":46,"length":9,"style":"INLINECODE"}],"entityRanges":[],"data":{}},{"key":"5tgml","text":"4. join the array.join(\"_\") method joins array elements into a string , like :","type":"unstyled","depth":0,"inlineStyleRanges":[{"offset":3,"length":4,"style":"INLINECODE"}],"entityRanges":[],"data":{}},{"key":"8sg87","text":"var fruits = [\"Banana\", \"Orange\", \"Apple\", \"Mango\"];","type":"custom-code-block-javascript","depth":0,"inlineStyleRanges":[],"entityRanges":[],"data":{}},{"key":"8ksdb","text":"var str = fruits.join(\" * \"); // now str is Banana*Orange*Apple*Mango","type":"custom-code-block-javascript","depth":0,"inlineStyleRanges":[],"entityRanges":[],"data":{}},{"key":"fahks","text":"","type":"unstyled","depth":0,"inlineStyleRanges":[],"entityRanges":[],"data":{}},{"key":"7hb5u","text":"5. concat the arrayOne.concat(arrayTwo) or arrayOne.concat(arrayTwo,arrayThree) is used to join arrays together .","type":"unstyled","depth":0,"inlineStyleRanges":[{"offset":3,"length":6,"style":"INLINECODE"},{"offset":40,"length":2,"style":"INLINECODE"}],"entityRanges":[],"data":{}},{"key":"c4ghk","text":"","type":"unstyled","depth":0,"inlineStyleRanges":[],"entityRanges":[],"data":{}},{"key":"7qs9f","text":"6.  slice The slice( ) method copies a given part of an array and returns that copied part as a new array","type":"unstyled","depth":0,"inlineStyleRanges":[{"offset":4,"length":5,"style":"INLINECODE"}],"entityRanges":[],"data":{}},{"key":"elh49","text":"","type":"unstyled","depth":0,"inlineStyleRanges":[],"entityRanges":[],"data":{}},{"key":"cg7ql","text":"7. splice removes values at certain indexes , like :","type":"unstyled","depth":0,"inlineStyleRanges":[{"offset":3,"length":6,"style":"INLINECODE"}],"entityRanges":[],"data":{}},{"key":"7sntv","text":"var arash = new Array();","type":"custom-code-block-javascript","depth":0,"inlineStyleRanges":[],"entityRanges":[],"data":{}},{"key":"d75c4","text":"arash = [1,2,3,4]; // how to remove element 3 in this array ?","type":"custom-code-block-javascript","depth":0,"inlineStyleRanges":[{"offset":60,"length":1,"style":"INLINECODE"}],"entityRanges":[],"data":{}},{"key":"qsql","text":"arash.splice(arash.indexOf(3),1); // starts from index of element 3 and cuts one !","type":"custom-code-block-javascript","depth":0,"inlineStyleRanges":[{"offset":81,"length":1,"style":"INLINECODE"}],"entityRanges":[],"data":{}},{"key":"9nnl2","text":"arash; // [1,2,4];","type":"custom-code-block-javascript","depth":0,"inlineStyleRanges":[],"entityRanges":[],"data":{}},{"key":"de51h","text":"","type":"unstyled","depth":0,"inlineStyleRanges":[],"entityRanges":[],"data":{}},{"key":"11fg8","text":"8. toString , array.toString() , converts array to string","type":"unstyled","depth":0,"inlineStyleRanges":[{"offset":3,"length":8,"style":"INLINECODE"}],"entityRanges":[],"data":{}},{"key":"cov40","text":"","type":"unstyled","depth":0,"inlineStyleRanges":[],"entityRanges":[],"data":{}},{"key":"e0bvo","text":"","type":"unstyled","depth":0,"inlineStyleRanges":[],"entityRanges":[],"data":{}},{"key":"7aco3","text":"","type":"divider","depth":0,"inlineStyleRanges":[],"entityRanges":[],"data":{}},{"key":"fopcu","text":"","type":"unstyled","depth":0,"inlineStyleRanges":[],"entityRanges":[],"data":{}},{"key":"2jm4q","text":"Iterating Throgh an Array","type":"header-three","depth":0,"inlineStyleRanges":[],"entityRanges":[],"data":{}},{"key":"2ff29","text":"1. forEach , using array.forEach(yourFunction());","type":"unstyled","depth":0,"inlineStyleRanges":[{"offset":3,"length":7,"style":"INLINECODE"}],"entityRanges":[],"data":{}},{"key":"94aro","text":"var myArray = ['Apple','Orange','Banana','PineApple','Kiwi','Tomato'];","type":"custom-code-block-javascript","depth":0,"inlineStyleRanges":[],"entityRanges":[],"data":{}},{"key":"2n76m","text":"var newArray = new Array();","type":"custom-code-block-javascript","depth":0,"inlineStyleRanges":[],"entityRanges":[],"data":{}},{"key":"bsogh","text":"myArray.forEach(myOperationOn);","type":"custom-code-block-javascript","depth":0,"inlineStyleRanges":[],"entityRanges":[],"data":{}},{"key":"cna7g","text":"","type":"custom-code-block-javascript","depth":0,"inlineStyleRanges":[],"entityRanges":[],"data":{}},{"key":"ed3oq","text":"function myOperationOn(value,index,array) {","type":"custom-code-block-javascript","depth":0,"inlineStyleRanges":[],"entityRanges":[],"data":{}},{"key":"89ec7","text":"    if(value.toLowerCase().indexOf('o') != -1) {","type":"custom-code-block-javascript","depth":0,"inlineStyleRanges":[],"entityRanges":[],"data":{}},{"key":"u94f","text":"        newArray.push(value);","type":"custom-code-block-javascript","depth":0,"inlineStyleRanges":[],"entityRanges":[],"data":{}},{"key":"57pg2","text":"    }","type":"custom-code-block-javascript","depth":0,"inlineStyleRanges":[],"entityRanges":[],"data":{}},{"key":"c8cnn","text":"}","type":"custom-code-block-javascript","depth":0,"inlineStyleRanges":[],"entityRanges":[],"data":{}},{"key":"8vs0k","text":"newArray; // is ['Orange','Tomato'];","type":"custom-code-block-javascript","depth":0,"inlineStyleRanges":[],"entityRanges":[],"data":{}},{"key":"149dn","text":"","type":"unstyled","depth":0,"inlineStyleRanges":[],"entityRanges":[],"data":{}},{"key":"ds20e","text":"2. map Creates a new Array by performing a function on each array element","type":"unstyled","depth":0,"inlineStyleRanges":[{"offset":3,"length":3,"style":"INLINECODE"}],"entityRanges":[],"data":{}},{"key":"827v1","text":"var array = new Array();","type":"custom-code-block-javascript","depth":0,"inlineStyleRanges":[],"entityRanges":[],"data":{}},{"key":"7gdk8","text":"var arrayTwo = array.map(myFunction);","type":"custom-code-block-javascript","depth":0,"inlineStyleRanges":[],"entityRanges":[],"data":{}},{"key":"flhuj","text":"function myFunction(value,index,array) {","type":"custom-code-block-javascript","depth":0,"inlineStyleRanges":[],"entityRanges":[],"data":{}},{"key":"c0bg4","text":"   ((value % 2) == 0) ? return value : return 0;","type":"custom-code-block-javascript","depth":0,"inlineStyleRanges":[],"entityRanges":[],"data":{}},{"key":"ck4ip","text":"}","type":"custom-code-block-javascript","depth":0,"inlineStyleRanges":[],"entityRanges":[],"data":{}},{"key":"ba9ag","text":"","type":"unstyled","depth":0,"inlineStyleRanges":[],"entityRanges":[],"data":{}},{"key":"c7lpb","text":"3. filter Creates a new array with all array elements that passes a test.","type":"unstyled","depth":0,"inlineStyleRanges":[{"offset":3,"length":6,"style":"INLINECODE"}],"entityRanges":[],"data":{}},{"key":"4iveg","text":"var numbers = [45, 4, 9, 16, 25];","type":"custom-code-block-javascript","depth":0,"inlineStyleRanges":[],"entityRanges":[],"data":{}},{"key":"3afnk","text":"var over18 = numbers.filter(myFunction);","type":"custom-code-block-javascript","depth":0,"inlineStyleRanges":[],"entityRanges":[],"data":{}},{"key":"64ov9","text":"function myFunction(value, index, array) {","type":"custom-code-block-javascript","depth":0,"inlineStyleRanges":[],"entityRanges":[],"data":{}},{"key":"7i2fh","text":"  return value > 18;","type":"custom-code-block-javascript","depth":0,"inlineStyleRanges":[],"entityRanges":[],"data":{}},{"key":"aod86","text":"}","type":"custom-code-block-javascript","depth":0,"inlineStyleRanges":[],"entityRanges":[],"data":{}},{"key":"9vnkh","text":"","type":"unstyled","depth":0,"inlineStyleRanges":[],"entityRanges":[],"data":{}},{"key":"1f2dj","text":"4. reduce used in this example to get the sum of all array Elements","type":"unstyled","depth":0,"inlineStyleRanges":[{"offset":3,"length":6,"style":"INLINECODE"}],"entityRanges":[],"data":{}},{"key":"fnsnn","text":"var numbers = [23,12,11,65,30,85];","type":"custom-code-block-javascript","depth":0,"inlineStyleRanges":[],"entityRanges":[],"data":{}},{"key":"qjev","text":"var sum = numbers.reduce(myFunction);","type":"custom-code-block-javascript","depth":0,"inlineStyleRanges":[],"entityRanges":[],"data":{}},{"key":"1r6nu","text":"function myFunction(total,value,index,array) {","type":"custom-code-block-javascript","depth":0,"inlineStyleRanges":[],"entityRanges":[],"data":{}},{"key":"92l3f","text":"   return total + value;","type":"custom-code-block-javascript","depth":0,"inlineStyleRanges":[],"entityRanges":[],"data":{}},{"key":"f9nr4","text":"}","type":"custom-code-block-javascript","depth":0,"inlineStyleRanges":[],"entityRanges":[],"data":{}},{"key":"485jg","text":"","type":"unstyled","depth":0,"inlineStyleRanges":[],"entityRanges":[],"data":{}},{"key":"5tbvq","text":"5. every and some this two basically return true or false , writing them is like above, but for every it would check the situation for every element in the array , if the situation for every element is right the var check = myArray.every(myfunction()); the check would be true , for some it is not necessery that condition be right for all , just one is enough .","type":"unstyled","depth":0,"inlineStyleRanges":[{"offset":3,"length":5,"style":"INLINECODE"},{"offset":13,"length":4,"style":"INLINECODE"},{"offset":44,"length":4,"style":"INLINECODE"},{"offset":52,"length":5,"style":"INLINECODE"},{"offset":96,"length":5,"style":"INLINECODE"},{"offset":212,"length":40,"style":"INLINECODE"}],"entityRanges":[],"data":{}},{"key":"5irdd","text":"","type":"unstyled","depth":0,"inlineStyleRanges":[],"entityRanges":[],"data":{}},{"key":"ok75","text":"6. find  or  , very usefull if you want to find something with some circumstances in an array","type":"unstyled","depth":0,"inlineStyleRanges":[{"offset":3,"length":5,"style":"INLINECODE"}],"entityRanges":[],"data":{}},{"key":"56kmh","text":"var numbers = [4, 9, 16, 25, 29];","type":"custom-code-block-javascript","depth":0,"inlineStyleRanges":[],"entityRanges":[],"data":{}},{"key":"fjh14","text":"var first = numbers.find(myFunction); // returns the first one , 25","type":"custom-code-block-javascript","depth":0,"inlineStyleRanges":[{"offset":65,"length":2,"style":"INLINECODE"}],"entityRanges":[],"data":{}},{"key":"de9i7","text":"function myFunction(value, index, array) {","type":"custom-code-block-javascript","depth":0,"inlineStyleRanges":[],"entityRanges":[],"data":{}},{"key":"9uh5b","text":"  return value > 18;","type":"custom-code-block-javascript","depth":0,"inlineStyleRanges":[],"entityRanges":[],"data":{}},{"key":"5a8hg","text":"}","type":"custom-code-block-javascript","depth":0,"inlineStyleRanges":[],"entityRanges":[],"data":{}},{"key":"bma6r","text":"","type":"unstyled","depth":0,"inlineStyleRanges":[],"entityRanges":[],"data":{}},{"key":"ckviv","text":"","type":"unstyled","depth":0,"inlineStyleRanges":[],"entityRanges":[],"data":{}},{"key":"du290","text":"","type":"unstyled","depth":0,"inlineStyleRanges":[],"entityRanges":[],"data":{}},{"key":"cim9p","text":"","type":"unstyled","depth":0,"inlineStyleRanges":[],"entityRanges":[],"data":{}},{"key":"2aake","text":"","type":"unstyled","depth":0,"inlineStyleRanges":[],"entityRanges":[],"data":{}},{"key":"amakf","text":"","type":"unstyled","depth":0,"inlineStyleRanges":[],"entityRanges":[],"data":{}},{"key":"fdsph","text":"","type":"unstyled","depth":0,"inlineStyleRanges":[],"entityRanges":[],"data":{}},{"key":"25paj","text":"","type":"unstyled","depth":0,"inlineStyleRanges":[],"entityRanges":[],"data":{}},{"key":"9uesf","text":"","type":"unstyled","depth":0,"inlineStyleRanges":[],"entityRanges":[],"data":{}},{"key":"9v5k8","text":"","type":"unstyled","depth":0,"inlineStyleRanges":[],"entityRanges":[],"data":{}},{"key":"a2sdf","text":"","type":"unstyled","depth":0,"inlineStyleRanges":[],"entityRanges":[],"data":{}},{"key":"bhvoi","text":"","type":"unstyled","depth":0,"inlineStyleRanges":[],"entityRanges":[],"data":{}},{"key":"a6pg","text":"","type":"unstyled","depth":0,"inlineStyleRanges":[],"entityRanges":[],"data":{}},{"key":"47sdd","text":"","type":"unstyled","depth":0,"inlineStyleRanges":[],"entityRanges":[],"data":{}},{"key":"cnnfm","text":"","type":"unstyled","depth":0,"inlineStyleRanges":[],"entityRanges":[],"data":{}},{"key":"59kd9","text":"","type":"unstyled","depth":0,"inlineStyleRanges":[],"entityRanges":[],"data":{}}],"entityMap":{}},"tags":[]}