{"_id":"Hk98NZ76E","title":"Best Notes JQuery","dateCreated":1558545490215,"lastAccessed":"2019-05-22T17:18:10.218Z","lastUpdated":"2019-05-22T18:45:38.052Z","notebookId":"rJGglQf24","body":{"blocks":[{"key":"ag6qs","text":"Best Notes JQuery","type":"header-one","depth":0,"inlineStyleRanges":[],"entityRanges":[],"data":{}},{"key":"79u7p","text":"","type":"unstyled","depth":0,"inlineStyleRanges":[],"entityRanges":[],"data":{}},{"key":"4no93","text":"Difference Between Selecting With JQuery And Selecting With JavaScript","type":"blockquote","depth":0,"inlineStyleRanges":[{"offset":34,"length":6,"style":"INLINECODE"},{"offset":60,"length":10,"style":"INLINECODE"}],"entityRanges":[],"data":{}},{"key":"amssj","text":"","type":"unstyled","depth":0,"inlineStyleRanges":[],"entityRanges":[],"data":{}},{"key":"3k0ap","text":"// Return Element With ID = id01","type":"custom-code-block-javascript","depth":0,"inlineStyleRanges":[],"entityRanges":[],"data":{}},{"key":"4t67j","text":"var myElement = $(\"#id01\");","type":"custom-code-block-javascript","depth":0,"inlineStyleRanges":[],"entityRanges":[],"data":{}},{"key":"bhmal","text":"var myElement = document.getElementById(\"id01\");","type":"custom-code-block-javascript","depth":0,"inlineStyleRanges":[],"entityRanges":[],"data":{}},{"key":"3cndu","text":"","type":"custom-code-block-javascript","depth":0,"inlineStyleRanges":[],"entityRanges":[],"data":{}},{"key":"bs87s","text":"// Return All <p> elements","type":"custom-code-block-javascript","depth":0,"inlineStyleRanges":[],"entityRanges":[],"data":{}},{"key":"au7hh","text":"var myElements = $(\"p\");","type":"custom-code-block-javascript","depth":0,"inlineStyleRanges":[],"entityRanges":[],"data":{}},{"key":"a69de","text":"var myElements = document.getElementByTagName(\"p\");","type":"custom-code-block-javascript","depth":0,"inlineStyleRanges":[],"entityRanges":[],"data":{}},{"key":"3cugh","text":"","type":"custom-code-block-javascript","depth":0,"inlineStyleRanges":[],"entityRanges":[],"data":{}},{"key":"1ugim","text":"// Return All Elements With Class = .intro","type":"custom-code-block-javascript","depth":0,"inlineStyleRanges":[],"entityRanges":[],"data":{}},{"key":"6bpj9","text":"var myElement = $(\".intro\");","type":"custom-code-block-javascript","depth":0,"inlineStyleRanges":[],"entityRanges":[],"data":{}},{"key":"ansn8","text":"var myElement = document.getElementByClassName(\"intro\");","type":"custom-code-block-javascript","depth":0,"inlineStyleRanges":[],"entityRanges":[],"data":{}},{"key":"c660b","text":"","type":"custom-code-block-javascript","depth":0,"inlineStyleRanges":[],"entityRanges":[],"data":{}},{"key":"7natf","text":"// -------------------------- More Important Ones --------------------------","type":"custom-code-block-javascript","depth":0,"inlineStyleRanges":[],"entityRanges":[],"data":{}},{"key":"9rgvo","text":"","type":"custom-code-block-javascript","depth":0,"inlineStyleRanges":[],"entityRanges":[],"data":{}},{"key":"6q3sc","text":"// Return a list of all <p> elements with class=\"intro\".","type":"custom-code-block-javascript","depth":0,"inlineStyleRanges":[],"entityRanges":[],"data":{}},{"key":"e21c2","text":"var myElements = $(\"p.intro\");","type":"custom-code-block-javascript","depth":0,"inlineStyleRanges":[],"entityRanges":[],"data":{}},{"key":"83src","text":"var MyElements = document.querySelectorAll(\"p.intro\");","type":"custom-code-block-javascript","depth":0,"inlineStyleRanges":[],"entityRanges":[],"data":{}},{"key":"317t4","text":"","type":"custom-code-block-javascript","depth":0,"inlineStyleRanges":[],"entityRanges":[],"data":{}},{"key":"edtln","text":"// Set Inner Text of an HTML element","type":"custom-code-block-javascript","depth":0,"inlineStyleRanges":[],"entityRanges":[],"data":{}},{"key":"1l3ou","text":"myElement.text(\"Hello Sweden!\");","type":"custom-code-block-javascript","depth":0,"inlineStyleRanges":[],"entityRanges":[],"data":{}},{"key":"233lp","text":"myElement.textContent = \"Hello Sweden!\";","type":"custom-code-block-javascript","depth":0,"inlineStyleRanges":[],"entityRanges":[],"data":{}},{"key":"5u5kk","text":"","type":"custom-code-block-javascript","depth":0,"inlineStyleRanges":[],"entityRanges":[],"data":{}},{"key":"8q5n9","text":"// get inner Text of an HTML element","type":"custom-code-block-javascript","depth":0,"inlineStyleRanges":[],"entityRanges":[],"data":{}},{"key":"8ecjr","text":"var myText = myElement.text();","type":"custom-code-block-javascript","depth":0,"inlineStyleRanges":[],"entityRanges":[],"data":{}},{"key":"9sicm","text":"var myText = myElement.textContent || myElement.innerText;","type":"custom-code-block-javascript","depth":0,"inlineStyleRanges":[],"entityRanges":[],"data":{}},{"key":"b3u7p","text":"","type":"custom-code-block-javascript","depth":0,"inlineStyleRanges":[],"entityRanges":[],"data":{}},{"key":"dh85b","text":"// set HTML Content of an Element","type":"custom-code-block-javascript","depth":0,"inlineStyleRanges":[],"entityRanges":[],"data":{}},{"key":"1231t","text":"myElement.html(\"<p>Hello World</p>\");","type":"custom-code-block-javascript","depth":0,"inlineStyleRanges":[],"entityRanges":[],"data":{}},{"key":"a5v5e","text":"myElement.innerHTML = \"<p>Hello World</p>\";","type":"custom-code-block-javascript","depth":0,"inlineStyleRanges":[],"entityRanges":[],"data":{}},{"key":"9ihip","text":"","type":"custom-code-block-javascript","depth":0,"inlineStyleRanges":[],"entityRanges":[],"data":{}},{"key":"bq13d","text":"// Get HTML Content","type":"custom-code-block-javascript","depth":0,"inlineStyleRanges":[],"entityRanges":[],"data":{}},{"key":"2950q","text":"var content = myElement.html();","type":"custom-code-block-javascript","depth":0,"inlineStyleRanges":[],"entityRanges":[],"data":{}},{"key":"e51g5","text":"var content = myElement.innerHTML;","type":"custom-code-block-javascript","depth":0,"inlineStyleRanges":[],"entityRanges":[],"data":{}},{"key":"aemt6","text":"","type":"custom-code-block-javascript","depth":0,"inlineStyleRanges":[],"entityRanges":[],"data":{}},{"key":"53oht","text":"// Hide an HTML Element","type":"custom-code-block-javascript","depth":0,"inlineStyleRanges":[],"entityRanges":[],"data":{}},{"key":"avq5","text":"myElement.hide();","type":"custom-code-block-javascript","depth":0,"inlineStyleRanges":[],"entityRanges":[],"data":{}},{"key":"8mc42","text":"myElement.style.display = \"none\";","type":"custom-code-block-javascript","depth":0,"inlineStyleRanges":[],"entityRanges":[],"data":{}},{"key":"dkg3r","text":"// or Show an HTML Element","type":"custom-code-block-javascript","depth":0,"inlineStyleRanges":[],"entityRanges":[],"data":{}},{"key":"f5b9p","text":"myElement.show();","type":"custom-code-block-javascript","depth":0,"inlineStyleRanges":[],"entityRanges":[],"data":{}},{"key":"av5mk","text":"myElement.style.display = \"\";","type":"custom-code-block-javascript","depth":0,"inlineStyleRanges":[],"entityRanges":[],"data":{}},{"key":"erca2","text":"","type":"custom-code-block-javascript","depth":0,"inlineStyleRanges":[],"entityRanges":[],"data":{}},{"key":"cll8k","text":"// Styling HTML Element","type":"custom-code-block-javascript","depth":0,"inlineStyleRanges":[],"entityRanges":[],"data":{}},{"key":"es9i","text":"myElement.css(\"font-size\",\"35px\");","type":"custom-code-block-javascript","depth":0,"inlineStyleRanges":[],"entityRanges":[],"data":{}},{"key":"f9d52","text":"myElement.style.fontSize = \"35px\";","type":"custom-code-block-javascript","depth":0,"inlineStyleRanges":[],"entityRanges":[],"data":{}},{"key":"681in","text":"","type":"custom-code-block-javascript","depth":0,"inlineStyleRanges":[],"entityRanges":[],"data":{}},{"key":"aodk3","text":"// Removing Element","type":"custom-code-block-javascript","depth":0,"inlineStyleRanges":[],"entityRanges":[],"data":{}},{"key":"4jg9r","text":"myElement.remove();","type":"custom-code-block-javascript","depth":0,"inlineStyleRanges":[],"entityRanges":[],"data":{}},{"key":"b1f50","text":"element.parentNode.removeChild(element);","type":"custom-code-block-javascript","depth":0,"inlineStyleRanges":[],"entityRanges":[],"data":{}},{"key":"4pdr9","text":"","type":"custom-code-block-javascript","depth":0,"inlineStyleRanges":[],"entityRanges":[],"data":{}},{"key":"8g1rh","text":"// Get Parent Element","type":"custom-code-block-javascript","depth":0,"inlineStyleRanges":[],"entityRanges":[],"data":{}},{"key":"5ali4","text":"var myParent = myElement.parent();","type":"custom-code-block-javascript","depth":0,"inlineStyleRanges":[],"entityRanges":[],"data":{}},{"key":"dj6sa","text":"var myParent = myElement.parentNode();","type":"custom-code-block-javascript","depth":0,"inlineStyleRanges":[],"entityRanges":[],"data":{}},{"key":"2rrv4","text":"","type":"unstyled","depth":0,"inlineStyleRanges":[],"entityRanges":[],"data":{}},{"key":"4fvv4","text":"Change Attribute of an HTML Element with attr() , like : $('.sam').attr('src','something');","type":"blockquote","depth":0,"inlineStyleRanges":[{"offset":41,"length":6,"style":"INLINECODE"},{"offset":57,"length":34,"style":"INLINECODE"}],"entityRanges":[],"data":{}},{"key":"cnv9c","text":"If you Are Using JavaScript , then it is direct ,like document.getElementById('myImage').src = \"\"","type":"blockquote","depth":0,"inlineStyleRanges":[{"offset":54,"length":43,"style":"BOLD"}],"entityRanges":[],"data":{}},{"key":"80gs2","text":"","type":"unstyled","depth":0,"inlineStyleRanges":[],"entityRanges":[],"data":{}},{"key":"31u2k","text":"Set Content - text(), html(), and val()","type":"blockquote","depth":0,"inlineStyleRanges":[{"offset":14,"length":6,"style":"INLINECODE"},{"offset":22,"length":6,"style":"INLINECODE"},{"offset":34,"length":5,"style":"INLINECODE"}],"entityRanges":[],"data":{}},{"key":"e9a9j","text":"text() - Sets or returns the text content of selected elements","type":"unordered-list-item","depth":0,"inlineStyleRanges":[{"offset":0,"length":6,"style":"INLINECODE"}],"entityRanges":[],"data":{}},{"key":"enr6t","text":"html() - Sets or returns the content of selected elements (including HTML markup)","type":"unordered-list-item","depth":0,"inlineStyleRanges":[{"offset":0,"length":6,"style":"INLINECODE"}],"entityRanges":[],"data":{}},{"key":"9rrtp","text":"val() - Sets or returns the value of form fields","type":"unordered-list-item","depth":0,"inlineStyleRanges":[{"offset":0,"length":5,"style":"INLINECODE"}],"entityRanges":[],"data":{}},{"key":"bjiuc","text":"","type":"unstyled","depth":0,"inlineStyleRanges":[],"entityRanges":[],"data":{}},{"key":"ejf71","text":"what is a Callback Function ?","type":"blockquote","depth":0,"inlineStyleRanges":[{"offset":10,"length":19,"style":"BOLD"}],"entityRanges":[],"data":{}},{"key":"6ok1c","text":"A callback function is a function passed into another function as an argument, which is then invoked inside the outer function to complete some kind of routine or action. ... A good example is the callback functions executed inside a .then() block chained onto the end of a promise after that promise fulfills or rejects.","type":"unstyled","depth":0,"inlineStyleRanges":[{"offset":34,"length":11,"style":"INLINECODE"},{"offset":63,"length":14,"style":"INLINECODE"}],"entityRanges":[],"data":{}},{"key":"b4qc7","text":"","type":"unstyled","depth":0,"inlineStyleRanges":[],"entityRanges":[],"data":{}},{"key":"9snb4","text":"CallBack Function for text(), html(), and val()","type":"blockquote","depth":0,"inlineStyleRanges":[{"offset":0,"length":17,"style":"BOLD"}],"entityRanges":[],"data":{}},{"key":"ftuom","text":"$(function(){","type":"custom-code-block-javascript","depth":0,"inlineStyleRanges":[],"entityRanges":[],"data":{}},{"key":"a4i57","text":"   $('#btn1').click(function(){","type":"custom-code-block-javascript","depth":0,"inlineStyleRanges":[],"entityRanges":[],"data":{}},{"key":"2mpu7","text":"      $('#test1').text(function(i,originalText){","type":"custom-code-block-javascript","depth":0,"inlineStyleRanges":[],"entityRanges":[],"data":{}},{"key":"cj8to","text":"         return \"Old Text : \" + originalText + \"new Text : \" + \"Hello World\" + \"index : \" + i;","type":"custom-code-block-javascript","depth":0,"inlineStyleRanges":[],"entityRanges":[],"data":{}},{"key":"c02ct","text":"      });","type":"custom-code-block-javascript","depth":0,"inlineStyleRanges":[],"entityRanges":[],"data":{}},{"key":"8htop","text":"   });","type":"custom-code-block-javascript","depth":0,"inlineStyleRanges":[],"entityRanges":[],"data":{}},{"key":"f1ib5","text":"});","type":"custom-code-block-javascript","depth":0,"inlineStyleRanges":[],"entityRanges":[],"data":{}},{"key":"5lmj","text":"","type":"unstyled","depth":0,"inlineStyleRanges":[],"entityRanges":[],"data":{}},{"key":"8cpqs","text":"use typeof to determine the type of a variable , like :","type":"blockquote","depth":0,"inlineStyleRanges":[{"offset":4,"length":6,"style":"INLINECODE"},{"offset":38,"length":8,"style":"INLINECODE"}],"entityRanges":[],"data":{}},{"key":"1oeak","text":"typeof \"\" + \"<br>\"  // the output is string","type":"custom-code-block-javascript","depth":0,"inlineStyleRanges":[{"offset":37,"length":6,"style":"INLINECODE"}],"entityRanges":[],"data":{}},{"key":"8bmb9","text":"typeof 314 + \"<br>\" // the output is number","type":"custom-code-block-javascript","depth":0,"inlineStyleRanges":[{"offset":37,"length":6,"style":"INLINECODE"}],"entityRanges":[],"data":{}},{"key":"csq4b","text":"","type":"custom-code-block-javascript","depth":0,"inlineStyleRanges":[],"entityRanges":[],"data":{}},{"key":"74s4g","text":"var car;","type":"custom-code-block-javascript","depth":0,"inlineStyleRanges":[],"entityRanges":[],"data":{}},{"key":"6adm2","text":"typeof car + \"<br>\" // the output is undefined","type":"custom-code-block-javascript","depth":0,"inlineStyleRanges":[{"offset":37,"length":9,"style":"INLINECODE"}],"entityRanges":[],"data":{}},{"key":"4i5pt","text":"","type":"unstyled","depth":0,"inlineStyleRanges":[],"entityRanges":[],"data":{}},{"key":"erjui","text":"IMPORTANT : TO SEE EVERYTHING ABOUT JAVASCRIPT , SEE https://www.w3schools.com/js/js_examples.asp","type":"blockquote","depth":0,"inlineStyleRanges":[{"offset":0,"length":53,"style":"BOLD"}],"entityRanges":[],"data":{}},{"key":"e04i","text":"","type":"unstyled","depth":0,"inlineStyleRanges":[],"entityRanges":[],"data":{}},{"key":"9fch3","text":"","type":"unstyled","depth":0,"inlineStyleRanges":[],"entityRanges":[],"data":{}},{"key":"59kd9","text":"","type":"unstyled","depth":0,"inlineStyleRanges":[],"entityRanges":[],"data":{}}],"entityMap":{}},"tags":[]}