{"_id":"HkWUCKz6V","title":"AJAX","dateCreated":1558515272451,"lastAccessed":"2019-05-22T08:54:32.527Z","lastUpdated":"2019-05-22T16:37:04.870Z","notebookId":"rJGglQf24","body":{"blocks":[{"key":"ag6qs","text":"AJAX","type":"header-one","depth":0,"inlineStyleRanges":[],"entityRanges":[],"data":{}},{"key":"fcn5f","text":"First You Have To Visit This Site : https://www.w3schools.com/js/js_ajax_intro.asp","type":"blockquote","depth":0,"inlineStyleRanges":[{"offset":0,"length":36,"style":"BOLD"}],"entityRanges":[],"data":{}},{"key":"28mcj","text":"","type":"unstyled","depth":0,"inlineStyleRanges":[],"entityRanges":[],"data":{}},{"key":"bcpe0","text":"","type":"divider","depth":0,"inlineStyleRanges":[],"entityRanges":[],"data":{}},{"key":"9n1c4","text":"","type":"unstyled","depth":0,"inlineStyleRanges":[],"entityRanges":[],"data":{}},{"key":"fuj1","text":"AJAX REQUESTS","type":"header-two","depth":0,"inlineStyleRanges":[],"entityRanges":[],"data":{}},{"key":"eihsv","text":"","type":"unstyled","depth":0,"inlineStyleRanges":[],"entityRanges":[],"data":{}},{"key":"5m0be","text":"we have GET & POST Requests . BUT !","type":"unstyled","depth":0,"inlineStyleRanges":[{"offset":0,"length":35,"style":"BOLD"},{"offset":8,"length":3,"style":"INLINECODE"},{"offset":14,"length":4,"style":"INLINECODE"}],"entityRanges":[],"data":{}},{"key":"fiqo5","text":"","type":"unstyled","depth":0,"inlineStyleRanges":[],"entityRanges":[],"data":{}},{"key":"ebu9i","text":"always use POST requests when:","type":"blockquote","depth":0,"inlineStyleRanges":[{"offset":11,"length":4,"style":"INLINECODE"}],"entityRanges":[],"data":{}},{"key":"5njbp","text":"","type":"unstyled","depth":0,"inlineStyleRanges":[],"entityRanges":[],"data":{}},{"key":"3httq","text":"1) A cached file is not an option (update a file or database on the server).","type":"unstyled","depth":0,"inlineStyleRanges":[{"offset":0,"length":2,"style":"BOLD"}],"entityRanges":[],"data":{}},{"key":"cc4ik","text":"2) Sending a large amount of data to the server (POST has no size limitations).","type":"unstyled","depth":0,"inlineStyleRanges":[{"offset":0,"length":2,"style":"BOLD"}],"entityRanges":[],"data":{}},{"key":"7gqr7","text":"3) Sending user input (which can contain unknown characters), POST is more robust and secure than GET.","type":"unstyled","depth":0,"inlineStyleRanges":[{"offset":0,"length":2,"style":"BOLD"}],"entityRanges":[],"data":{}},{"key":"3o2p1","text":"","type":"unstyled","depth":0,"inlineStyleRanges":[],"entityRanges":[],"data":{}},{"key":"3nmnk","text":"An Example Of How we Create And Use Ajax In a Simple way","type":"blockquote","depth":0,"inlineStyleRanges":[],"entityRanges":[],"data":{}},{"key":"8ff8l","text":"","type":"unstyled","depth":0,"inlineStyleRanges":[],"entityRanges":[],"data":{}},{"key":"54kpu","text":"<button type=\"button\" onclick=\"loadDoc()\">use ajax</button>","type":"custom-code-block-markup","depth":0,"inlineStyleRanges":[],"entityRanges":[],"data":{}},{"key":"dpvk0","text":"","type":"unstyled","depth":0,"inlineStyleRanges":[],"entityRanges":[],"data":{}},{"key":"13ids","text":"function loadDoc() {","type":"custom-code-block-javascript","depth":0,"inlineStyleRanges":[],"entityRanges":[],"data":{}},{"key":"bhba7","text":"   var xhttp = new XMLHttpRequest();","type":"custom-code-block-javascript","depth":0,"inlineStyleRanges":[],"entityRanges":[],"data":{}},{"key":"2n3np","text":"   xhttp.onreadystatechange = function() {","type":"custom-code-block-javascript","depth":0,"inlineStyleRanges":[],"entityRanges":[],"data":{}},{"key":"3e28l","text":"      if(this.readyState == 4 && this.status == 200) {","type":"custom-code-block-javascript","depth":0,"inlineStyleRanges":[],"entityRanges":[],"data":{}},{"key":"1bid6","text":"         // change the text in div with id of demo","type":"custom-code-block-javascript","depth":0,"inlineStyleRanges":[],"entityRanges":[],"data":{}},{"key":"5c8mo","text":"         document.getElementById(\"demo\").innerHTML = this.responseText;","type":"custom-code-block-javascript","depth":0,"inlineStyleRanges":[],"entityRanges":[],"data":{}},{"key":"2fc5b","text":"         // Note: we use responseText and/or responseXml ,to get the result after calling open and send","type":"custom-code-block-javascript","depth":0,"inlineStyleRanges":[],"entityRanges":[],"data":{}},{"key":"8u7cu","text":"      }","type":"custom-code-block-javascript","depth":0,"inlineStyleRanges":[],"entityRanges":[],"data":{}},{"key":"emmek","text":"   };","type":"custom-code-block-javascript","depth":0,"inlineStyleRanges":[],"entityRanges":[],"data":{}},{"key":"fddkg","text":"   xhttp.open(\"GET\",\"ajax_info.txt\",true);","type":"custom-code-block-javascript","depth":0,"inlineStyleRanges":[],"entityRanges":[],"data":{}},{"key":"4mpjr","text":"   xhttp.send();","type":"custom-code-block-javascript","depth":0,"inlineStyleRanges":[],"entityRanges":[],"data":{}},{"key":"4h7o8","text":"}","type":"custom-code-block-javascript","depth":0,"inlineStyleRanges":[],"entityRanges":[],"data":{}},{"key":"adct2","text":"","type":"unstyled","depth":0,"inlineStyleRanges":[],"entityRanges":[],"data":{}},{"key":"59kd9","text":"NOTE : for Ajax in Laravel , and more complicated Ajax Requests with JQuery , watch the Ajax page at Laravel NoteBook","type":"blockquote","depth":0,"inlineStyleRanges":[{"offset":0,"length":7,"style":"BOLD"},{"offset":11,"length":4,"style":"INLINECODE"},{"offset":19,"length":7,"style":"INLINECODE"},{"offset":50,"length":4,"style":"INLINECODE"},{"offset":69,"length":6,"style":"INLINECODE"},{"offset":88,"length":4,"style":"INLINECODE"},{"offset":101,"length":7,"style":"INLINECODE"}],"entityRanges":[],"data":{}}],"entityMap":{}},"tags":[]}