{"_id":"r1egPd7a4","title":"Best Notes Part 2","dateCreated":1558574823906,"lastAccessed":"2019-05-23T01:27:03.921Z","lastUpdated":"2019-05-23T05:24:57.087Z","notebookId":"rJGglQf24","body":{"blocks":[{"key":"ag6qs","text":"Best Notes Part 2","type":"header-one","depth":0,"inlineStyleRanges":[],"entityRanges":[],"data":{}},{"key":"el1mj","text":"","type":"divider","depth":0,"inlineStyleRanges":[],"entityRanges":[],"data":{}},{"key":"48m8f","text":"","type":"unstyled","depth":0,"inlineStyleRanges":[],"entityRanges":[],"data":{}},{"key":"77jgt","text":"how to create an element and attache it to dome","type":"blockquote","depth":0,"inlineStyleRanges":[],"entityRanges":[],"data":{}},{"key":"f98f9","text":"var newParagraph = document.createElement(\"p\");","type":"custom-code-block-javascript","depth":0,"inlineStyleRanges":[],"entityRanges":[],"data":{}},{"key":"eu1e8","text":"var paragraphText  = document.createTextNode(\"Some Dummy Text\");","type":"custom-code-block-javascript","depth":0,"inlineStyleRanges":[],"entityRanges":[],"data":{}},{"key":"5ed08","text":"newParagraph.appendChild(paragraphText);","type":"custom-code-block-javascript","depth":0,"inlineStyleRanges":[],"entityRanges":[],"data":{}},{"key":"91v3f","text":"// now use append() or prepend() to add your Element to the dom","type":"custom-code-block-javascript","depth":0,"inlineStyleRanges":[{"offset":11,"length":8,"style":"INLINECODE"},{"offset":23,"length":9,"style":"INLINECODE"}],"entityRanges":[],"data":{}},{"key":"d0f5t","text":"","type":"custom-code-block-javascript","depth":0,"inlineStyleRanges":[],"entityRanges":[],"data":{}},{"key":"2a0qs","text":"// we also have insertBefore() and insertAter() ..","type":"custom-code-block-javascript","depth":0,"inlineStyleRanges":[{"offset":16,"length":14,"style":"INLINECODE"},{"offset":35,"length":12,"style":"INLINECODE"}],"entityRanges":[],"data":{}},{"key":"f6t80","text":"","type":"unstyled","depth":0,"inlineStyleRanges":[],"entityRanges":[],"data":{}},{"key":"8bivk","text":"example of creating a div and appending it to the main div","type":"blockquote","depth":0,"inlineStyleRanges":[{"offset":22,"length":3,"style":"INLINECODE"},{"offset":30,"length":9,"style":"INLINECODE"},{"offset":50,"length":4,"style":"INLINECODE"}],"entityRanges":[],"data":{}},{"key":"3dqm0","text":"","type":"unstyled","depth":0,"inlineStyleRanges":[],"entityRanges":[],"data":{}},{"key":"dnqau","text":"The HTML CODE","type":"unstyled","depth":0,"inlineStyleRanges":[],"entityRanges":[],"data":{}},{"key":"2alb9","text":"<!DOCTYPE HTML>","type":"custom-code-block-markup","depth":0,"inlineStyleRanges":[],"entityRanges":[],"data":{}},{"key":"4ibu5","text":"<html>","type":"custom-code-block-markup","depth":0,"inlineStyleRanges":[],"entityRanges":[],"data":{}},{"key":"e4lr3","text":"<head>","type":"custom-code-block-markup","depth":0,"inlineStyleRanges":[],"entityRanges":[],"data":{}},{"key":"fr6dq","text":"<meta charset=\"utf-8\" />","type":"custom-code-block-markup","depth":0,"inlineStyleRanges":[],"entityRanges":[],"data":{}},{"key":"9kan4","text":"<script src=\"Delete.js\"></script>","type":"custom-code-block-markup","depth":0,"inlineStyleRanges":[],"entityRanges":[],"data":{}},{"key":"bo915","text":"<style>","type":"custom-code-block-markup","depth":0,"inlineStyleRanges":[],"entityRanges":[],"data":{}},{"key":"54tnn","text":"    .maindiv {","type":"custom-code-block-markup","depth":0,"inlineStyleRanges":[],"entityRanges":[],"data":{}},{"key":"bm6tc","text":"        text-align: center;width: 80%;margin: 0 auto;height: 900px;background-color: antiquewhite","type":"custom-code-block-markup","depth":0,"inlineStyleRanges":[],"entityRanges":[],"data":{}},{"key":"el88o","text":"    }","type":"custom-code-block-markup","depth":0,"inlineStyleRanges":[],"entityRanges":[],"data":{}},{"key":"71h4v","text":"    body {margin: 0;padding: 0}","type":"custom-code-block-markup","depth":0,"inlineStyleRanges":[],"entityRanges":[],"data":{}},{"key":"bp0t3","text":"</style>","type":"custom-code-block-markup","depth":0,"inlineStyleRanges":[],"entityRanges":[],"data":{}},{"key":"8rc82","text":"</head>","type":"custom-code-block-markup","depth":0,"inlineStyleRanges":[],"entityRanges":[],"data":{}},{"key":"9j78q","text":"    <body>","type":"custom-code-block-markup","depth":0,"inlineStyleRanges":[],"entityRanges":[],"data":{}},{"key":"2mcgm","text":"        <div id=\"sam\" class=\"maindiv\">","type":"custom-code-block-markup","depth":0,"inlineStyleRanges":[],"entityRanges":[],"data":{}},{"key":"cf5h7","text":"            hello friend","type":"custom-code-block-markup","depth":0,"inlineStyleRanges":[],"entityRanges":[],"data":{}},{"key":"1kcbt","text":"        </div>","type":"custom-code-block-markup","depth":0,"inlineStyleRanges":[],"entityRanges":[],"data":{}},{"key":"8jgda","text":"    </body>","type":"custom-code-block-markup","depth":0,"inlineStyleRanges":[],"entityRanges":[],"data":{}},{"key":"ed0kk","text":"</html>","type":"custom-code-block-markup","depth":0,"inlineStyleRanges":[],"entityRanges":[],"data":{}},{"key":"eikmu","text":"","type":"unstyled","depth":0,"inlineStyleRanges":[],"entityRanges":[],"data":{}},{"key":"9fohe","text":"Now We Attach 2 Div with this code","type":"unstyled","depth":0,"inlineStyleRanges":[{"offset":0,"length":34,"style":"BOLD"},{"offset":16,"length":3,"style":"INLINECODE"}],"entityRanges":[],"data":{}},{"key":"717t6","text":"window.onload = function (e) {","type":"custom-code-block-javascript","depth":0,"inlineStyleRanges":[],"entityRanges":[],"data":{}},{"key":"d714o","text":"","type":"custom-code-block-javascript","depth":0,"inlineStyleRanges":[],"entityRanges":[],"data":{}},{"key":"ft8jt","text":"    var mynewDiv = document.createElement('div');","type":"custom-code-block-javascript","depth":0,"inlineStyleRanges":[],"entityRanges":[],"data":{}},{"key":"2lvrg","text":"    mynewDiv.style.backgroundColor = 'black';","type":"custom-code-block-javascript","depth":0,"inlineStyleRanges":[],"entityRanges":[],"data":{}},{"key":"birr5","text":"    mynewDiv.style.color = 'white';","type":"custom-code-block-javascript","depth":0,"inlineStyleRanges":[],"entityRanges":[],"data":{}},{"key":"dlab8","text":"    mynewDiv.attributes.id = 'newDiv';","type":"custom-code-block-javascript","depth":0,"inlineStyleRanges":[],"entityRanges":[],"data":{}},{"key":"3r27e","text":"    var textOfDiv = document.createTextNode(\"this is the text inside my new div\");","type":"custom-code-block-javascript","depth":0,"inlineStyleRanges":[],"entityRanges":[],"data":{}},{"key":"8395l","text":"    mynewDiv.appendChild(textOfDiv);","type":"custom-code-block-javascript","depth":0,"inlineStyleRanges":[],"entityRanges":[],"data":{}},{"key":"5cfgv","text":"","type":"custom-code-block-javascript","depth":0,"inlineStyleRanges":[],"entityRanges":[],"data":{}},{"key":"ddu6v","text":"    var element = document.getElementById('sam');","type":"custom-code-block-javascript","depth":0,"inlineStyleRanges":[],"entityRanges":[],"data":{}},{"key":"4uurl","text":"    element.appendChild(mynewDiv);","type":"custom-code-block-javascript","depth":0,"inlineStyleRanges":[],"entityRanges":[],"data":{}},{"key":"48ict","text":"","type":"custom-code-block-javascript","depth":0,"inlineStyleRanges":[],"entityRanges":[],"data":{}},{"key":"ci4o1","text":"","type":"custom-code-block-javascript","depth":0,"inlineStyleRanges":[],"entityRanges":[],"data":{}},{"key":"btfba","text":"    // Well so we learned , to create a node in Our Html Page we would have to first .","type":"custom-code-block-javascript","depth":0,"inlineStyleRanges":[],"entityRanges":[],"data":{}},{"key":"67psl","text":"    // createa the node , then create its fill , third ,","type":"custom-code-block-javascript","depth":0,"inlineStyleRanges":[],"entityRanges":[],"data":{}},{"key":"fvonr","text":"","type":"custom-code-block-javascript","depth":0,"inlineStyleRanges":[],"entityRanges":[],"data":{}},{"key":"gtjp","text":"    var myNewElement = document.createElement('div');","type":"custom-code-block-javascript","depth":0,"inlineStyleRanges":[],"entityRanges":[],"data":{}},{"key":"cj8go","text":"    var myNewElementFill = document.createTextNode('and this is its text node');","type":"custom-code-block-javascript","depth":0,"inlineStyleRanges":[],"entityRanges":[],"data":{}},{"key":"eikdf","text":"    myNewElement.style.backgroundColor = 'red';","type":"custom-code-block-javascript","depth":0,"inlineStyleRanges":[],"entityRanges":[],"data":{}},{"key":"b0mj5","text":"    myNewElement.style.color = 'black';","type":"custom-code-block-javascript","depth":0,"inlineStyleRanges":[],"entityRanges":[],"data":{}},{"key":"7k6up","text":"    myNewElement.style.fontWeight = 'bold';","type":"custom-code-block-javascript","depth":0,"inlineStyleRanges":[],"entityRanges":[],"data":{}},{"key":"5816b","text":"    myNewElement.attributes.href = 'www.google.com';","type":"custom-code-block-javascript","depth":0,"inlineStyleRanges":[],"entityRanges":[],"data":{}},{"key":"8a34m","text":"    myNewElement.appendChild(myNewElementFill);","type":"custom-code-block-javascript","depth":0,"inlineStyleRanges":[],"entityRanges":[],"data":{}},{"key":"7blh9","text":"    element.appendChild(myNewElement);","type":"custom-code-block-javascript","depth":0,"inlineStyleRanges":[],"entityRanges":[],"data":{}},{"key":"5als7","text":"}","type":"custom-code-block-javascript","depth":0,"inlineStyleRanges":[],"entityRanges":[],"data":{}},{"key":"48i4r","text":"","type":"unstyled","depth":0,"inlineStyleRanges":[],"entityRanges":[],"data":{}},{"key":"eutkd","text":"how get the Exact Position of an Element","type":"blockquote","depth":0,"inlineStyleRanges":[{"offset":12,"length":14,"style":"INLINECODE"},{"offset":33,"length":7,"style":"INLINECODE"}],"entityRanges":[],"data":{}},{"key":"cg0io","text":"var myUl = document.getElementByTagName('ul');","type":"custom-code-block-javascript","depth":0,"inlineStyleRanges":[],"entityRanges":[],"data":{}},{"key":"7ftf2","text":"var firstLiInUl = myul.getElementByTagName('li'')[0];","type":"custom-code-block-javascript","depth":0,"inlineStyleRanges":[],"entityRanges":[],"data":{}},{"key":"fqrog","text":"","type":"unstyled","depth":0,"inlineStyleRanges":[],"entityRanges":[],"data":{}},{"key":"8f7sh","text":"","type":"unstyled","depth":0,"inlineStyleRanges":[],"entityRanges":[],"data":{}},{"key":"e1fnb","text":"just like adding an element , we also can remove an element","type":"blockquote","depth":0,"inlineStyleRanges":[{"offset":10,"length":6,"style":"INLINECODE"},{"offset":20,"length":7,"style":"INLINECODE"},{"offset":42,"length":6,"style":"INLINECODE"},{"offset":52,"length":7,"style":"INLINECODE"}],"entityRanges":[],"data":{}},{"key":"43bfb","text":"$('#mydiv').find('input:last').remove();","type":"custom-code-block-javascript","depth":0,"inlineStyleRanges":[],"entityRanges":[],"data":{}},{"key":"e77vc","text":"$(\"#mydiv\").find(\"input:first\").remove();","type":"custom-code-block-javascript","depth":0,"inlineStyleRanges":[],"entityRanges":[],"data":{}},{"key":"92o6","text":"","type":"unstyled","depth":0,"inlineStyleRanges":[],"entityRanges":[],"data":{}},{"key":"bhcfs","text":"some jquery methods to find elements","type":"blockquote","depth":0,"inlineStyleRanges":[{"offset":5,"length":6,"style":"INLINECODE"}],"entityRanges":[],"data":{}},{"key":"c6qrq","text":"$('li').parents();","type":"custom-code-block-javascript","depth":0,"inlineStyleRanges":[],"entityRanges":[],"data":{}},{"key":"ckctt","text":"$('li').parents('ul');","type":"custom-code-block-javascript","depth":0,"inlineStyleRanges":[],"entityRanges":[],"data":{}},{"key":"1j09a","text":"","type":"custom-code-block-javascript","depth":0,"inlineStyleRanges":[],"entityRanges":[],"data":{}},{"key":"fo0qt","text":"$('ul').childrends();","type":"custom-code-block-javascript","depth":0,"inlineStyleRanges":[],"entityRanges":[],"data":{}},{"key":"4rm04","text":"$('div').childrens('ul');","type":"custom-code-block-javascript","depth":0,"inlineStyleRanges":[],"entityRanges":[],"data":{}},{"key":"afslh","text":"","type":"custom-code-block-javascript","depth":0,"inlineStyleRanges":[],"entityRanges":[],"data":{}},{"key":"c5vde","text":"$('li').siblings('li');","type":"custom-code-block-javascript","depth":0,"inlineStyleRanges":[],"entityRanges":[],"data":{}},{"key":"9ri9v","text":"","type":"unstyled","depth":0,"inlineStyleRanges":[],"entityRanges":[],"data":{}},{"key":"6l90d","text":"animate function","type":"blockquote","depth":0,"inlineStyleRanges":[],"entityRanges":[],"data":{}},{"key":"f32os","text":"var grid = $('.myClass');","type":"custom-code-block-javascript","depth":0,"inlineStyleRanges":[],"entityRanges":[],"data":{}},{"key":"4m47a","text":"var list_of_lists = grid.find('li');","type":"custom-code-block-javascript","depth":0,"inlineStyleRanges":[],"entityRanges":[],"data":{}},{"key":"bmdm7","text":"list_of_lists.css('background','red');","type":"custom-code-block-javascript","depth":0,"inlineStyleRanges":[],"entityRanges":[],"data":{}},{"key":"7u6m9","text":"list_of_lists.animate({width : '-=100'},2000);","type":"custom-code-block-javascript","depth":0,"inlineStyleRanges":[],"entityRanges":[],"data":{}},{"key":"dbkpo","text":"","type":"unstyled","depth":0,"inlineStyleRanges":[],"entityRanges":[],"data":{}},{"key":"8srml","text":"using :nth-child","type":"blockquote","depth":0,"inlineStyleRanges":[{"offset":6,"length":10,"style":"INLINECODE"}],"entityRanges":[],"data":{}},{"key":"ovf0","text":"$(\"ul\").find(\":nth-child(2)\").append(\"<li>samanar</li>\");","type":"custom-code-block-javascript","depth":0,"inlineStyleRanges":[],"entityRanges":[],"data":{}},{"key":"bpve3","text":"","type":"unstyled","depth":0,"inlineStyleRanges":[],"entityRanges":[],"data":{}},{"key":"92fob","text":"using addClass removeClass hasClass toggleClass","type":"blockquote","depth":0,"inlineStyleRanges":[{"offset":6,"length":8,"style":"INLINECODE"},{"offset":15,"length":11,"style":"INLINECODE"},{"offset":27,"length":8,"style":"INLINECODE"},{"offset":36,"length":11,"style":"INLINECODE"}],"entityRanges":[],"data":{}},{"key":"fiuk7","text":"$(\"#elementId\").addClass('your-class');","type":"custom-code-block-javascript","depth":0,"inlineStyleRanges":[],"entityRanges":[],"data":{}},{"key":"63hlv","text":"$(\"#elementId\").removeClass('your-class');","type":"custom-code-block-javascript","depth":0,"inlineStyleRanges":[],"entityRanges":[],"data":{}},{"key":"9fche","text":"","type":"custom-code-block-javascript","depth":0,"inlineStyleRanges":[],"entityRanges":[],"data":{}},{"key":"8j88t","text":"// and also :","type":"custom-code-block-javascript","depth":0,"inlineStyleRanges":[],"entityRanges":[],"data":{}},{"key":"6jeo1","text":"","type":"custom-code-block-javascript","depth":0,"inlineStyleRanges":[],"entityRanges":[],"data":{}},{"key":"kfdi","text":"$(\"#elementId\").toggleClass('your-class');","type":"custom-code-block-javascript","depth":0,"inlineStyleRanges":[],"entityRanges":[],"data":{}},{"key":"crinl","text":"","type":"custom-code-block-javascript","depth":0,"inlineStyleRanges":[],"entityRanges":[],"data":{}},{"key":"173i","text":"// to check if a class exist :","type":"custom-code-block-javascript","depth":0,"inlineStyleRanges":[],"entityRanges":[],"data":{}},{"key":"3v33b","text":"","type":"custom-code-block-javascript","depth":0,"inlineStyleRanges":[],"entityRanges":[],"data":{}},{"key":"73fcb","text":"if($(\"#elementId\").hasClass('your-class')) {","type":"custom-code-block-javascript","depth":0,"inlineStyleRanges":[],"entityRanges":[],"data":{}},{"key":"6ktao","text":"   // do something","type":"custom-code-block-javascript","depth":0,"inlineStyleRanges":[],"entityRanges":[],"data":{}},{"key":"ssau","text":"}","type":"custom-code-block-javascript","depth":0,"inlineStyleRanges":[],"entityRanges":[],"data":{}},{"key":"6hlr5","text":"","type":"unstyled","depth":0,"inlineStyleRanges":[],"entityRanges":[],"data":{}},{"key":"fp6rq","text":"","type":"unstyled","depth":0,"inlineStyleRanges":[],"entityRanges":[],"data":{}},{"key":"behic","text":"","type":"unstyled","depth":0,"inlineStyleRanges":[],"entityRanges":[],"data":{}},{"key":"3ko1t","text":"","type":"unstyled","depth":0,"inlineStyleRanges":[],"entityRanges":[],"data":{}},{"key":"2o70g","text":"","type":"unstyled","depth":0,"inlineStyleRanges":[],"entityRanges":[],"data":{}},{"key":"ceags","text":"","type":"unstyled","depth":0,"inlineStyleRanges":[],"entityRanges":[],"data":{}},{"key":"9v4pr","text":"","type":"unstyled","depth":0,"inlineStyleRanges":[],"entityRanges":[],"data":{}},{"key":"bkqda","text":"","type":"unstyled","depth":0,"inlineStyleRanges":[],"entityRanges":[],"data":{}},{"key":"7cqr","text":"","type":"unstyled","depth":0,"inlineStyleRanges":[],"entityRanges":[],"data":{}},{"key":"f79ji","text":"","type":"unstyled","depth":0,"inlineStyleRanges":[],"entityRanges":[],"data":{}},{"key":"519d8","text":"","type":"unstyled","depth":0,"inlineStyleRanges":[],"entityRanges":[],"data":{}},{"key":"4hjv9","text":"","type":"unstyled","depth":0,"inlineStyleRanges":[],"entityRanges":[],"data":{}},{"key":"c1ac5","text":"","type":"unstyled","depth":0,"inlineStyleRanges":[],"entityRanges":[],"data":{}},{"key":"825tn","text":"","type":"unstyled","depth":0,"inlineStyleRanges":[],"entityRanges":[],"data":{}},{"key":"c5vdu","text":"","type":"unstyled","depth":0,"inlineStyleRanges":[],"entityRanges":[],"data":{}},{"key":"en7bl","text":"","type":"unstyled","depth":0,"inlineStyleRanges":[],"entityRanges":[],"data":{}},{"key":"c9a8v","text":"","type":"unstyled","depth":0,"inlineStyleRanges":[],"entityRanges":[],"data":{}},{"key":"csqsg","text":"","type":"unstyled","depth":0,"inlineStyleRanges":[],"entityRanges":[],"data":{}},{"key":"af12v","text":"","type":"unstyled","depth":0,"inlineStyleRanges":[],"entityRanges":[],"data":{}},{"key":"a0i3f","text":"","type":"unstyled","depth":0,"inlineStyleRanges":[],"entityRanges":[],"data":{}},{"key":"d5qsl","text":"","type":"unstyled","depth":0,"inlineStyleRanges":[],"entityRanges":[],"data":{}},{"key":"72orq","text":"","type":"unstyled","depth":0,"inlineStyleRanges":[],"entityRanges":[],"data":{}},{"key":"4iqsv","text":"","type":"unstyled","depth":0,"inlineStyleRanges":[],"entityRanges":[],"data":{}},{"key":"2m6v","text":"","type":"unstyled","depth":0,"inlineStyleRanges":[],"entityRanges":[],"data":{}},{"key":"2jo4j","text":"","type":"unstyled","depth":0,"inlineStyleRanges":[],"entityRanges":[],"data":{}},{"key":"9t24f","text":"","type":"unstyled","depth":0,"inlineStyleRanges":[],"entityRanges":[],"data":{}},{"key":"bogac","text":"","type":"unstyled","depth":0,"inlineStyleRanges":[],"entityRanges":[],"data":{}},{"key":"1qtop","text":"","type":"unstyled","depth":0,"inlineStyleRanges":[],"entityRanges":[],"data":{}},{"key":"e2hcp","text":"","type":"unstyled","depth":0,"inlineStyleRanges":[],"entityRanges":[],"data":{}},{"key":"9jmg3","text":"","type":"unstyled","depth":0,"inlineStyleRanges":[],"entityRanges":[],"data":{}},{"key":"59kd9","text":"","type":"unstyled","depth":0,"inlineStyleRanges":[],"entityRanges":[],"data":{}}],"entityMap":{}},"tags":[]}