{"_id":"r1QiAhQpN","title":"Using Try Catch Throw Final","dateCreated":1558593179155,"lastAccessed":"2019-05-23T06:32:59.156Z","lastUpdated":"2019-05-23T14:46:31.945Z","notebookId":"rJGglQf24","body":{"blocks":[{"key":"ag6qs","text":"Using Try Catch Throw Final","type":"header-one","depth":0,"inlineStyleRanges":[],"entityRanges":[],"data":{}},{"key":"59kd9","text":"","type":"unstyled","depth":0,"inlineStyleRanges":[],"entityRanges":[],"data":{}},{"key":"2v1al","text":"using  Try , Catch , finally","type":"blockquote","depth":0,"inlineStyleRanges":[{"offset":7,"length":3,"style":"INLINECODE"},{"offset":13,"length":5,"style":"INLINECODE"},{"offset":21,"length":7,"style":"INLINECODE"}],"entityRanges":[],"data":{}},{"key":"1ah1a","text":"","type":"unstyled","depth":0,"inlineStyleRanges":[],"entityRanges":[],"data":{}},{"key":"55te0","text":"example One :","type":"unstyled","depth":0,"inlineStyleRanges":[],"entityRanges":[],"data":{}},{"key":"c1nlj","text":"try {","type":"custom-code-block-javascript","depth":0,"inlineStyleRanges":[],"entityRanges":[],"data":{}},{"key":"absq3","text":"   alertMe('hello john');","type":"custom-code-block-javascript","depth":0,"inlineStyleRanges":[],"entityRanges":[],"data":{}},{"key":"a0dkr","text":"} catch (err) {","type":"custom-code-block-javascript","depth":0,"inlineStyleRanges":[],"entityRanges":[],"data":{}},{"key":"c4pau","text":"   alert(err.message); // error message would be shown in alertbox , since alertMe is not Defined","type":"custom-code-block-javascript","depth":0,"inlineStyleRanges":[],"entityRanges":[],"data":{}},{"key":"aco43","text":"} finally {","type":"custom-code-block-javascript","depth":0,"inlineStyleRanges":[],"entityRanges":[],"data":{}},{"key":"4i1p3","text":"   alert('try again'); // and finally try again would be shown in another alertbox after err.message alertbox.","type":"custom-code-block-javascript","depth":0,"inlineStyleRanges":[],"entityRanges":[],"data":{}},{"key":"6nrg3","text":"}","type":"custom-code-block-javascript","depth":0,"inlineStyleRanges":[],"entityRanges":[],"data":{}},{"key":"c9qr5","text":"","type":"unstyled","depth":0,"inlineStyleRanges":[],"entityRanges":[],"data":{}},{"key":"ej6e1","text":"Important : using Throw with Try and Catch","type":"blockquote","depth":0,"inlineStyleRanges":[{"offset":0,"length":12,"style":"BOLD"},{"offset":18,"length":5,"style":"INLINECODE"}],"entityRanges":[],"data":{}},{"key":"5sofo","text":"","type":"unstyled","depth":0,"inlineStyleRanges":[],"entityRanges":[],"data":{}},{"key":"732g","text":"very usefull : we can use Throw in try catch blocks , to answer different circumstances .","type":"unstyled","depth":0,"inlineStyleRanges":[{"offset":0,"length":15,"style":"BOLD"},{"offset":26,"length":5,"style":"INLINECODE"}],"entityRanges":[],"data":{}},{"key":"8sgjf","text":"var x;","type":"custom-code-block-javascript","depth":0,"inlineStyleRanges":[],"entityRanges":[],"data":{}},{"key":"2o5ka","text":"  try { ","type":"custom-code-block-javascript","depth":0,"inlineStyleRanges":[],"entityRanges":[],"data":{}},{"key":"2b959","text":"    if(x == \"\") throw \"empty\";","type":"custom-code-block-javascript","depth":0,"inlineStyleRanges":[],"entityRanges":[],"data":{}},{"key":"89kr2","text":"    if(isNaN(x)) throw \"not a number\";","type":"custom-code-block-javascript","depth":0,"inlineStyleRanges":[],"entityRanges":[],"data":{}},{"key":"2m8th","text":"    if(x == undefined) throw \"variable is undefined\";","type":"custom-code-block-javascript","depth":0,"inlineStyleRanges":[],"entityRanges":[],"data":{}},{"key":"ddlt1","text":"    x = Number(x);","type":"custom-code-block-javascript","depth":0,"inlineStyleRanges":[],"entityRanges":[],"data":{}},{"key":"dditg","text":"    if(x < 5) throw \"too low\";","type":"custom-code-block-javascript","depth":0,"inlineStyleRanges":[],"entityRanges":[],"data":{}},{"key":"23me5","text":"    if(x > 10) throw \"too high\";","type":"custom-code-block-javascript","depth":0,"inlineStyleRanges":[],"entityRanges":[],"data":{}},{"key":"c0m8c","text":"  }","type":"custom-code-block-javascript","depth":0,"inlineStyleRanges":[],"entityRanges":[],"data":{}},{"key":"7fdo","text":"  catch(err) {","type":"custom-code-block-javascript","depth":0,"inlineStyleRanges":[],"entityRanges":[],"data":{}},{"key":"4cimg","text":"    alert(err); // would return \"not a number\" in alertBox","type":"custom-code-block-javascript","depth":0,"inlineStyleRanges":[],"entityRanges":[],"data":{}},{"key":"8nrka","text":"    // or","type":"custom-code-block-javascript","depth":0,"inlineStyleRanges":[],"entityRanges":[],"data":{}},{"key":"3uho1","text":"    alert(err.message); // would return \"undefined\" in alertBox","type":"custom-code-block-javascript","depth":0,"inlineStyleRanges":[],"entityRanges":[],"data":{}},{"key":"1pupb","text":"  }","type":"custom-code-block-javascript","depth":0,"inlineStyleRanges":[],"entityRanges":[],"data":{}},{"key":"677u9","text":"","type":"unstyled","depth":0,"inlineStyleRanges":[],"entityRanges":[],"data":{}},{"key":"8lsj7","text":"See How We Handle Different Scenario with using throw instead of else","type":"unstyled","depth":0,"inlineStyleRanges":[{"offset":0,"length":69,"style":"BOLD"},{"offset":48,"length":5,"style":"INLINECODE"},{"offset":65,"length":4,"style":"INLINECODE"}],"entityRanges":[],"data":{}},{"key":"8rfb","text":"var x = 'samandar';","type":"custom-code-block-javascript","depth":0,"inlineStyleRanges":[],"entityRanges":[],"data":{}},{"key":"9p98n","text":"    try {","type":"custom-code-block-javascript","depth":0,"inlineStyleRanges":[],"entityRanges":[],"data":{}},{"key":"bpeim","text":"        if(x > 10) throw \"big number\"","type":"custom-code-block-javascript","depth":0,"inlineStyleRanges":[],"entityRanges":[],"data":{}},{"key":"buldu","text":"        if(x < 10) throw \"small number\"","type":"custom-code-block-javascript","depth":0,"inlineStyleRanges":[],"entityRanges":[],"data":{}},{"key":"a9qee","text":"        if(isNaN(x)) throw \"not a number\"","type":"custom-code-block-javascript","depth":0,"inlineStyleRanges":[],"entityRanges":[],"data":{}},{"key":"c4hf3","text":"    } catch (error) {","type":"custom-code-block-javascript","depth":0,"inlineStyleRanges":[],"entityRanges":[],"data":{}},{"key":"2i29e","text":"        if(error == \"big number\") {","type":"custom-code-block-javascript","depth":0,"inlineStyleRanges":[],"entityRanges":[],"data":{}},{"key":"fp1sl","text":"            alert(\"x is bigger than 10\");","type":"custom-code-block-javascript","depth":0,"inlineStyleRanges":[],"entityRanges":[],"data":{}},{"key":"35jo7","text":"        } else if (error == \"small number\") {","type":"custom-code-block-javascript","depth":0,"inlineStyleRanges":[],"entityRanges":[],"data":{}},{"key":"7urje","text":"            alert(\"x is lesser than 10\");","type":"custom-code-block-javascript","depth":0,"inlineStyleRanges":[],"entityRanges":[],"data":{}},{"key":"j3k","text":"        } else if(error == \"not a number\") {","type":"custom-code-block-javascript","depth":0,"inlineStyleRanges":[],"entityRanges":[],"data":{}},{"key":"pv32","text":"            alert(\"x is not a number at all\");","type":"custom-code-block-javascript","depth":0,"inlineStyleRanges":[],"entityRanges":[],"data":{}},{"key":"d8j3b","text":"        }","type":"custom-code-block-javascript","depth":0,"inlineStyleRanges":[],"entityRanges":[],"data":{}},{"key":"f8esv","text":"    }","type":"custom-code-block-javascript","depth":0,"inlineStyleRanges":[],"entityRanges":[],"data":{}},{"key":"25ssd","text":"","type":"unstyled","depth":0,"inlineStyleRanges":[],"entityRanges":[],"data":{}},{"key":"8n8oj","text":"To Put It Simple","type":"unstyled","depth":0,"inlineStyleRanges":[{"offset":0,"length":16,"style":"BOLD"}],"entityRanges":[],"data":{}},{"key":"f1mv0","text":"var x;","type":"custom-code-block-javascript","depth":0,"inlineStyleRanges":[],"entityRanges":[],"data":{}},{"key":"4fs7m","text":"try {","type":"custom-code-block-javascript","depth":0,"inlineStyleRanges":[],"entityRanges":[],"data":{}},{"key":"tvfg","text":"   if(x == undefined) throw \"unde\"","type":"custom-code-block-javascript","depth":0,"inlineStyleRanges":[],"entityRanges":[],"data":{}},{"key":"4499j","text":"} catch (err) {","type":"custom-code-block-javascript","depth":0,"inlineStyleRanges":[],"entityRanges":[],"data":{}},{"key":"cs3cq","text":"   if(err == \"unde\") {","type":"custom-code-block-javascript","depth":0,"inlineStyleRanges":[],"entityRanges":[],"data":{}},{"key":"85m7v","text":"      // do whatever you want now","type":"custom-code-block-javascript","depth":0,"inlineStyleRanges":[],"entityRanges":[],"data":{}},{"key":"3d4ie","text":"      alert(\"variable is undefined\");","type":"custom-code-block-javascript","depth":0,"inlineStyleRanges":[],"entityRanges":[],"data":{}},{"key":"a60um","text":"   }","type":"custom-code-block-javascript","depth":0,"inlineStyleRanges":[],"entityRanges":[],"data":{}},{"key":"2d3hp","text":"}","type":"custom-code-block-javascript","depth":0,"inlineStyleRanges":[],"entityRanges":[],"data":{}},{"key":"bqgm4","text":"","type":"unstyled","depth":0,"inlineStyleRanges":[],"entityRanges":[],"data":{}},{"key":"snon","text":"","type":"unstyled","depth":0,"inlineStyleRanges":[],"entityRanges":[],"data":{}},{"key":"4nvm8","text":"","type":"unstyled","depth":0,"inlineStyleRanges":[],"entityRanges":[],"data":{}},{"key":"558fi","text":"","type":"unstyled","depth":0,"inlineStyleRanges":[],"entityRanges":[],"data":{}},{"key":"1a2mu","text":"","type":"unstyled","depth":0,"inlineStyleRanges":[],"entityRanges":[],"data":{}},{"key":"u2tk","text":"","type":"unstyled","depth":0,"inlineStyleRanges":[],"entityRanges":[],"data":{}},{"key":"1hmni","text":"","type":"unstyled","depth":0,"inlineStyleRanges":[],"entityRanges":[],"data":{}},{"key":"ed3nh","text":"","type":"unstyled","depth":0,"inlineStyleRanges":[],"entityRanges":[],"data":{}}],"entityMap":{}},"tags":[]}