{"_id":"rkKxlmf3V","title":"Select And Show Image","dateCreated":1557438448528,"lastAccessed":"2019-05-09T21:47:28.528Z","lastUpdated":"2019-05-19T03:26:37.672Z","notebookId":"rJGglQf24","body":{"blocks":[{"key":"ag6qs","text":"Select And Show Image","type":"header-one","depth":0,"inlineStyleRanges":[],"entityRanges":[],"data":{}},{"key":"fpqce","text":"first in your Html form you must have","type":"blockquote","depth":0,"inlineStyleRanges":[{"offset":14,"length":4,"style":"INLINECODE"}],"entityRanges":[],"data":{}},{"key":"94q0u","text":"<form method=\"post\" action=\"{{route('userRegister')}}\" enctype=\"multipart/form-data\">","type":"custom-code-block-html","depth":0,"inlineStyleRanges":[],"entityRanges":[],"data":{}},{"key":"cr781","text":"   <input type=\"file\" class=\"form-control\" name=\"image\" id=\"image\">","type":"custom-code-block-html","depth":0,"inlineStyleRanges":[],"entityRanges":[],"data":{}},{"key":"83thl","text":"   <img src=\"\" id=\"userImageShow\" class=\"imageView\" />","type":"custom-code-block-html","depth":0,"inlineStyleRanges":[],"entityRanges":[],"data":{}},{"key":"46pc5","text":"</form>","type":"custom-code-block-html","depth":0,"inlineStyleRanges":[],"entityRanges":[],"data":{}},{"key":"4mrdh","text":"","type":"unstyled","depth":0,"inlineStyleRanges":[],"entityRanges":[],"data":{}},{"key":"314bg","text":"then in the JavaScript we have :","type":"blockquote","depth":0,"inlineStyleRanges":[{"offset":12,"length":10,"style":"INLINECODE"}],"entityRanges":[],"data":{}},{"key":"1mevt","text":"$(function () {","type":"custom-code-block-javascript","depth":0,"inlineStyleRanges":[],"entityRanges":[],"data":{}},{"key":"3b4c7","text":"            $('.imageView').css('display','none');","type":"custom-code-block-javascript","depth":0,"inlineStyleRanges":[],"entityRanges":[],"data":{}},{"key":"1hrkt","text":"            function readURL(input) {","type":"custom-code-block-javascript","depth":0,"inlineStyleRanges":[],"entityRanges":[],"data":{}},{"key":"bqriv","text":"                if (input.files && input.files[0]) {","type":"custom-code-block-javascript","depth":0,"inlineStyleRanges":[],"entityRanges":[],"data":{}},{"key":"57rd5","text":"                    var reader = new FileReader();","type":"custom-code-block-javascript","depth":0,"inlineStyleRanges":[],"entityRanges":[],"data":{}},{"key":"duamu","text":"                    // Start of getting and showing the size of image in an alertBox","type":"custom-code-block-javascript","depth":0,"inlineStyleRanges":[],"entityRanges":[],"data":{}},{"key":"685nt","text":"                    // size is in byte , here we convert it to MB","type":"custom-code-block-javascript","depth":0,"inlineStyleRanges":[],"entityRanges":[],"data":{}},{"key":"apqkm","text":"                    var alertSize = (input.files[0].size) / (1024*1024);","type":"custom-code-block-javascript","depth":0,"inlineStyleRanges":[],"entityRanges":[],"data":{}},{"key":"e1lnv","text":"                    alert(alertSize);","type":"custom-code-block-javascript","depth":0,"inlineStyleRanges":[],"entityRanges":[],"data":{}},{"key":"4efam","text":"                    // end of showing the size in alertBox","type":"custom-code-block-javascript","depth":0,"inlineStyleRanges":[],"entityRanges":[],"data":{}},{"key":"aa5r7","text":"                    reader.onload = function (e) {","type":"custom-code-block-javascript","depth":0,"inlineStyleRanges":[],"entityRanges":[],"data":{}},{"key":"1rdi8","text":"                        $('.imageView').attr('src', e.target.result);","type":"custom-code-block-javascript","depth":0,"inlineStyleRanges":[],"entityRanges":[],"data":{}},{"key":"6860h","text":"                        $('.imageView').css('display','block');","type":"custom-code-block-javascript","depth":0,"inlineStyleRanges":[],"entityRanges":[],"data":{}},{"key":"f9hdc","text":"                    }","type":"custom-code-block-javascript","depth":0,"inlineStyleRanges":[],"entityRanges":[],"data":{}},{"key":"3uupu","text":"                    reader.readAsDataURL(input.files[0]);","type":"custom-code-block-javascript","depth":0,"inlineStyleRanges":[],"entityRanges":[],"data":{}},{"key":"c4id9","text":"                }","type":"custom-code-block-javascript","depth":0,"inlineStyleRanges":[],"entityRanges":[],"data":{}},{"key":"3gm43","text":"            }","type":"custom-code-block-javascript","depth":0,"inlineStyleRanges":[],"entityRanges":[],"data":{}},{"key":"1lhjr","text":"            $(\"#image\").change(function(){","type":"custom-code-block-javascript","depth":0,"inlineStyleRanges":[],"entityRanges":[],"data":{}},{"key":"737dp","text":"                readURL(this);","type":"custom-code-block-javascript","depth":0,"inlineStyleRanges":[],"entityRanges":[],"data":{}},{"key":"69ska","text":"            });","type":"custom-code-block-javascript","depth":0,"inlineStyleRanges":[],"entityRanges":[],"data":{}},{"key":"659bd","text":"        });","type":"custom-code-block-javascript","depth":0,"inlineStyleRanges":[],"entityRanges":[],"data":{}},{"key":"59kd9","text":"","type":"unstyled","depth":0,"inlineStyleRanges":[],"entityRanges":[],"data":{}}],"entityMap":{}},"tags":[]}