{"_id":"rkOOMNVpE","title":"Best Notes Part 3","dateCreated":1558622831572,"lastAccessed":"2019-05-23T14:47:11.575Z","lastUpdated":"2019-05-23T18:41:52.588Z","notebookId":"rJGglQf24","body":{"blocks":[{"key":"ag6qs","text":"Best Notes Part 3","type":"header-one","depth":0,"inlineStyleRanges":[],"entityRanges":[],"data":{}},{"key":"59kd9","text":"","type":"unstyled","depth":0,"inlineStyleRanges":[],"entityRanges":[],"data":{}},{"key":"88p32","text":"Different Ways of Including a Function in your Node","type":"blockquote","depth":0,"inlineStyleRanges":[{"offset":30,"length":8,"style":"INLINECODE"},{"offset":47,"length":4,"style":"INLINECODE"}],"entityRanges":[],"data":{}},{"key":"131ve","text":"","type":"unstyled","depth":0,"inlineStyleRanges":[],"entityRanges":[],"data":{}},{"key":"cfd7u","text":"example","type":"unstyled","depth":0,"inlineStyleRanges":[{"offset":0,"length":7,"style":"BOLD"}],"entityRanges":[],"data":{}},{"key":"dqft5","text":"<button onclick=\"this.innerHTML=Date()\">The Time Is</button>","type":"custom-code-block-markup","depth":0,"inlineStyleRanges":[],"entityRanges":[],"data":{}},{"key":"cnrhn","text":"// or","type":"custom-code-block-markup","depth":0,"inlineStyleRanges":[],"entityRanges":[],"data":{}},{"key":"6f6uc","text":"<button onclick=\"myfunction()\">the time is</button>","type":"custom-code-block-markup","depth":0,"inlineStyleRanges":[],"entityRanges":[],"data":{}},{"key":"62lmk","text":"// or","type":"custom-code-block-markup","depth":0,"inlineStyleRanges":[],"entityRanges":[],"data":{}},{"key":"plgc","text":"$('#btnOne').on('click',function(){","type":"custom-code-block-markup","depth":0,"inlineStyleRanges":[],"entityRanges":[],"data":{}},{"key":"gpr3","text":"   return yourAnswer","type":"custom-code-block-markup","depth":0,"inlineStyleRanges":[],"entityRanges":[],"data":{}},{"key":"ft0ls","text":"});","type":"custom-code-block-markup","depth":0,"inlineStyleRanges":[],"entityRanges":[],"data":{}},{"key":"6uiue","text":"","type":"unstyled","depth":0,"inlineStyleRanges":[],"entityRanges":[],"data":{}},{"key":"6o2b1","text":"some String functions","type":"blockquote","depth":0,"inlineStyleRanges":[{"offset":5,"length":6,"style":"INLINECODE"}],"entityRanges":[],"data":{}},{"key":"57cfd","text":"lenght , wich return the number of charachters in an string","type":"ordered-list-item","depth":0,"inlineStyleRanges":[{"offset":0,"length":6,"style":"INLINECODE"}],"entityRanges":[],"data":{}},{"key":"k6vs","text":"indexOf return -1 if not exists","type":"ordered-list-item","depth":0,"inlineStyleRanges":[{"offset":0,"length":7,"style":"INLINECODE"}],"entityRanges":[],"data":{}},{"key":"bkm7o","text":"split like : str.split(',') , wich return an array","type":"ordered-list-item","depth":0,"inlineStyleRanges":[{"offset":0,"length":5,"style":"INLINECODE"}],"entityRanges":[],"data":{}},{"key":"clqce","text":"replace like : str.replace('arash','samandar');","type":"ordered-list-item","depth":0,"inlineStyleRanges":[{"offset":0,"length":7,"style":"INLINECODE"}],"entityRanges":[],"data":{}},{"key":"6k6af","text":"toUpperCase and toLowerCase","type":"ordered-list-item","depth":0,"inlineStyleRanges":[{"offset":0,"length":11,"style":"INLINECODE"},{"offset":16,"length":11,"style":"INLINECODE"}],"entityRanges":[],"data":{}},{"key":"8j7v8","text":"","type":"unstyled","depth":0,"inlineStyleRanges":[],"entityRanges":[],"data":{}}],"entityMap":{}},"tags":[]}