{"_id":"SkhmU1-pV","title":"Best Notes Part 1","dateCreated":1558406692255,"lastAccessed":"2019-05-21T02:44:52.255Z","lastUpdated":"2019-05-23T06:32:35.086Z","notebookId":"rJGglQf24","body":{"blocks":[{"key":"ag6qs","text":"Best Notes Part 1","type":"header-one","depth":0,"inlineStyleRanges":[],"entityRanges":[],"data":{}},{"key":"565jg","text":"","type":"unstyled","depth":0,"inlineStyleRanges":[],"entityRanges":[],"data":{}},{"key":"547o","text":"NOTE : One Important Thing You Should Know First Is :","type":"unstyled","depth":0,"inlineStyleRanges":[{"offset":0,"length":4,"style":"INLINECODE"}],"entityRanges":[],"data":{}},{"key":"4h2s9","text":"Jquery Does Not Support Everything .","type":"blockquote","depth":0,"inlineStyleRanges":[{"offset":0,"length":6,"style":"INLINECODE"}],"entityRanges":[],"data":{}},{"key":"bsde1","text":" So a Lot Of Our Script , Does Not Have Jquery in it","type":"blockquote","depth":0,"inlineStyleRanges":[{"offset":40,"length":6,"style":"INLINECODE"}],"entityRanges":[],"data":{}},{"key":"4iren","text":"","type":"unstyled","depth":0,"inlineStyleRanges":[],"entityRanges":[],"data":{}},{"key":"eepd8","text":"Difference Between Selecting With JQuery And Selecting With JavaScript","type":"blockquote","depth":0,"inlineStyleRanges":[{"offset":34,"length":6,"style":"INLINECODE"},{"offset":60,"length":10,"style":"INLINECODE"}],"entityRanges":[],"data":{}},{"key":"cgqv8","text":"","type":"unstyled","depth":0,"inlineStyleRanges":[],"entityRanges":[],"data":{}},{"key":"6m26i","text":"// Return Element With ID = id01","type":"custom-code-block-javascript","depth":0,"inlineStyleRanges":[],"entityRanges":[],"data":{}},{"key":"b8jf4","text":"var myElement = $(\"#id01\");","type":"custom-code-block-javascript","depth":0,"inlineStyleRanges":[],"entityRanges":[],"data":{}},{"key":"4f133","text":"var myElement = document.getElementById(\"id01\");","type":"custom-code-block-javascript","depth":0,"inlineStyleRanges":[],"entityRanges":[],"data":{}},{"key":"fdfm0","text":"","type":"custom-code-block-javascript","depth":0,"inlineStyleRanges":[],"entityRanges":[],"data":{}},{"key":"8732c","text":"// Return All <p> elements","type":"custom-code-block-javascript","depth":0,"inlineStyleRanges":[],"entityRanges":[],"data":{}},{"key":"56q68","text":"var myElements = $(\"p\");","type":"custom-code-block-javascript","depth":0,"inlineStyleRanges":[],"entityRanges":[],"data":{}},{"key":"54b0g","text":"var myElements = document.getElementByTagName(\"p\");","type":"custom-code-block-javascript","depth":0,"inlineStyleRanges":[],"entityRanges":[],"data":{}},{"key":"8ilrk","text":"","type":"custom-code-block-javascript","depth":0,"inlineStyleRanges":[],"entityRanges":[],"data":{}},{"key":"4j333","text":"// Return All Elements With Class = .intro","type":"custom-code-block-javascript","depth":0,"inlineStyleRanges":[],"entityRanges":[],"data":{}},{"key":"a0m5i","text":"var myElement = $(\".intro\");","type":"custom-code-block-javascript","depth":0,"inlineStyleRanges":[],"entityRanges":[],"data":{}},{"key":"5ugtl","text":"var myElement = document.getElementByClassName(\"intro\");","type":"custom-code-block-javascript","depth":0,"inlineStyleRanges":[],"entityRanges":[],"data":{}},{"key":"ftmqt","text":"","type":"custom-code-block-javascript","depth":0,"inlineStyleRanges":[],"entityRanges":[],"data":{}},{"key":"9jcpo","text":"// -------------------------- More Important Ones --------------------------","type":"custom-code-block-javascript","depth":0,"inlineStyleRanges":[],"entityRanges":[],"data":{}},{"key":"ar3co","text":"","type":"custom-code-block-javascript","depth":0,"inlineStyleRanges":[],"entityRanges":[],"data":{}},{"key":"dj7oa","text":"// Return a list of all <p> elements with class=\"intro\".","type":"custom-code-block-javascript","depth":0,"inlineStyleRanges":[],"entityRanges":[],"data":{}},{"key":"cjcs8","text":"var myElements = $(\"p.intro\");","type":"custom-code-block-javascript","depth":0,"inlineStyleRanges":[],"entityRanges":[],"data":{}},{"key":"4i8q9","text":"var MyElements = document.querySelectorAll(\"p.intro\");","type":"custom-code-block-javascript","depth":0,"inlineStyleRanges":[],"entityRanges":[],"data":{}},{"key":"f8shn","text":"","type":"custom-code-block-javascript","depth":0,"inlineStyleRanges":[],"entityRanges":[],"data":{}},{"key":"a8chr","text":"// Set Inner Text of an HTML element","type":"custom-code-block-javascript","depth":0,"inlineStyleRanges":[],"entityRanges":[],"data":{}},{"key":"3afrq","text":"myElement.text(\"Hello Sweden!\");","type":"custom-code-block-javascript","depth":0,"inlineStyleRanges":[],"entityRanges":[],"data":{}},{"key":"2oakp","text":"myElement.textContent = \"Hello Sweden!\";","type":"custom-code-block-javascript","depth":0,"inlineStyleRanges":[],"entityRanges":[],"data":{}},{"key":"fv972","text":"","type":"custom-code-block-javascript","depth":0,"inlineStyleRanges":[],"entityRanges":[],"data":{}},{"key":"d4j4a","text":"// get inner Text of an HTML element","type":"custom-code-block-javascript","depth":0,"inlineStyleRanges":[],"entityRanges":[],"data":{}},{"key":"2uob6","text":"var myText = myElement.text();","type":"custom-code-block-javascript","depth":0,"inlineStyleRanges":[],"entityRanges":[],"data":{}},{"key":"borul","text":"var myText = myElement.textContent || myElement.innerText;","type":"custom-code-block-javascript","depth":0,"inlineStyleRanges":[],"entityRanges":[],"data":{}},{"key":"9js8o","text":"","type":"custom-code-block-javascript","depth":0,"inlineStyleRanges":[],"entityRanges":[],"data":{}},{"key":"b58en","text":"// set HTML Content of an Element","type":"custom-code-block-javascript","depth":0,"inlineStyleRanges":[],"entityRanges":[],"data":{}},{"key":"9a5mv","text":"myElement.html(\"<p>Hello World</p>\");","type":"custom-code-block-javascript","depth":0,"inlineStyleRanges":[],"entityRanges":[],"data":{}},{"key":"ap3ke","text":"myElement.innerHTML = \"<p>Hello World</p>\";","type":"custom-code-block-javascript","depth":0,"inlineStyleRanges":[],"entityRanges":[],"data":{}},{"key":"b23ld","text":"","type":"custom-code-block-javascript","depth":0,"inlineStyleRanges":[],"entityRanges":[],"data":{}},{"key":"8268o","text":"// Get HTML Content","type":"custom-code-block-javascript","depth":0,"inlineStyleRanges":[],"entityRanges":[],"data":{}},{"key":"bpju6","text":"var content = myElement.html();","type":"custom-code-block-javascript","depth":0,"inlineStyleRanges":[],"entityRanges":[],"data":{}},{"key":"d8m3t","text":"var content = myElement.innerHTML;","type":"custom-code-block-javascript","depth":0,"inlineStyleRanges":[],"entityRanges":[],"data":{}},{"key":"d61b4","text":"","type":"custom-code-block-javascript","depth":0,"inlineStyleRanges":[],"entityRanges":[],"data":{}},{"key":"bhat3","text":"// Hide an HTML Element","type":"custom-code-block-javascript","depth":0,"inlineStyleRanges":[],"entityRanges":[],"data":{}},{"key":"60gtc","text":"myElement.hide();","type":"custom-code-block-javascript","depth":0,"inlineStyleRanges":[],"entityRanges":[],"data":{}},{"key":"id3t","text":"myElement.style.display = \"none\";","type":"custom-code-block-javascript","depth":0,"inlineStyleRanges":[],"entityRanges":[],"data":{}},{"key":"d85uo","text":"// or Show an HTML Element","type":"custom-code-block-javascript","depth":0,"inlineStyleRanges":[],"entityRanges":[],"data":{}},{"key":"6klsd","text":"myElement.show();","type":"custom-code-block-javascript","depth":0,"inlineStyleRanges":[],"entityRanges":[],"data":{}},{"key":"d3sih","text":"myElement.style.display = \"\";","type":"custom-code-block-javascript","depth":0,"inlineStyleRanges":[],"entityRanges":[],"data":{}},{"key":"ebrsh","text":"","type":"custom-code-block-javascript","depth":0,"inlineStyleRanges":[],"entityRanges":[],"data":{}},{"key":"c1cfm","text":"// Styling HTML Element","type":"custom-code-block-javascript","depth":0,"inlineStyleRanges":[],"entityRanges":[],"data":{}},{"key":"2hhco","text":"myElement.css(\"font-size\",\"35px\");","type":"custom-code-block-javascript","depth":0,"inlineStyleRanges":[],"entityRanges":[],"data":{}},{"key":"3fc7c","text":"myElement.style.fontSize = \"35px\";","type":"custom-code-block-javascript","depth":0,"inlineStyleRanges":[],"entityRanges":[],"data":{}},{"key":"chfis","text":"","type":"custom-code-block-javascript","depth":0,"inlineStyleRanges":[],"entityRanges":[],"data":{}},{"key":"egt6a","text":"// Removing Element","type":"custom-code-block-javascript","depth":0,"inlineStyleRanges":[],"entityRanges":[],"data":{}},{"key":"5p898","text":"myElement.remove();","type":"custom-code-block-javascript","depth":0,"inlineStyleRanges":[],"entityRanges":[],"data":{}},{"key":"89in1","text":"element.parentNode.removeChild(element);","type":"custom-code-block-javascript","depth":0,"inlineStyleRanges":[],"entityRanges":[],"data":{}},{"key":"2ruo7","text":"","type":"custom-code-block-javascript","depth":0,"inlineStyleRanges":[],"entityRanges":[],"data":{}},{"key":"54eiu","text":"// Get Parent Element","type":"custom-code-block-javascript","depth":0,"inlineStyleRanges":[],"entityRanges":[],"data":{}},{"key":"1rvk7","text":"var myParent = myElement.parent();","type":"custom-code-block-javascript","depth":0,"inlineStyleRanges":[],"entityRanges":[],"data":{}},{"key":"7e72d","text":"var myParent = myElement.parentNode();","type":"custom-code-block-javascript","depth":0,"inlineStyleRanges":[],"entityRanges":[],"data":{}},{"key":"fk0a7","text":"","type":"unstyled","depth":0,"inlineStyleRanges":[],"entityRanges":[],"data":{}},{"key":"5dhtq","text":"To change the Style of an Element We write","type":"unstyled","depth":0,"inlineStyleRanges":[{"offset":0,"length":42,"style":"BOLD"}],"entityRanges":[],"data":{}},{"key":"6r7tb","text":"element.style.display = '';","type":"custom-code-block-javascript","depth":0,"inlineStyleRanges":[],"entityRanges":[],"data":{}},{"key":"f6c4q","text":"// or with jquery","type":"custom-code-block-javascript","depth":0,"inlineStyleRanges":[],"entityRanges":[],"data":{}},{"key":"e0dll","text":"element.css('display','none');","type":"custom-code-block-javascript","depth":0,"inlineStyleRanges":[],"entityRanges":[],"data":{}},{"key":"5pv5k","text":"","type":"unstyled","depth":0,"inlineStyleRanges":[],"entityRanges":[],"data":{}},{"key":"cjfm7","text":"To get or assign the value of a certain input types we write","type":"unstyled","depth":0,"inlineStyleRanges":[{"offset":0,"length":60,"style":"BOLD"},{"offset":40,"length":11,"style":"INLINECODE"}],"entityRanges":[],"data":{}},{"key":"953vq","text":"var textInputs = $('input[type=text]');","type":"custom-code-block-javascript","depth":0,"inlineStyleRanges":[],"entityRanges":[],"data":{}},{"key":"bjv97","text":"// then you can get the value of each of them by using index","type":"custom-code-block-javascript","depth":0,"inlineStyleRanges":[{"offset":24,"length":5,"style":"INLINECODE"},{"offset":46,"length":14,"style":"INLINECODE"}],"entityRanges":[],"data":{}},{"key":"fn5g7","text":"textInputs[0].value = \"new Value\";","type":"custom-code-block-javascript","depth":0,"inlineStyleRanges":[],"entityRanges":[],"data":{}},{"key":"59kd9","text":"","type":"unstyled","depth":0,"inlineStyleRanges":[],"entityRanges":[],"data":{}},{"key":"e5u5e","text":"To concat to a String in javaScript we have","type":"unstyled","depth":0,"inlineStyleRanges":[{"offset":0,"length":43,"style":"BOLD"}],"entityRanges":[],"data":{}},{"key":"9jpn","text":"var arash = \"Arash\";","type":"custom-code-block-javascript","depth":0,"inlineStyleRanges":[],"entityRanges":[],"data":{}},{"key":"67n5u","text":"arash += \"_Samandar\" // the result would be -> Arash_Samandar","type":"custom-code-block-javascript","depth":0,"inlineStyleRanges":[],"entityRanges":[],"data":{}},{"key":"8isu5","text":"","type":"unstyled","depth":0,"inlineStyleRanges":[],"entityRanges":[],"data":{}},{"key":"5na8b","text":"To Remove a String From a String We Have","type":"unstyled","depth":0,"inlineStyleRanges":[{"offset":0,"length":40,"style":"BOLD"}],"entityRanges":[],"data":{}},{"key":"4ad1t","text":"var test = \"_1_5_8\";","type":"custom-code-block-javascript","depth":0,"inlineStyleRanges":[],"entityRanges":[],"data":{}},{"key":"2sual","text":"test.replace('_1','');","type":"custom-code-block-javascript","depth":0,"inlineStyleRanges":[],"entityRanges":[],"data":{}},{"key":"e2kan","text":"","type":"unstyled","depth":0,"inlineStyleRanges":[],"entityRanges":[],"data":{}},{"key":"9usdd","text":"To Split a String ( for example by underline ) we have","type":"unstyled","depth":0,"inlineStyleRanges":[{"offset":0,"length":54,"style":"BOLD"},{"offset":35,"length":9,"style":"INLINECODE"}],"entityRanges":[],"data":{}},{"key":"8beea","text":"var test = \"_1_2_4\";","type":"custom-code-block-javascript","depth":0,"inlineStyleRanges":[],"entityRanges":[],"data":{}},{"key":"c627t","text":"var testArray = test.split(\"_\");","type":"custom-code-block-javascript","depth":0,"inlineStyleRanges":[],"entityRanges":[],"data":{}},{"key":"2929k","text":"// the values would be [\"\", \"1\", \"2\", \"4\"]","type":"custom-code-block-javascript","depth":0,"inlineStyleRanges":[{"offset":23,"length":19,"style":"INLINECODE"}],"entityRanges":[],"data":{}},{"key":"8hg2a","text":"","type":"unstyled","depth":0,"inlineStyleRanges":[],"entityRanges":[],"data":{}},{"key":"11adq","text":"In Php we convert an String of words ( or whatever ) , we implode to an array like","type":"blockquote","depth":0,"inlineStyleRanges":[{"offset":0,"length":6,"style":"BOLD"},{"offset":21,"length":16,"style":"BOLD"},{"offset":58,"length":7,"style":"BOLD"},{"offset":72,"length":5,"style":"BOLD"}],"entityRanges":[],"data":{}},{"key":"9t49m","text":"$str = \"1,2,3,4\";","type":"custom-code-block-javascript","depth":0,"inlineStyleRanges":[],"entityRanges":[],"data":{}},{"key":"ajvob","text":"$array = preg_split('/\\,/',$str) // this would return $array=[1,2,3,4];","type":"custom-code-block-javascript","depth":0,"inlineStyleRanges":[],"entityRanges":[],"data":{}},{"key":"ffrg7","text":"Again In Php use : array_shift($array) , to Remove The First Element Of an array","type":"custom-code-block-javascript","depth":0,"inlineStyleRanges":[],"entityRanges":[],"data":{}},{"key":"5qmi9","text":"","type":"unstyled","depth":0,"inlineStyleRanges":[],"entityRanges":[],"data":{}},{"key":"cf0b5","text":"Convert To String","type":"blockquote","depth":0,"inlineStyleRanges":[{"offset":0,"length":17,"style":"BOLD"}],"entityRanges":[],"data":{}},{"key":"48fvl","text":"var x = 123;","type":"custom-code-block-javascript","depth":0,"inlineStyleRanges":[],"entityRanges":[],"data":{}},{"key":"2p9u3","text":"document.getElementById('folan').innerHTML = x.toString()","type":"custom-code-block-javascript","depth":0,"inlineStyleRanges":[],"entityRanges":[],"data":{}},{"key":"2o5lq","text":"// or","type":"custom-code-block-javascript","depth":0,"inlineStyleRanges":[],"entityRanges":[],"data":{}},{"key":"6450l","text":"var x = 432;","type":"custom-code-block-javascript","depth":0,"inlineStyleRanges":[],"entityRanges":[],"data":{}},{"key":"fhm7","text":"document.getElementById('bahman').innerHTML = String(x);","type":"custom-code-block-javascript","depth":0,"inlineStyleRanges":[],"entityRanges":[],"data":{}},{"key":"v7b7","text":"","type":"unstyled","depth":0,"inlineStyleRanges":[],"entityRanges":[],"data":{}},{"key":"6s4r5","text":"Check IF Variable Is An Array","type":"blockquote","depth":0,"inlineStyleRanges":[{"offset":0,"length":29,"style":"BOLD"},{"offset":24,"length":5,"style":"INLINECODE"}],"entityRanges":[],"data":{}},{"key":"slqi","text":"// NOTE : as you know , we can call the constructor name by calling ' .constructor ' on a variable","type":"custom-code-block-javascript","depth":0,"inlineStyleRanges":[{"offset":3,"length":6,"style":"INLINECODE"}],"entityRanges":[],"data":{}},{"key":"32utb","text":"// now to check if the variable is an Array we have :","type":"custom-code-block-javascript","depth":0,"inlineStyleRanges":[],"entityRanges":[],"data":{}},{"key":"3m4l0","text":"var fruits = [\"banana\",\"Orange\",\"Apple\",\"Mango\"];","type":"custom-code-block-javascript","depth":0,"inlineStyleRanges":[],"entityRanges":[],"data":{}},{"key":"cqpi2","text":"document.getElementById(\"demo\").innerHTML = isArray(fruits);","type":"custom-code-block-javascript","depth":0,"inlineStyleRanges":[],"entityRanges":[],"data":{}},{"key":"619tc","text":"","type":"custom-code-block-javascript","depth":0,"inlineStyleRanges":[],"entityRanges":[],"data":{}},{"key":"8c805","text":"function isArray(myArray) {","type":"custom-code-block-javascript","depth":0,"inlineStyleRanges":[],"entityRanges":[],"data":{}},{"key":"ad187","text":"   return myArray.constructor.toString().indexOf(\"Array\") > -1;","type":"custom-code-block-javascript","depth":0,"inlineStyleRanges":[],"entityRanges":[],"data":{}},{"key":"5hjqn","text":"}","type":"custom-code-block-javascript","depth":0,"inlineStyleRanges":[],"entityRanges":[],"data":{}},{"key":"33cgv","text":"And we can check every variable to know if its type is","type":"unstyled","depth":0,"inlineStyleRanges":[],"entityRanges":[],"data":{}},{"key":"3lfn","text":"Number","type":"ordered-list-item","depth":0,"inlineStyleRanges":[],"entityRanges":[],"data":{}},{"key":"c9kd5","text":"String","type":"ordered-list-item","depth":0,"inlineStyleRanges":[],"entityRanges":[],"data":{}},{"key":"8f7e9","text":"Boolean","type":"ordered-list-item","depth":0,"inlineStyleRanges":[],"entityRanges":[],"data":{}},{"key":"dlusk","text":"Array","type":"ordered-list-item","depth":0,"inlineStyleRanges":[],"entityRanges":[],"data":{}},{"key":"55o9j","text":"Date","type":"ordered-list-item","depth":0,"inlineStyleRanges":[],"entityRanges":[],"data":{}},{"key":"a4o2p","text":"Object","type":"ordered-list-item","depth":0,"inlineStyleRanges":[],"entityRanges":[],"data":{}},{"key":"cup7o","text":"And All By Only Using This .Constructor On Our Variable .","type":"unstyled","depth":0,"inlineStyleRanges":[{"offset":0,"length":57,"style":"BOLD"},{"offset":27,"length":12,"style":"INLINECODE"}],"entityRanges":[],"data":{}},{"key":"sb44","text":"Another example :","type":"unstyled","depth":0,"inlineStyleRanges":[{"offset":0,"length":17,"style":"BOLD"}],"entityRanges":[],"data":{}},{"key":"ag5ld","text":"var myDate = new Date();","type":"custom-code-block-javascript","depth":0,"inlineStyleRanges":[],"entityRanges":[],"data":{}},{"key":"aesh9","text":"document.getElementById(\"demo\").innerHTML = isDate(myDate);","type":"custom-code-block-javascript","depth":0,"inlineStyleRanges":[],"entityRanges":[],"data":{}},{"key":"932kr","text":"","type":"custom-code-block-javascript","depth":0,"inlineStyleRanges":[],"entityRanges":[],"data":{}},{"key":"79cml","text":"function isDate(myDate) {","type":"custom-code-block-javascript","depth":0,"inlineStyleRanges":[],"entityRanges":[],"data":{}},{"key":"8rb0k","text":"  return myDate.constructor.toString().indexOf(\"Date\") > -1;","type":"custom-code-block-javascript","depth":0,"inlineStyleRanges":[],"entityRanges":[],"data":{}},{"key":"91j60","text":"}","type":"custom-code-block-javascript","depth":0,"inlineStyleRanges":[],"entityRanges":[],"data":{}},{"key":"2fcal","text":"","type":"unstyled","depth":0,"inlineStyleRanges":[],"entityRanges":[],"data":{}},{"key":"e5s1k","text":"","type":"unstyled","depth":0,"inlineStyleRanges":[],"entityRanges":[],"data":{}},{"key":"58ku0","text":"","type":"unstyled","depth":0,"inlineStyleRanges":[],"entityRanges":[],"data":{}},{"key":"fr2ge","text":"","type":"unstyled","depth":0,"inlineStyleRanges":[],"entityRanges":[],"data":{}},{"key":"dtikk","text":"","type":"unstyled","depth":0,"inlineStyleRanges":[],"entityRanges":[],"data":{}}],"entityMap":{}},"tags":[]}