{"_id":"SkP5qZ-T4","title":"Dynamically Create Content Or Table Rows","dateCreated":1558416014751,"lastAccessed":"2019-05-21T05:20:14.753Z","lastUpdated":"2019-05-21T05:57:21.278Z","notebookId":"rJGglQf24","body":{"blocks":[{"key":"ag6qs","text":"Dynamically Create Content Or Table Rows","type":"header-one","depth":0,"inlineStyleRanges":[],"entityRanges":[],"data":{}},{"key":"a62v6","text":"","type":"unstyled","depth":0,"inlineStyleRanges":[],"entityRanges":[],"data":{}},{"key":"alnea","text":"In This Example We Are Going To Create Table Rows With Input Types Text In It , All Dynamically , With Jquery","type":"blockquote","depth":0,"inlineStyleRanges":[],"entityRanges":[],"data":{}},{"key":"59kd9","text":"","type":"unstyled","depth":0,"inlineStyleRanges":[],"entityRanges":[],"data":{}},{"key":"frbp0","text":"create you table for example like :","type":"unstyled","depth":0,"inlineStyleRanges":[{"offset":0,"length":35,"style":"BOLD"}],"entityRanges":[],"data":{}},{"key":"59nik","text":"<div class=\"container\" dir=\"rtl\">","type":"custom-code-block-html","depth":0,"inlineStyleRanges":[],"entityRanges":[],"data":{}},{"key":"3crbc","text":"        <div class=\"card\">","type":"custom-code-block-html","depth":0,"inlineStyleRanges":[],"entityRanges":[],"data":{}},{"key":"9p2ac","text":"            <div class=\"card-header\" dir=\"rtl\" style=\"text-align: right\">سوابق شغلی<input type=\"button\" value=\"اضافه کردن\" name=\"adding\" id=\"addJob\" class=\"btn btn-info\"/></div>","type":"custom-code-block-html","depth":0,"inlineStyleRanges":[],"entityRanges":[],"data":{}},{"key":"85r5","text":"            <div class=\"card-body\">","type":"custom-code-block-html","depth":0,"inlineStyleRanges":[],"entityRanges":[],"data":{}},{"key":"7nf7i","text":"                <table class=\"table table-bordered table-hover table-light\" style=\"text-align: center;cursor: pointer\" dir=\"rtl\" id=\"jobTable\">","type":"custom-code-block-html","depth":0,"inlineStyleRanges":[],"entityRanges":[],"data":{}},{"key":"c4ff9","text":"                    <input type=\"hidden\" name=\"jobs\" value=\"jobs0\" />","type":"custom-code-block-html","depth":0,"inlineStyleRanges":[],"entityRanges":[],"data":{}},{"key":"p6j","text":"                    <thead class=\"thead-light\">","type":"custom-code-block-html","depth":0,"inlineStyleRanges":[],"entityRanges":[],"data":{}},{"key":"7udtd","text":"                    <td scope=\"col\">عملیات</td>","type":"custom-code-block-html","depth":0,"inlineStyleRanges":[],"entityRanges":[],"data":{}},{"key":"atgij","text":"                    <th scope=\"col\">نام سازمان/شرکت</th>","type":"custom-code-block-html","depth":0,"inlineStyleRanges":[],"entityRanges":[],"data":{}},{"key":"au00f","text":"                    <th scope=\"col\">سمت</th>","type":"custom-code-block-html","depth":0,"inlineStyleRanges":[],"entityRanges":[],"data":{}},{"key":"5ssgv","text":"                    <th scope=\"col\">مدت سابقه</th>","type":"custom-code-block-html","depth":0,"inlineStyleRanges":[],"entityRanges":[],"data":{}},{"key":"fseh9","text":"                    <th scope=\"col\">علت پایان همکاری</th>","type":"custom-code-block-html","depth":0,"inlineStyleRanges":[],"entityRanges":[],"data":{}},{"key":"80mq6","text":"                    </thead>","type":"custom-code-block-html","depth":0,"inlineStyleRanges":[],"entityRanges":[],"data":{}},{"key":"c88td","text":"                    <tbody>","type":"custom-code-block-html","depth":0,"inlineStyleRanges":[],"entityRanges":[],"data":{}},{"key":"76ski","text":"                    <tr></tr>","type":"custom-code-block-html","depth":0,"inlineStyleRanges":[],"entityRanges":[],"data":{}},{"key":"elbtb","text":"                    </tbody>","type":"custom-code-block-html","depth":0,"inlineStyleRanges":[],"entityRanges":[],"data":{}},{"key":"c0n71","text":"                </table>","type":"custom-code-block-html","depth":0,"inlineStyleRanges":[],"entityRanges":[],"data":{}},{"key":"ec3pr","text":"            </div>","type":"custom-code-block-html","depth":0,"inlineStyleRanges":[],"entityRanges":[],"data":{}},{"key":"9k39l","text":"        </div>","type":"custom-code-block-html","depth":0,"inlineStyleRanges":[],"entityRanges":[],"data":{}},{"key":"1kuck","text":"    </div>","type":"custom-code-block-html","depth":0,"inlineStyleRanges":[],"entityRanges":[],"data":{}},{"key":"auug","text":"","type":"unstyled","depth":0,"inlineStyleRanges":[],"entityRanges":[],"data":{}},{"key":"7fosb","text":"NOTE : The SingleStone For Our Rows To Be Operational Is That We Have To Assign Them data-id","type":"blockquote","depth":0,"inlineStyleRanges":[{"offset":0,"length":92,"style":"BOLD"},{"offset":85,"length":7,"style":"INLINECODE"}],"entityRanges":[],"data":{}},{"key":"97l8d","text":"","type":"unstyled","depth":0,"inlineStyleRanges":[],"entityRanges":[],"data":{}},{"key":"9usft","text":"NOTE : We Must Use Jquery Delegate Method , to Access data-id , And Add Or Remove Rows By data-id","type":"blockquote","depth":0,"inlineStyleRanges":[{"offset":0,"length":97,"style":"BOLD"},{"offset":26,"length":8,"style":"INLINECODE"},{"offset":54,"length":7,"style":"INLINECODE"},{"offset":90,"length":7,"style":"INLINECODE"}],"entityRanges":[],"data":{}},{"key":"7ha9e","text":"","type":"unstyled","depth":0,"inlineStyleRanges":[],"entityRanges":[],"data":{}},{"key":"4vgnv","text":"Now in the Jquery Part We Have","type":"unstyled","depth":0,"inlineStyleRanges":[{"offset":0,"length":30,"style":"BOLD"}],"entityRanges":[],"data":{}},{"key":"cd1va","text":"var education_row_counter = 0; // create some kind of counter because we want to assign a number to data-id so it would be recognizable","type":"custom-code-block-javascript","depth":0,"inlineStyleRanges":[{"offset":0,"length":4,"style":"BOLD"},{"offset":100,"length":7,"style":"INLINECODE"},{"offset":123,"length":12,"style":"INLINECODE"}],"entityRanges":[],"data":{}},{"key":"800rs","text":"function add_new_education() {","type":"custom-code-block-javascript","depth":0,"inlineStyleRanges":[],"entityRanges":[],"data":{}},{"key":"43lsh","text":"","type":"custom-code-block-javascript","depth":0,"inlineStyleRanges":[],"entityRanges":[],"data":{}},{"key":"2bthe","text":"    var actions = '<td>' +","type":"custom-code-block-javascript","depth":0,"inlineStyleRanges":[],"entityRanges":[],"data":{}},{"key":"ao0h3","text":"        '<a href=\"#\" id=\"remove\" data-id=\"' + education_row_counter + '\"><i id=\"removeIcon\" class=\"fas fa-minus removestyle\"></i></a>' + '&nbsp&nbsp' +","type":"custom-code-block-javascript","depth":0,"inlineStyleRanges":[],"entityRanges":[],"data":{}},{"key":"fl0fi","text":"        '<a href=\"#\" id=\"check\" data-id=\"' + education_row_counter + '\"><i id=\"checkIcon\" class=\"fas fa-check approvestyle\"></i></a>' +","type":"custom-code-block-javascript","depth":0,"inlineStyleRanges":[],"entityRanges":[],"data":{}},{"key":"7l8eb","text":"        '</td>';","type":"custom-code-block-javascript","depth":0,"inlineStyleRanges":[],"entityRanges":[],"data":{}},{"key":"dtjd8","text":"","type":"custom-code-block-javascript","depth":0,"inlineStyleRanges":[],"entityRanges":[],"data":{}},{"key":"a93fj","text":"    var row = '<tr data-id=\"' + education_row_counter + '\" >' + actions +","type":"custom-code-block-javascript","depth":0,"inlineStyleRanges":[],"entityRanges":[],"data":{}},{"key":"a12v1","text":"        '<td><input type=\"text\" class=\"form-control\" placeholder=\"رشته ی تحصیلی\" name=\"reshte\" id=\"reshte\" required></td>' +","type":"custom-code-block-javascript","depth":0,"inlineStyleRanges":[],"entityRanges":[],"data":{}},{"key":"api2a","text":"        '<td><input type=\"text\" class=\"form-control\" placeholder=\"مقطع تحصیلی\" name=\"gerayesh\" id=\"gerayesh\" required></td>' +","type":"custom-code-block-javascript","depth":0,"inlineStyleRanges":[],"entityRanges":[],"data":{}},{"key":"cqcfk","text":"        '<td><input type=\"text\" class=\"form-control\" placeholder=\"گرایش\" name=\"maghta\" id=\"maghta\" required></td>' +","type":"custom-code-block-javascript","depth":0,"inlineStyleRanges":[],"entityRanges":[],"data":{}},{"key":"c601i","text":"        '<td><input type=\"text\" class=\"form-control\" placeholder=\"معدل\" name=\"moadel\" id=\"moadel\" required>' +","type":"custom-code-block-javascript","depth":0,"inlineStyleRanges":[],"entityRanges":[],"data":{}},{"key":"978lc","text":"        '</tr>';","type":"custom-code-block-javascript","depth":0,"inlineStyleRanges":[],"entityRanges":[],"data":{}},{"key":"3cs7o","text":"","type":"custom-code-block-javascript","depth":0,"inlineStyleRanges":[],"entityRanges":[],"data":{}},{"key":"33kre","text":"    $(\"#eduTable\").append(row);","type":"custom-code-block-javascript","depth":0,"inlineStyleRanges":[],"entityRanges":[],"data":{}},{"key":"6plko","text":"","type":"custom-code-block-javascript","depth":0,"inlineStyleRanges":[],"entityRanges":[],"data":{}},{"key":"c62ca","text":"    education_row_counter++;","type":"custom-code-block-javascript","depth":0,"inlineStyleRanges":[],"entityRanges":[],"data":{}},{"key":"e4r50","text":"}","type":"custom-code-block-javascript","depth":0,"inlineStyleRanges":[],"entityRanges":[],"data":{}},{"key":"34ms1","text":"","type":"custom-code-block-javascript","depth":0,"inlineStyleRanges":[],"entityRanges":[],"data":{}},{"key":"6keeh","text":"// Now Use This Function","type":"custom-code-block-javascript","depth":0,"inlineStyleRanges":[],"entityRanges":[],"data":{}},{"key":"9u5rq","text":"$(\"#addButton\").on('click',function () {","type":"custom-code-block-javascript","depth":0,"inlineStyleRanges":[],"entityRanges":[],"data":{}},{"key":"62q1t","text":"    add_new_education();","type":"custom-code-block-javascript","depth":0,"inlineStyleRanges":[],"entityRanges":[],"data":{}},{"key":"duq2","text":"});","type":"custom-code-block-javascript","depth":0,"inlineStyleRanges":[],"entityRanges":[],"data":{}},{"key":"9qdhr","text":"","type":"unstyled","depth":0,"inlineStyleRanges":[],"entityRanges":[],"data":{}},{"key":"681sr","text":"Another Example Wich Follows Above , is How To Get This Rows , We Get Them Like :","type":"unstyled","depth":0,"inlineStyleRanges":[{"offset":0,"length":81,"style":"BOLD"}],"entityRanges":[],"data":{}},{"key":"4cbfo","text":"// when the check button is clicked , we have :","type":"custom-code-block-javascript","depth":0,"inlineStyleRanges":[{"offset":12,"length":5,"style":"INLINECODE"}],"entityRanges":[],"data":{}},{"key":"43cql","text":"$('body').delegate('#eduTable #check','click',function(){","type":"custom-code-block-javascript","depth":0,"inlineStyleRanges":[],"entityRanges":[],"data":{}},{"key":"841ga","text":"   var data-id = $(this).data('id');","type":"custom-code-block-javascript","depth":0,"inlineStyleRanges":[],"entityRanges":[],"data":{}},{"key":"37kjh","text":"   var row = $(\"tr[data-id=\" + data-id + \"]\");","type":"custom-code-block-javascript","depth":0,"inlineStyleRanges":[],"entityRanges":[],"data":{}},{"key":"9l70","text":"   var inputTexts = row.find(\"input[type=text]\");","type":"custom-code-block-javascript","depth":0,"inlineStyleRanges":[],"entityRanges":[],"data":{}},{"key":"4ipff","text":"});","type":"custom-code-block-javascript","depth":0,"inlineStyleRanges":[],"entityRanges":[],"data":{}},{"key":"99pih","text":"","type":"unstyled","depth":0,"inlineStyleRanges":[],"entityRanges":[],"data":{}},{"key":"e83k8","text":"And For Removing One Of This Dynamically Created Rows , We Have :","type":"unstyled","depth":0,"inlineStyleRanges":[{"offset":0,"length":65,"style":"BOLD"}],"entityRanges":[],"data":{}},{"key":"2rdl5","text":"body.delegate('#eduTable #remove','click',function () {","type":"custom-code-block-javascript","depth":0,"inlineStyleRanges":[],"entityRanges":[],"data":{}},{"key":"8i2kt","text":"    var data_id = $(this).data('id');","type":"custom-code-block-javascript","depth":0,"inlineStyleRanges":[],"entityRanges":[],"data":{}},{"key":"jvue","text":"    $(\"tr[data-id=\" + data_id + \"]\").remove();","type":"custom-code-block-javascript","depth":0,"inlineStyleRanges":[],"entityRanges":[],"data":{}},{"key":"4ee0q","text":"});","type":"custom-code-block-javascript","depth":0,"inlineStyleRanges":[],"entityRanges":[],"data":{}}],"entityMap":{}},"tags":[]}