{"_id":"B1niQH8pV","title":"Java Basics","dateCreated":1558758308476,"lastAccessed":"2019-05-25T04:25:08.480Z","lastUpdated":"2019-05-25T04:48:13.309Z","notebookId":"By14kSU6V","body":{"blocks":[{"key":"ag6qs","text":"Java Basics","type":"header-one","depth":0,"inlineStyleRanges":[],"entityRanges":[],"data":{}},{"key":"d5ub8","text":"","type":"unstyled","depth":0,"inlineStyleRanges":[],"entityRanges":[],"data":{}},{"key":"3ik8o","text":"JAVAC","type":"unstyled","depth":0,"inlineStyleRanges":[{"offset":0,"length":5,"style":"BOLD"}],"entityRanges":[],"data":{}},{"key":"h7p6","text":"javac is the primary java compiler included in java development kit (JDK). It takes java program as input and generates java bytecode as output. javac saves this compiled bytecode files into .class files","type":"unstyled","depth":0,"inlineStyleRanges":[{"offset":0,"length":5,"style":"BOLD"},{"offset":145,"length":5,"style":"BOLD"},{"offset":191,"length":6,"style":"INLINECODE"}],"entityRanges":[],"data":{}},{"key":"2tekl","text":"","type":"unstyled","depth":0,"inlineStyleRanges":[],"entityRanges":[],"data":{}},{"key":"d5ud5","text":" ","type":"atomic","depth":0,"inlineStyleRanges":[],"entityRanges":[{"offset":0,"length":1,"key":0}],"data":{}},{"key":"7pgjf","text":"","type":"unstyled","depth":0,"inlineStyleRanges":[],"entityRanges":[],"data":{}},{"key":"7nfcd","text":"","type":"unstyled","depth":0,"inlineStyleRanges":[],"entityRanges":[],"data":{}},{"key":"otoe","text":"JVM","type":"unstyled","depth":0,"inlineStyleRanges":[{"offset":0,"length":3,"style":"BOLD"}],"entityRanges":[],"data":{}},{"key":"8kv3b","text":"JVM executes the bytecode generated by compiler. This is called program run phase.","type":"unstyled","depth":0,"inlineStyleRanges":[],"entityRanges":[],"data":{}},{"key":"63g69","text":"","type":"unstyled","depth":0,"inlineStyleRanges":[],"entityRanges":[],"data":{}},{"key":"7745n","text":"JRE","type":"unstyled","depth":0,"inlineStyleRanges":[{"offset":0,"length":3,"style":"BOLD"}],"entityRanges":[],"data":{}},{"key":"ahtml","text":"JRE is the environment within which the java virtual machine runs. JRE contains Java virtual Machine(JVM), class libraries, and other files excluding development tools such as compiler and debugger.","type":"unstyled","depth":0,"inlineStyleRanges":[],"entityRanges":[],"data":{}},{"key":"d99lh","text":"Which means you can run the code in JRE but you can’t develop and compile the code in JRE.","type":"unstyled","depth":0,"inlineStyleRanges":[],"entityRanges":[],"data":{}},{"key":"59kd9","text":"","type":"unstyled","depth":0,"inlineStyleRanges":[],"entityRanges":[],"data":{}},{"key":"1sk6v","text":"JDK","type":"unstyled","depth":0,"inlineStyleRanges":[{"offset":0,"length":3,"style":"BOLD"}],"entityRanges":[],"data":{}},{"key":"dkq73","text":"JDK is a superset of JRE, it contains everything that JRE has along with development tools such as compiler, debugger etc.","type":"unstyled","depth":0,"inlineStyleRanges":[],"entityRanges":[],"data":{}},{"key":"8s9uh","text":"","type":"unstyled","depth":0,"inlineStyleRanges":[],"entityRanges":[],"data":{}},{"key":"4ojgg","text":"","type":"atomic","depth":0,"inlineStyleRanges":[],"entityRanges":[],"data":{}},{"key":"72c9v","text":" ","type":"atomic","depth":0,"inlineStyleRanges":[],"entityRanges":[{"offset":0,"length":1,"key":1}],"data":{}},{"key":"8d7vv","text":"","type":"unstyled","depth":0,"inlineStyleRanges":[],"entityRanges":[],"data":{}},{"key":"30a2q","text":"","type":"divider","depth":0,"inlineStyleRanges":[],"entityRanges":[],"data":{}},{"key":"9jj3p","text":"","type":"unstyled","depth":0,"inlineStyleRanges":[],"entityRanges":[],"data":{}},{"key":"dkfb7","text":"Multithreading","type":"header-three","depth":0,"inlineStyleRanges":[],"entityRanges":[],"data":{}},{"key":"97qci","text":"Java supports multithreading. Multithreading is a Java feature that allows concurrent execution of two or more parts of a program for maximum utilisation of CPU.","type":"unstyled","depth":0,"inlineStyleRanges":[],"entityRanges":[],"data":{}},{"key":"7q4ht","text":"","type":"unstyled","depth":0,"inlineStyleRanges":[],"entityRanges":[],"data":{}},{"key":"cqia5","text":"","type":"unstyled","depth":0,"inlineStyleRanges":[],"entityRanges":[],"data":{}},{"key":"dfdd2","text":"","type":"unstyled","depth":0,"inlineStyleRanges":[],"entityRanges":[],"data":{}}],"entityMap":{"0":{"type":"image","mutability":"IMMUTABLE","data":{"src":"D:\\Programming Notes/medley/resources/B1niQH8pV_HJmXUSLTE.png","width":100}},"1":{"type":"image","mutability":"IMMUTABLE","data":{"src":"D:\\Programming Notes/medley/resources/B1niQH8pV_r1nbtBLTN.png","width":100}}}},"tags":[]}