{"_id":"H1_ZpMHu6V","title":"MultiThreading","dateCreated":1558889145074,"lastAccessed":"2019-05-26T16:45:45.140Z","lastUpdated":"2019-05-28T16:11:14.644Z","notebookId":"By14kSU6V","body":{"blocks":[{"key":"ag6qs","text":"MultiThreading","type":"header-one","depth":0,"inlineStyleRanges":[],"entityRanges":[],"data":{}},{"key":"flm4r","text":"Multithreading is a Java feature that allows concurrent execution of two or more parts of a program for maximum utilization of CPU. Each part of such program is called a thread. ","type":"blockquote","depth":0,"inlineStyleRanges":[],"entityRanges":[],"data":{}},{"key":"f3rke","text":"","type":"unstyled","depth":0,"inlineStyleRanges":[],"entityRanges":[],"data":{}},{"key":"dpbrb","text":"So, threads are light-weight processes within a process.","type":"header-three","depth":0,"inlineStyleRanges":[{"offset":0,"length":56,"style":"INLINECODE"}],"entityRanges":[],"data":{}},{"key":"168qm","text":"","type":"unstyled","depth":0,"inlineStyleRanges":[],"entityRanges":[],"data":{}},{"key":"1i87j","text":"Threads can be created by using two mechanisms","type":"header-three","depth":0,"inlineStyleRanges":[],"entityRanges":[],"data":{}},{"key":"fqf86","text":"1. Extending the Thread class","type":"unstyled","depth":0,"inlineStyleRanges":[],"entityRanges":[],"data":{}},{"key":"52g79","text":"2. Implementing the Runnable Interface","type":"unstyled","depth":0,"inlineStyleRanges":[],"entityRanges":[],"data":{}},{"key":"dpgdj","text":"","type":"unstyled","depth":0,"inlineStyleRanges":[],"entityRanges":[],"data":{}},{"key":"44d1a","text":"Thread creation by extending the Thread class","type":"header-three","depth":0,"inlineStyleRanges":[],"entityRanges":[],"data":{}},{"key":"9sbd7","text":"We create a class that extends the java.lang.Thread class. This class overrides the run() method available in the Thread class. A thread begins its life inside run() method. We create an object of our new class and call start() method to start the execution of a thread. Start() invokes the run() method on the Thread object.","type":"blockquote","depth":0,"inlineStyleRanges":[{"offset":35,"length":16,"style":"BOLD"},{"offset":84,"length":5,"style":"BOLD"},{"offset":159,"length":6,"style":"BOLD"},{"offset":220,"length":7,"style":"BOLD"},{"offset":271,"length":7,"style":"BOLD"},{"offset":291,"length":5,"style":"BOLD"}],"entityRanges":[],"data":{}},{"key":"1gbl6","text":"class MultithreadingDemo extends Thread ","type":"custom-code-block-java","depth":0,"inlineStyleRanges":[],"entityRanges":[],"data":{}},{"key":"b94ao","text":"{ ","type":"custom-code-block-java","depth":0,"inlineStyleRanges":[],"entityRanges":[],"data":{}},{"key":"b951g","text":"    public void run() ","type":"custom-code-block-java","depth":0,"inlineStyleRanges":[],"entityRanges":[],"data":{}},{"key":"3np4q","text":"    { ","type":"custom-code-block-java","depth":0,"inlineStyleRanges":[],"entityRanges":[],"data":{}},{"key":"1f5ft","text":"        try","type":"custom-code-block-java","depth":0,"inlineStyleRanges":[],"entityRanges":[],"data":{}},{"key":"6mjmn","text":"        { ","type":"custom-code-block-java","depth":0,"inlineStyleRanges":[],"entityRanges":[],"data":{}},{"key":"e0s4","text":"            // Displaying the thread that is running ","type":"custom-code-block-java","depth":0,"inlineStyleRanges":[],"entityRanges":[],"data":{}},{"key":"74vap","text":"            System.out.println (\"Thread \" + ","type":"custom-code-block-java","depth":0,"inlineStyleRanges":[],"entityRanges":[],"data":{}},{"key":"bpi0r","text":"                  Thread.currentThread().getId() + ","type":"custom-code-block-java","depth":0,"inlineStyleRanges":[],"entityRanges":[],"data":{}},{"key":"15nth","text":"                  \" is running\"); ","type":"custom-code-block-java","depth":0,"inlineStyleRanges":[],"entityRanges":[],"data":{}},{"key":"efqvs","text":"  ","type":"custom-code-block-java","depth":0,"inlineStyleRanges":[],"entityRanges":[],"data":{}},{"key":"9jdho","text":"        } ","type":"custom-code-block-java","depth":0,"inlineStyleRanges":[],"entityRanges":[],"data":{}},{"key":"51o3d","text":"        catch (Exception e) ","type":"custom-code-block-java","depth":0,"inlineStyleRanges":[],"entityRanges":[],"data":{}},{"key":"etqqu","text":"        { ","type":"custom-code-block-java","depth":0,"inlineStyleRanges":[],"entityRanges":[],"data":{}},{"key":"6ehrf","text":"            // Throwing an exception ","type":"custom-code-block-java","depth":0,"inlineStyleRanges":[],"entityRanges":[],"data":{}},{"key":"cnri2","text":"            System.out.println (\"Exception is caught\"); ","type":"custom-code-block-java","depth":0,"inlineStyleRanges":[],"entityRanges":[],"data":{}},{"key":"ahtq","text":"        } ","type":"custom-code-block-java","depth":0,"inlineStyleRanges":[],"entityRanges":[],"data":{}},{"key":"bl1b0","text":"    } ","type":"custom-code-block-java","depth":0,"inlineStyleRanges":[],"entityRanges":[],"data":{}},{"key":"3cso4","text":"} ","type":"custom-code-block-java","depth":0,"inlineStyleRanges":[],"entityRanges":[],"data":{}},{"key":"34pj7","text":"  ","type":"custom-code-block-java","depth":0,"inlineStyleRanges":[],"entityRanges":[],"data":{}},{"key":"agd8v","text":"// Main Class ","type":"custom-code-block-java","depth":0,"inlineStyleRanges":[],"entityRanges":[],"data":{}},{"key":"9cede","text":"public class Multithread ","type":"custom-code-block-java","depth":0,"inlineStyleRanges":[],"entityRanges":[],"data":{}},{"key":"51a1b","text":"{ ","type":"custom-code-block-java","depth":0,"inlineStyleRanges":[],"entityRanges":[],"data":{}},{"key":"c9mtv","text":"    public static void main(String[] args) ","type":"custom-code-block-java","depth":0,"inlineStyleRanges":[],"entityRanges":[],"data":{}},{"key":"2dmlm","text":"    { ","type":"custom-code-block-java","depth":0,"inlineStyleRanges":[],"entityRanges":[],"data":{}},{"key":"4g7id","text":"        int n = 8; // Number of threads ","type":"custom-code-block-java","depth":0,"inlineStyleRanges":[],"entityRanges":[],"data":{}},{"key":"e00cp","text":"        for (int i=0; i<8; i++) ","type":"custom-code-block-java","depth":0,"inlineStyleRanges":[],"entityRanges":[],"data":{}},{"key":"fcdhp","text":"        { ","type":"custom-code-block-java","depth":0,"inlineStyleRanges":[],"entityRanges":[],"data":{}},{"key":"5upmb","text":"            MultithreadingDemo object = new MultithreadingDemo(); ","type":"custom-code-block-java","depth":0,"inlineStyleRanges":[],"entityRanges":[],"data":{}},{"key":"5rh64","text":"            object.start(); ","type":"custom-code-block-java","depth":0,"inlineStyleRanges":[],"entityRanges":[],"data":{}},{"key":"7jra1","text":"        } ","type":"custom-code-block-java","depth":0,"inlineStyleRanges":[],"entityRanges":[],"data":{}},{"key":"f5o12","text":"    } ","type":"custom-code-block-java","depth":0,"inlineStyleRanges":[],"entityRanges":[],"data":{}},{"key":"clrlj","text":"} ","type":"custom-code-block-java","depth":0,"inlineStyleRanges":[],"entityRanges":[],"data":{}},{"key":"6t23e","text":"","type":"unstyled","depth":0,"inlineStyleRanges":[],"entityRanges":[],"data":{}},{"key":"39v32","text":"","type":"unstyled","depth":0,"inlineStyleRanges":[],"entityRanges":[],"data":{}},{"key":"32sl5","text":"","type":"divider","depth":0,"inlineStyleRanges":[],"entityRanges":[],"data":{}},{"key":"2bk1s","text":"","type":"unstyled","depth":0,"inlineStyleRanges":[],"entityRanges":[],"data":{}},{"key":"3jved","text":"The Second Way You Already know how , by using Handler ( Which Manages The Thread Que ) . and calling post on it , creating a new Runnable , like bellow :","type":"blockquote","depth":0,"inlineStyleRanges":[{"offset":47,"length":7,"style":"INLINECODE"},{"offset":102,"length":4,"style":"INLINECODE"},{"offset":130,"length":8,"style":"INLINECODE"},{"offset":57,"length":28,"style":"BOLD"}],"entityRanges":[],"data":{}},{"key":"6nrk","text":"public void deleteFragment() {","type":"custom-code-block-java","depth":0,"inlineStyleRanges":[],"entityRanges":[],"data":{}},{"key":"8m9s8","text":"        new Handler().postDelayed(new Runnable() {","type":"custom-code-block-java","depth":0,"inlineStyleRanges":[],"entityRanges":[],"data":{}},{"key":"fq7sl","text":"            @Override","type":"custom-code-block-java","depth":0,"inlineStyleRanges":[],"entityRanges":[],"data":{}},{"key":"etoeq","text":"            public void run() {","type":"custom-code-block-java","depth":0,"inlineStyleRanges":[],"entityRanges":[],"data":{}},{"key":"1msji","text":"                TabLayout.Tab tab = tabLayout.getTabAt(1);","type":"custom-code-block-java","depth":0,"inlineStyleRanges":[],"entityRanges":[],"data":{}},{"key":"7mp9h","text":"                tab.select();","type":"custom-code-block-java","depth":0,"inlineStyleRanges":[],"entityRanges":[],"data":{}},{"key":"1vh8u","text":"                tabLayout.removeTabAt(0);","type":"custom-code-block-java","depth":0,"inlineStyleRanges":[],"entityRanges":[],"data":{}},{"key":"cpb4c","text":"            }","type":"custom-code-block-java","depth":0,"inlineStyleRanges":[],"entityRanges":[],"data":{}},{"key":"98d3j","text":"        },10);","type":"custom-code-block-java","depth":0,"inlineStyleRanges":[],"entityRanges":[],"data":{}},{"key":"btdqe","text":"    }","type":"custom-code-block-java","depth":0,"inlineStyleRanges":[],"entityRanges":[],"data":{}},{"key":"4a43k","text":"","type":"unstyled","depth":0,"inlineStyleRanges":[],"entityRanges":[],"data":{}},{"key":"chlje","text":"In Java : For More Information On This Subject , The Implementation By Using Runnable has come bellow :","type":"unstyled","depth":0,"inlineStyleRanges":[],"entityRanges":[],"data":{}},{"key":"af2i7","text":"class MultithreadingDemo implements Runnable ","type":"custom-code-block-java","depth":0,"inlineStyleRanges":[],"entityRanges":[],"data":{}},{"key":"13i6d","text":"{ ","type":"custom-code-block-java","depth":0,"inlineStyleRanges":[],"entityRanges":[],"data":{}},{"key":"81mp","text":"    public void run() ","type":"custom-code-block-java","depth":0,"inlineStyleRanges":[],"entityRanges":[],"data":{}},{"key":"4bomk","text":"    { ","type":"custom-code-block-java","depth":0,"inlineStyleRanges":[],"entityRanges":[],"data":{}},{"key":"5ma5t","text":"        try","type":"custom-code-block-java","depth":0,"inlineStyleRanges":[],"entityRanges":[],"data":{}},{"key":"5c3i","text":"        { ","type":"custom-code-block-java","depth":0,"inlineStyleRanges":[],"entityRanges":[],"data":{}},{"key":"7abh0","text":"            // Displaying the thread that is running ","type":"custom-code-block-java","depth":0,"inlineStyleRanges":[],"entityRanges":[],"data":{}},{"key":"c8abn","text":"            System.out.println (\"Thread \" + ","type":"custom-code-block-java","depth":0,"inlineStyleRanges":[],"entityRanges":[],"data":{}},{"key":"7fg7h","text":"                                Thread.currentThread().getId() + ","type":"custom-code-block-java","depth":0,"inlineStyleRanges":[],"entityRanges":[],"data":{}},{"key":"29gvs","text":"                                \" is running\"); ","type":"custom-code-block-java","depth":0,"inlineStyleRanges":[],"entityRanges":[],"data":{}},{"key":"5ai75","text":"  ","type":"custom-code-block-java","depth":0,"inlineStyleRanges":[],"entityRanges":[],"data":{}},{"key":"7qrq8","text":"        } ","type":"custom-code-block-java","depth":0,"inlineStyleRanges":[],"entityRanges":[],"data":{}},{"key":"ep6bs","text":"        catch (Exception e) ","type":"custom-code-block-java","depth":0,"inlineStyleRanges":[],"entityRanges":[],"data":{}},{"key":"ebknn","text":"        { ","type":"custom-code-block-java","depth":0,"inlineStyleRanges":[],"entityRanges":[],"data":{}},{"key":"93fia","text":"            // Throwing an exception ","type":"custom-code-block-java","depth":0,"inlineStyleRanges":[],"entityRanges":[],"data":{}},{"key":"2fi0","text":"            System.out.println (\"Exception is caught\"); ","type":"custom-code-block-java","depth":0,"inlineStyleRanges":[],"entityRanges":[],"data":{}},{"key":"92rjr","text":"        } ","type":"custom-code-block-java","depth":0,"inlineStyleRanges":[],"entityRanges":[],"data":{}},{"key":"dsjpb","text":"    } ","type":"custom-code-block-java","depth":0,"inlineStyleRanges":[],"entityRanges":[],"data":{}},{"key":"968ss","text":"} ","type":"custom-code-block-java","depth":0,"inlineStyleRanges":[],"entityRanges":[],"data":{}},{"key":"61p9h","text":"  ","type":"custom-code-block-java","depth":0,"inlineStyleRanges":[],"entityRanges":[],"data":{}},{"key":"496cp","text":"// Main Class ","type":"custom-code-block-java","depth":0,"inlineStyleRanges":[],"entityRanges":[],"data":{}},{"key":"d132n","text":"class Multithread ","type":"custom-code-block-java","depth":0,"inlineStyleRanges":[],"entityRanges":[],"data":{}},{"key":"5am9v","text":"{ ","type":"custom-code-block-java","depth":0,"inlineStyleRanges":[],"entityRanges":[],"data":{}},{"key":"33ga3","text":"    public static void main(String[] args) ","type":"custom-code-block-java","depth":0,"inlineStyleRanges":[],"entityRanges":[],"data":{}},{"key":"caunh","text":"    { ","type":"custom-code-block-java","depth":0,"inlineStyleRanges":[],"entityRanges":[],"data":{}},{"key":"2eh2a","text":"        int n = 8; // Number of threads ","type":"custom-code-block-java","depth":0,"inlineStyleRanges":[],"entityRanges":[],"data":{}},{"key":"d4i4c","text":"        for (int i=0; i<8; i++) ","type":"custom-code-block-java","depth":0,"inlineStyleRanges":[],"entityRanges":[],"data":{}},{"key":"55j79","text":"        { ","type":"custom-code-block-java","depth":0,"inlineStyleRanges":[],"entityRanges":[],"data":{}},{"key":"855t1","text":"            Thread object = new Thread(new MultithreadingDemo()); ","type":"custom-code-block-java","depth":0,"inlineStyleRanges":[],"entityRanges":[],"data":{}},{"key":"bk4pc","text":"            object.start(); ","type":"custom-code-block-java","depth":0,"inlineStyleRanges":[],"entityRanges":[],"data":{}},{"key":"fe8bn","text":"        } ","type":"custom-code-block-java","depth":0,"inlineStyleRanges":[],"entityRanges":[],"data":{}},{"key":"eqp1k","text":"    } ","type":"custom-code-block-java","depth":0,"inlineStyleRanges":[],"entityRanges":[],"data":{}},{"key":"f92r8","text":"} ","type":"custom-code-block-java","depth":0,"inlineStyleRanges":[],"entityRanges":[],"data":{}},{"key":"1nk7t","text":"","type":"unstyled","depth":0,"inlineStyleRanges":[],"entityRanges":[],"data":{}},{"key":"2k31p","text":"","type":"divider","depth":0,"inlineStyleRanges":[],"entityRanges":[],"data":{}},{"key":"co0iq","text":"","type":"unstyled","depth":0,"inlineStyleRanges":[],"entityRanges":[],"data":{}},{"key":"3fcqq","text":"Java.lang.Thread class in Java","type":"header-two","depth":0,"inlineStyleRanges":[],"entityRanges":[],"data":{}},{"key":"3r3i0","text":"","type":"unstyled","depth":0,"inlineStyleRanges":[],"entityRanges":[],"data":{}},{"key":"d539u","text":"Thread a line of execution within a program. Each program can have multiple associated threads. Each thread has a priority which is used by thread scheduler to determine which thread must run first. Java provides a thread class that has various method calls inorder to manage the behaviour of threads.","type":"blockquote","depth":0,"inlineStyleRanges":[],"entityRanges":[],"data":{}},{"key":"drl6k","text":"","type":"unstyled","depth":0,"inlineStyleRanges":[],"entityRanges":[],"data":{}},{"key":"ae999","text":"Methods:","type":"header-three","depth":0,"inlineStyleRanges":[],"entityRanges":[],"data":{}},{"key":"3k6g","text":"How do you determine if a thread is running?","type":"blockquote","depth":0,"inlineStyleRanges":[],"entityRanges":[],"data":{}},{"key":"8ve6i","text":"","type":"unstyled","depth":0,"inlineStyleRanges":[],"entityRanges":[],"data":{}},{"key":"cc672","text":"By Using Thread.isAlive() , which returns true or false","type":"unstyled","depth":0,"inlineStyleRanges":[{"offset":9,"length":16,"style":"INLINECODE"}],"entityRanges":[],"data":{}},{"key":"24rl7","text":"","type":"unstyled","depth":0,"inlineStyleRanges":[],"entityRanges":[],"data":{}},{"key":"1i851","text":"you can also use GetState() , which returns the state the thread . warning :This method is designed for use in monitoring of the system state, not for synchronization control. and the state are an enum [NEW, RUNNABLE, BLOCKED, WAITING, TIMED_WAITING, TERMINATED] , more information on this topic at : This site","type":"unstyled","depth":0,"inlineStyleRanges":[{"offset":17,"length":10,"style":"INLINECODE"},{"offset":67,"length":9,"style":"BOLD"},{"offset":202,"length":63,"style":"BOLD"}],"entityRanges":[{"offset":301,"length":9,"key":0}],"data":{}},{"key":"dq7p4","text":"","type":"unstyled","depth":0,"inlineStyleRanges":[],"entityRanges":[],"data":{}},{"key":"2kgk2","text":"Important : Exploring Android Thread Priority","type":"unstyled","depth":0,"inlineStyleRanges":[],"entityRanges":[{"offset":12,"length":33,"key":1}],"data":{}},{"key":"81vva","text":"","type":"unstyled","depth":0,"inlineStyleRanges":[],"entityRanges":[],"data":{}},{"key":"ev5bf","text":"Handler Thread","type":"unstyled","depth":0,"inlineStyleRanges":[],"entityRanges":[],"data":{}},{"key":"5nchs","text":"// so --> there is an other way to create a thread other than creating a class wich extends the Thread , and then override its run method , then create instance of it in mainactivity and then call start on it .","type":"custom-code-block-java","depth":0,"inlineStyleRanges":[],"entityRanges":[],"data":{}},{"key":"ejhvp","text":"// the other way we know too , it is by using the Runnable and override its run method .","type":"custom-code-block-java","depth":0,"inlineStyleRanges":[],"entityRanges":[],"data":{}},{"key":"bg4uu","text":"// however another way exists ( by creating a HandlerThread ) , then create a Thread in it , just like :","type":"custom-code-block-java","depth":0,"inlineStyleRanges":[],"entityRanges":[],"data":{}},{"key":"2qumj","text":"    HandlerThread handlerThread = new HandlerThread(\"my-process\",Thread.NORM_PRIORITY);","type":"custom-code-block-java","depth":0,"inlineStyleRanges":[],"entityRanges":[],"data":{}},{"key":"1ihhj","text":"    handlerThread.start();","type":"custom-code-block-java","depth":0,"inlineStyleRanges":[],"entityRanges":[],"data":{}},{"key":"37nq5","text":"    Handler handler = new Handler(handlerThread.getLooper());","type":"custom-code-block-java","depth":0,"inlineStyleRanges":[],"entityRanges":[],"data":{}},{"key":"btc93","text":"    handler.post(new Runnable() {","type":"custom-code-block-java","depth":0,"inlineStyleRanges":[],"entityRanges":[],"data":{}},{"key":"atjls","text":"       @Override","type":"custom-code-block-java","depth":0,"inlineStyleRanges":[],"entityRanges":[],"data":{}},{"key":"89pea","text":"       public void run() {","type":"custom-code-block-java","depth":0,"inlineStyleRanges":[],"entityRanges":[],"data":{}},{"key":"20un1","text":"           Thread currentThread = Thread.currentThread();","type":"custom-code-block-java","depth":0,"inlineStyleRanges":[],"entityRanges":[],"data":{}},{"key":"a4i40","text":"           String showThreadProcess = String.valueOf(currentThread.getName()) + \"With Priority Of : \" + String.valueOf(Process.getThreadPriority(Process.myTid()));","type":"custom-code-block-java","depth":0,"inlineStyleRanges":[],"entityRanges":[],"data":{}},{"key":"8a31n","text":"           Log.i(\"thisis\",showThreadProcess);","type":"custom-code-block-java","depth":0,"inlineStyleRanges":[],"entityRanges":[],"data":{}},{"key":"2fer","text":"           Toast.makeText(getApplicationContext(),showThreadProcess,Toast.LENGTH_LONG).show();","type":"custom-code-block-java","depth":0,"inlineStyleRanges":[],"entityRanges":[],"data":{}},{"key":"8vicv","text":"   }","type":"custom-code-block-java","depth":0,"inlineStyleRanges":[],"entityRanges":[],"data":{}},{"key":"8ejgj","text":"});","type":"custom-code-block-java","depth":0,"inlineStyleRanges":[],"entityRanges":[],"data":{}},{"key":"esac1","text":"","type":"unstyled","depth":0,"inlineStyleRanges":[],"entityRanges":[],"data":{}},{"key":"cgoc","text":"Another Example","type":"unstyled","depth":0,"inlineStyleRanges":[],"entityRanges":[],"data":{}},{"key":"8r76d","text":"Thread thread = new Thread(new Runnable(){","type":"custom-code-block-java","depth":0,"inlineStyleRanges":[],"entityRanges":[],"data":{}},{"key":"t7ss","text":"    public void run() {","type":"custom-code-block-java","depth":0,"inlineStyleRanges":[],"entityRanges":[],"data":{}},{"key":"38oci","text":"       // override in here","type":"custom-code-block-java","depth":0,"inlineStyleRanges":[],"entityRanges":[],"data":{}},{"key":"93mdm","text":"    }","type":"custom-code-block-java","depth":0,"inlineStyleRanges":[],"entityRanges":[],"data":{}},{"key":"8u36f","text":"});","type":"custom-code-block-java","depth":0,"inlineStyleRanges":[],"entityRanges":[],"data":{}},{"key":"cojhs","text":"//if you dont set there priority . threads have a habit to extend there parent thread priority . but background thread are different","type":"custom-code-block-java","depth":0,"inlineStyleRanges":[],"entityRanges":[],"data":{}},{"key":"f011e","text":"thread.setPriority(from 0 to 10); // its a nice thread","type":"custom-code-block-java","depth":0,"inlineStyleRanges":[],"entityRanges":[],"data":{}},{"key":"84qrf","text":"thread.start();","type":"custom-code-block-java","depth":0,"inlineStyleRanges":[],"entityRanges":[],"data":{}},{"key":"6il67","text":"","type":"unstyled","depth":0,"inlineStyleRanges":[],"entityRanges":[],"data":{}},{"key":"1umeq","text":"Intent Service","type":"header-three","depth":0,"inlineStyleRanges":[],"entityRanges":[],"data":{}},{"key":"2ria0","text":"Intent service use handler thread to run the background tasks","type":"blockquote","depth":0,"inlineStyleRanges":[],"entityRanges":[],"data":{}},{"key":"8hp6u","text":"as we don't have access to HandlerThread in IntentService , we can set its priority using Process , in it's onhandle Method .","type":"blockquote","depth":0,"inlineStyleRanges":[],"entityRanges":[],"data":{}},{"key":"96e9c","text":"","type":"unstyled","depth":0,"inlineStyleRanges":[],"entityRanges":[],"data":{}},{"key":"1i4b","text":"","type":"unstyled","depth":0,"inlineStyleRanges":[],"entityRanges":[],"data":{}},{"key":"celsf","text":"An Example Of Thread Interfierence In Android","type":"header-two","depth":0,"inlineStyleRanges":[],"entityRanges":[],"data":{}},{"key":"594da","text":"you should do remember that you can not access or manipulate the UI aka UI thread components , from another thread . since they are not thread safe","type":"blockquote","depth":0,"inlineStyleRanges":[{"offset":68,"length":3,"style":"BOLD"}],"entityRanges":[],"data":{}},{"key":"dk5u4","text":"Thus : what is the solution ?","type":"blockquote","depth":0,"inlineStyleRanges":[],"entityRanges":[],"data":{}},{"key":"2ggni","text":"The Solution Is to use The so called Handler","type":"blockquote","depth":0,"inlineStyleRanges":[],"entityRanges":[],"data":{}},{"key":"7kk7h","text":"","type":"unstyled","depth":0,"inlineStyleRanges":[],"entityRanges":[],"data":{}},{"key":"6eeqa","text":"Very Very Important : Watch this video if you want to know what is Handler and what is looper and what is messageque","type":"unstyled","depth":0,"inlineStyleRanges":[{"offset":67,"length":7,"style":"INLINECODE"},{"offset":87,"length":6,"style":"INLINECODE"},{"offset":106,"length":10,"style":"INLINECODE"}],"entityRanges":[{"offset":22,"length":16,"key":2}],"data":{}},{"key":"b11g5","text":"","type":"unstyled","depth":0,"inlineStyleRanges":[],"entityRanges":[],"data":{}},{"key":"binbd","text":"what is handler and message quea ?","type":"blockquote","depth":0,"inlineStyleRanges":[],"entityRanges":[],"data":{}},{"key":"6fuva","text":"by default if a thread starts , it would do its work , then it finishes , and the program would be basically over","type":"blockquote","depth":0,"inlineStyleRanges":[],"entityRanges":[],"data":{}},{"key":"442ke","text":"but how is it that android UI dosn't close ?","type":"blockquote","depth":0,"inlineStyleRanges":[],"entityRanges":[],"data":{}},{"key":"52h61","text":"the answer is messageQueo","type":"blockquote","depth":0,"inlineStyleRanges":[],"entityRanges":[],"data":{}},{"key":"fqi0p","text":"the thread has a so called messageque and a looper wich loops through this messagequeo , and keeps the thread alive this way","type":"blockquote","depth":0,"inlineStyleRanges":[],"entityRanges":[],"data":{}},{"key":"fgt0f","text":"this messageque contains packages of work to be done .","type":"blockquote","depth":0,"inlineStyleRanges":[],"entityRanges":[],"data":{}},{"key":"aar1q","text":"so everything we do , for example changing the state of a swich from off to on , or clicking a button , gets put into this message queo . and then execute it sequentially . the looper loops through this message que and this way the thread is keeped alive , and dosn't just finish when its work is done .","type":"blockquote","depth":0,"inlineStyleRanges":[],"entityRanges":[],"data":{}},{"key":"aacg1","text":"and One responsibility of this Handler class is getting work into this message queo , and by default its associated with the thread where it was instantiated .","type":"blockquote","depth":0,"inlineStyleRanges":[],"entityRanges":[],"data":{}},{"key":"51o6m","text":"so for example if we create the Handler in our MainActivity . this gets executed on the main thread , so this handler will only work with the messageque of the main thread . it means for us that we can use it to get our work to the main thread .","type":"blockquote","depth":0,"inlineStyleRanges":[],"entityRanges":[],"data":{}},{"key":"eh0k6","text":"","type":"unstyled","depth":0,"inlineStyleRanges":[],"entityRanges":[],"data":{}},{"key":"8g4m3","text":"we could also create a messageque and the looper for the thread we have created . this way we can keep it alive and feed it later with more work . but if we only need it more , we don't need to do that in this example .","type":"blockquote","depth":0,"inlineStyleRanges":[],"entityRanges":[],"data":{}},{"key":"fd2l1","text":"","type":"unstyled","depth":0,"inlineStyleRanges":[],"entityRanges":[],"data":{}},{"key":"1ks82","text":"Example : Everything is right ( But this code Crashes ) . take a look and say why ?","type":"unstyled","depth":0,"inlineStyleRanges":[],"entityRanges":[],"data":{}},{"key":"1863l","text":"public class MainActivity extends AppCompat {","type":"custom-code-block-java","depth":0,"inlineStyleRanges":[],"entityRanges":[],"data":{}},{"key":"5pbov","text":"","type":"custom-code-block-java","depth":0,"inlineStyleRanges":[],"entityRanges":[],"data":{}},{"key":"54dis","text":"   Button stopbtn = findViewById(R.id.mystartbtn);","type":"custom-code-block-java","depth":0,"inlineStyleRanges":[],"entityRanges":[],"data":{}},{"key":"ndic","text":"","type":"custom-code-block-java","depth":0,"inlineStyleRanges":[],"entityRanges":[],"data":{}},{"key":"cad0p","text":"   public void onCreate(Bundle savedInstanceState) {","type":"custom-code-block-java","depth":0,"inlineStyleRanges":[],"entityRanges":[],"data":{}},{"key":"ulgg","text":"      super.onCreate(savedInstanceState);","type":"custom-code-block-java","depth":0,"inlineStyleRanges":[],"entityRanges":[],"data":{}},{"key":"2d9p4","text":"      setContentView(R.layout.main_activity);","type":"custom-code-block-java","depth":0,"inlineStyleRanges":[],"entityRanges":[],"data":{}},{"key":"8rlhc","text":"   }","type":"custom-code-block-java","depth":0,"inlineStyleRanges":[],"entityRanges":[],"data":{}},{"key":"ab49r","text":"   ","type":"custom-code-block-java","depth":0,"inlineStyleRanges":[],"entityRanges":[],"data":{}},{"key":"59qp1","text":"   public void buttonClick(View v) {","type":"custom-code-block-java","depth":0,"inlineStyleRanges":[],"entityRanges":[],"data":{}},{"key":"eag4c","text":"      MyThread thread = new MyThread();","type":"custom-code-block-java","depth":0,"inlineStyleRanges":[],"entityRanges":[],"data":{}},{"key":"73a3e","text":"      thread.start();","type":"custom-code-block-java","depth":0,"inlineStyleRanges":[],"entityRanges":[],"data":{}},{"key":"15n5e","text":"   }","type":"custom-code-block-java","depth":0,"inlineStyleRanges":[],"entityRanges":[],"data":{}},{"key":"e75vb","text":"   ","type":"custom-code-block-java","depth":0,"inlineStyleRanges":[],"entityRanges":[],"data":{}},{"key":"3q1da","text":"   public class MyThread extends Thread {","type":"custom-code-block-java","depth":0,"inlineStyleRanges":[],"entityRanges":[],"data":{}},{"key":"ehhh4","text":"      public void run() {","type":"custom-code-block-java","depth":0,"inlineStyleRanges":[],"entityRanges":[],"data":{}},{"key":"222jo","text":"         for(int i=0;i<10;i++) {","type":"custom-code-block-java","depth":0,"inlineStyleRanges":[],"entityRanges":[],"data":{}},{"key":"91nol","text":"                Log.d(TAG, \"stopThread: \" + String.valueOf(i));","type":"custom-code-block-java","depth":0,"inlineStyleRanges":[],"entityRanges":[],"data":{}},{"key":"d3nb4","text":"                stopbtn.setText(String.valueOf(i));","type":"custom-code-block-java","depth":0,"inlineStyleRanges":[],"entityRanges":[],"data":{}},{"key":"4o5d2","text":"                try {","type":"custom-code-block-java","depth":0,"inlineStyleRanges":[],"entityRanges":[],"data":{}},{"key":"4gj5f","text":"                    Thread.sleep(1000);","type":"custom-code-block-java","depth":0,"inlineStyleRanges":[],"entityRanges":[],"data":{}},{"key":"4ndh8","text":"                } catch (InterruptedException e) {","type":"custom-code-block-java","depth":0,"inlineStyleRanges":[],"entityRanges":[],"data":{}},{"key":"55aq","text":"                    e.printStackTrace();","type":"custom-code-block-java","depth":0,"inlineStyleRanges":[],"entityRanges":[],"data":{}},{"key":"1skah","text":"                }","type":"custom-code-block-java","depth":0,"inlineStyleRanges":[],"entityRanges":[],"data":{}},{"key":"cjr5r","text":"            }","type":"custom-code-block-java","depth":0,"inlineStyleRanges":[],"entityRanges":[],"data":{}},{"key":"dfkff","text":"      }","type":"custom-code-block-java","depth":0,"inlineStyleRanges":[],"entityRanges":[],"data":{}},{"key":"daavs","text":"   }","type":"custom-code-block-java","depth":0,"inlineStyleRanges":[],"entityRanges":[],"data":{}},{"key":"b307q","text":"}","type":"custom-code-block-java","depth":0,"inlineStyleRanges":[],"entityRanges":[],"data":{}},{"key":"56lbc","text":"The Answer is Because we didn't use the Handler , and we Tried to access the UI thread Component From another Thread","type":"unstyled","depth":0,"inlineStyleRanges":[],"entityRanges":[],"data":{}},{"key":"aa1u2","text":"","type":"unstyled","depth":0,"inlineStyleRanges":[],"entityRanges":[],"data":{}},{"key":"en35o","text":"Fixed Example","type":"unstyled","depth":0,"inlineStyleRanges":[],"entityRanges":[],"data":{}},{"key":"dth7i","text":"//this code is in the MainActivity","type":"custom-code-block-java","depth":0,"inlineStyleRanges":[],"entityRanges":[],"data":{}},{"key":"7qnvp","text":"","type":"custom-code-block-java","depth":0,"inlineStyleRanges":[],"entityRanges":[],"data":{}},{"key":"8j1me","text":"private Handler mainhandler = new Handler()","type":"custom-code-block-java","depth":0,"inlineStyleRanges":[],"entityRanges":[],"data":{}},{"key":"eqnbj","text":"","type":"custom-code-block-java","depth":0,"inlineStyleRanges":[],"entityRanges":[],"data":{}},{"key":"7ccfk","text":"public void stopThread(View v) {","type":"custom-code-block-java","depth":0,"inlineStyleRanges":[],"entityRanges":[],"data":{}},{"key":"djovk","text":"        ArashThread arashThread = new ArashThread();","type":"custom-code-block-java","depth":0,"inlineStyleRanges":[],"entityRanges":[],"data":{}},{"key":"fupul","text":"        arashThread.start();","type":"custom-code-block-java","depth":0,"inlineStyleRanges":[],"entityRanges":[],"data":{}},{"key":"7rni5","text":"    }","type":"custom-code-block-java","depth":0,"inlineStyleRanges":[],"entityRanges":[],"data":{}},{"key":"efvmn","text":"","type":"custom-code-block-java","depth":0,"inlineStyleRanges":[],"entityRanges":[],"data":{}},{"key":"bj0tj","text":"    public void startThread(View v) {","type":"custom-code-block-java","depth":0,"inlineStyleRanges":[],"entityRanges":[],"data":{}},{"key":"5mg2m","text":"","type":"custom-code-block-java","depth":0,"inlineStyleRanges":[],"entityRanges":[],"data":{}},{"key":"arlrh","text":"    }","type":"custom-code-block-java","depth":0,"inlineStyleRanges":[],"entityRanges":[],"data":{}},{"key":"chubl","text":"","type":"custom-code-block-java","depth":0,"inlineStyleRanges":[],"entityRanges":[],"data":{}},{"key":"dg2kr","text":"    public class ArashThread extends Thread {","type":"custom-code-block-java","depth":0,"inlineStyleRanges":[],"entityRanges":[],"data":{}},{"key":"14s4o","text":"","type":"custom-code-block-java","depth":0,"inlineStyleRanges":[],"entityRanges":[],"data":{}},{"key":"23d7","text":"        public void run() {","type":"custom-code-block-java","depth":0,"inlineStyleRanges":[],"entityRanges":[],"data":{}},{"key":"dpfc2","text":"            for(int i=0;i<10;i++) {","type":"custom-code-block-java","depth":0,"inlineStyleRanges":[],"entityRanges":[],"data":{}},{"key":"cemrl","text":"                Log.d(TAG, \"stopThread: \" + String.valueOf(i));","type":"custom-code-block-java","depth":0,"inlineStyleRanges":[],"entityRanges":[],"data":{}},{"key":"3ea0g","text":"                final int j = i;","type":"custom-code-block-java","depth":0,"inlineStyleRanges":[],"entityRanges":[],"data":{}},{"key":"a9s90","text":"                mainhandler.post(new Runnable() {","type":"custom-code-block-java","depth":0,"inlineStyleRanges":[],"entityRanges":[],"data":{}},{"key":"64cja","text":"                    public void run() {","type":"custom-code-block-java","depth":0,"inlineStyleRanges":[],"entityRanges":[],"data":{}},{"key":"a8aqp","text":"                        stopbtn.setText(String.valueOf(j));","type":"custom-code-block-java","depth":0,"inlineStyleRanges":[],"entityRanges":[],"data":{}},{"key":"3eiui","text":"                    }","type":"custom-code-block-java","depth":0,"inlineStyleRanges":[],"entityRanges":[],"data":{}},{"key":"71c3k","text":"                });","type":"custom-code-block-java","depth":0,"inlineStyleRanges":[],"entityRanges":[],"data":{}},{"key":"78mg3","text":"                try {","type":"custom-code-block-java","depth":0,"inlineStyleRanges":[],"entityRanges":[],"data":{}},{"key":"aro9u","text":"                    Thread.sleep(1000);","type":"custom-code-block-java","depth":0,"inlineStyleRanges":[],"entityRanges":[],"data":{}},{"key":"8m2p5","text":"                } catch (InterruptedException e) {","type":"custom-code-block-java","depth":0,"inlineStyleRanges":[],"entityRanges":[],"data":{}},{"key":"eacob","text":"                    e.printStackTrace();","type":"custom-code-block-java","depth":0,"inlineStyleRanges":[],"entityRanges":[],"data":{}},{"key":"9v51q","text":"                }","type":"custom-code-block-java","depth":0,"inlineStyleRanges":[],"entityRanges":[],"data":{}},{"key":"7c3b3","text":"            }","type":"custom-code-block-java","depth":0,"inlineStyleRanges":[],"entityRanges":[],"data":{}},{"key":"58mgs","text":"        }","type":"custom-code-block-java","depth":0,"inlineStyleRanges":[],"entityRanges":[],"data":{}},{"key":"d6um","text":"","type":"custom-code-block-java","depth":0,"inlineStyleRanges":[],"entityRanges":[],"data":{}},{"key":"5j67h","text":"    }","type":"custom-code-block-java","depth":0,"inlineStyleRanges":[],"entityRanges":[],"data":{}},{"key":"fa1di","text":"","type":"unstyled","depth":0,"inlineStyleRanges":[],"entityRanges":[],"data":{}},{"key":"4a6e9","text":"Another way","type":"unstyled","depth":0,"inlineStyleRanges":[],"entityRanges":[],"data":{}},{"key":"mdd0","text":"public class ArashThread extends Thread {","type":"custom-code-block-java","depth":0,"inlineStyleRanges":[],"entityRanges":[],"data":{}},{"key":"25otr","text":"","type":"custom-code-block-java","depth":0,"inlineStyleRanges":[],"entityRanges":[],"data":{}},{"key":"3p1nk","text":"        public void run() {","type":"custom-code-block-java","depth":0,"inlineStyleRanges":[],"entityRanges":[],"data":{}},{"key":"carnf","text":"            for(int i=0;i<10;i++) {","type":"custom-code-block-java","depth":0,"inlineStyleRanges":[],"entityRanges":[],"data":{}},{"key":"dbs0o","text":"                Handler handler = new Handler(Looper.getMainLooper()); // we call Looper.getMainLooper to tie the Handler to the mainactivity , if we don't do this it won't work , ( because we have created this Handler not in the MainActivity as in the previous example but in our thread . so it won't work if we don't call the Looper.getMainLooper()","type":"custom-code-block-java","depth":0,"inlineStyleRanges":[{"offset":82,"length":20,"style":"INLINECODE"},{"offset":328,"length":22,"style":"INLINECODE"}],"entityRanges":[],"data":{}},{"key":"2g7bh","text":"                final int j = i;","type":"custom-code-block-java","depth":0,"inlineStyleRanges":[],"entityRanges":[],"data":{}},{"key":"62fld","text":"                mainhandler.post(new Runnable() {","type":"custom-code-block-java","depth":0,"inlineStyleRanges":[],"entityRanges":[],"data":{}},{"key":"90d8m","text":"                    public void run() {","type":"custom-code-block-java","depth":0,"inlineStyleRanges":[],"entityRanges":[],"data":{}},{"key":"a8n2u","text":"                        stopbtn.setText(String.valueOf(j));","type":"custom-code-block-java","depth":0,"inlineStyleRanges":[],"entityRanges":[],"data":{}},{"key":"3ouuc","text":"                    }","type":"custom-code-block-java","depth":0,"inlineStyleRanges":[],"entityRanges":[],"data":{}},{"key":"7t74c","text":"                });","type":"custom-code-block-java","depth":0,"inlineStyleRanges":[],"entityRanges":[],"data":{}},{"key":"ct6mi","text":"                try {","type":"custom-code-block-java","depth":0,"inlineStyleRanges":[],"entityRanges":[],"data":{}},{"key":"6f698","text":"                    Thread.sleep(1000);","type":"custom-code-block-java","depth":0,"inlineStyleRanges":[],"entityRanges":[],"data":{}},{"key":"6f0fo","text":"                } catch (InterruptedException e) {","type":"custom-code-block-java","depth":0,"inlineStyleRanges":[],"entityRanges":[],"data":{}},{"key":"9cd7c","text":"                    e.printStackTrace();","type":"custom-code-block-java","depth":0,"inlineStyleRanges":[],"entityRanges":[],"data":{}},{"key":"censj","text":"                }","type":"custom-code-block-java","depth":0,"inlineStyleRanges":[],"entityRanges":[],"data":{}},{"key":"b912v","text":"            }","type":"custom-code-block-java","depth":0,"inlineStyleRanges":[],"entityRanges":[],"data":{}},{"key":"46jul","text":"        }","type":"custom-code-block-java","depth":0,"inlineStyleRanges":[],"entityRanges":[],"data":{}},{"key":"d8hpd","text":"","type":"unstyled","depth":0,"inlineStyleRanges":[],"entityRanges":[],"data":{}},{"key":"dajmu","text":"The Convinient Way , is to use the button itself ( post the button itself )","type":"unstyled","depth":0,"inlineStyleRanges":[],"entityRanges":[],"data":{}},{"key":"46onm","text":"public void run() {","type":"custom-code-block-java","depth":0,"inlineStyleRanges":[],"entityRanges":[],"data":{}},{"key":"c9d2","text":"            for(int i=0;i<10;i++) {","type":"custom-code-block-java","depth":0,"inlineStyleRanges":[],"entityRanges":[],"data":{}},{"key":"82m0o","text":"                final int j = i;","type":"custom-code-block-java","depth":0,"inlineStyleRanges":[],"entityRanges":[],"data":{}},{"key":"e8kke","text":"                stopbtn.post(new Runnable() {","type":"custom-code-block-java","depth":0,"inlineStyleRanges":[],"entityRanges":[],"data":{}},{"key":"3piic","text":"                   public void run() {","type":"custom-code-block-java","depth":0,"inlineStyleRanges":[],"entityRanges":[],"data":{}},{"key":"45v7d","text":"                   ","type":"custom-code-block-java","depth":0,"inlineStyleRanges":[],"entityRanges":[],"data":{}},{"key":"a0v3e","text":"                   }","type":"custom-code-block-java","depth":0,"inlineStyleRanges":[],"entityRanges":[],"data":{}},{"key":"fpmbh","text":"                {","type":"custom-code-block-java","depth":0,"inlineStyleRanges":[],"entityRanges":[],"data":{}},{"key":"oiea","text":"                try {","type":"custom-code-block-java","depth":0,"inlineStyleRanges":[],"entityRanges":[],"data":{}},{"key":"5l07a","text":"                    Thread.sleep(1000);","type":"custom-code-block-java","depth":0,"inlineStyleRanges":[],"entityRanges":[],"data":{}},{"key":"5a6v2","text":"                } catch (InterruptedException e) {","type":"custom-code-block-java","depth":0,"inlineStyleRanges":[],"entityRanges":[],"data":{}},{"key":"bkrc0","text":"                    e.printStackTrace();","type":"custom-code-block-java","depth":0,"inlineStyleRanges":[],"entityRanges":[],"data":{}},{"key":"a5kme","text":"                }","type":"custom-code-block-java","depth":0,"inlineStyleRanges":[],"entityRanges":[],"data":{}},{"key":"f7fof","text":"            }","type":"custom-code-block-java","depth":0,"inlineStyleRanges":[],"entityRanges":[],"data":{}},{"key":"eu7iu","text":"","type":"unstyled","depth":0,"inlineStyleRanges":[],"entityRanges":[],"data":{}},{"key":"4k93k","text":"Using Easy Anonymous inner class , instead of defining the Thread class","type":"unstyled","depth":0,"inlineStyleRanges":[],"entityRanges":[],"data":{}},{"key":"5bu2u","text":"//in the button click function","type":"custom-code-block-java","depth":0,"inlineStyleRanges":[],"entityRanges":[],"data":{}},{"key":"dsl5l","text":"pubic void stopButtonClick(View view) {","type":"custom-code-block-java","depth":0,"inlineStyleRanges":[],"entityRanges":[],"data":{}},{"key":"cuph6","text":"   new Thread(new Runnable(){","type":"custom-code-block-java","depth":0,"inlineStyleRanges":[],"entityRanges":[],"data":{}},{"key":"2pqvf","text":"      public void run() {","type":"custom-code-block-java","depth":0,"inlineStyleRanges":[],"entityRanges":[],"data":{}},{"key":"fegc9","text":"         // do your work in here","type":"custom-code-block-java","depth":0,"inlineStyleRanges":[],"entityRanges":[],"data":{}},{"key":"dl7qt","text":"      }","type":"custom-code-block-java","depth":0,"inlineStyleRanges":[],"entityRanges":[],"data":{}},{"key":"985in","text":"   }).start();","type":"custom-code-block-java","depth":0,"inlineStyleRanges":[],"entityRanges":[],"data":{}},{"key":"cp19c","text":"}","type":"custom-code-block-java","depth":0,"inlineStyleRanges":[],"entityRanges":[],"data":{}},{"key":"8s6pg","text":"","type":"unstyled","depth":0,"inlineStyleRanges":[],"entityRanges":[],"data":{}},{"key":"2vrqo","text":"using volatile boolean variable to stop the thread in its middle action","type":"blockquote","depth":0,"inlineStyleRanges":[{"offset":6,"length":8,"style":"INLINECODE"}],"entityRanges":[],"data":{}},{"key":"auute","text":"basically volatile is a keyword that means all thread would use the most updated version of the variable , and not a cached version","type":"blockquote","depth":0,"inlineStyleRanges":[{"offset":10,"length":8,"style":"INLINECODE"}],"entityRanges":[],"data":{}},{"key":"d7f50","text":"","type":"unstyled","depth":0,"inlineStyleRanges":[],"entityRanges":[],"data":{}},{"key":"4q20g","text":"private volatile boolean stopThread; // Remember that default value for boolean is false","type":"custom-code-block-java","depth":0,"inlineStyleRanges":[],"entityRanges":[],"data":{}},{"key":"5futi","text":"// then in the run() method of your Thread","type":"custom-code-block-java","depth":0,"inlineStyleRanges":[{"offset":15,"length":5,"style":"INLINECODE"},{"offset":36,"length":6,"style":"INLINECODE"}],"entityRanges":[],"data":{}},{"key":"1b8ho","text":"for(int i=0;i<10;i++) {","type":"custom-code-block-java","depth":0,"inlineStyleRanges":[],"entityRanges":[],"data":{}},{"key":"c144o","text":"   if(stopThread)","type":"custom-code-block-java","depth":0,"inlineStyleRanges":[],"entityRanges":[],"data":{}},{"key":"2dk0l","text":"      return;","type":"custom-code-block-java","depth":0,"inlineStyleRanges":[],"entityRanges":[],"data":{}},{"key":"c6e9g","text":"}","type":"custom-code-block-java","depth":0,"inlineStyleRanges":[],"entityRanges":[],"data":{}},{"key":"bqvki","text":"","type":"unstyled","depth":0,"inlineStyleRanges":[],"entityRanges":[],"data":{}},{"key":"7ra7r","text":"","type":"unstyled","depth":0,"inlineStyleRanges":[],"entityRanges":[],"data":{}},{"key":"8imfd","text":"","type":"divider","depth":0,"inlineStyleRanges":[],"entityRanges":[],"data":{}},{"key":"9am4q","text":"","type":"unstyled","depth":0,"inlineStyleRanges":[],"entityRanges":[],"data":{}},{"key":"1ajim","text":"How to Make a Thread Alive like UI is","type":"header-three","depth":0,"inlineStyleRanges":[],"entityRanges":[],"data":{}},{"key":"c7ukn","text":"for this porpuse we need Looper.prepare() in our Thread class , and before we create the Handler , because handler only workd on the Threads that have the Looper and message queo , Remember : Looper and messageque are tied together , so you don't need to create a messageque too , by creating Looper with the command Looper.prepare() , you also create the messageque and then you can create your thread and it would be alive as long as you want it to be .","type":"blockquote","depth":0,"inlineStyleRanges":[{"offset":25,"length":16,"style":"INLINECODE"},{"offset":49,"length":6,"style":"INLINECODE"},{"offset":89,"length":7,"style":"INLINECODE"},{"offset":155,"length":6,"style":"INLINECODE"},{"offset":264,"length":10,"style":"INLINECODE"},{"offset":293,"length":6,"style":"INLINECODE"},{"offset":317,"length":16,"style":"INLINECODE"},{"offset":396,"length":6,"style":"INLINECODE"},{"offset":68,"length":7,"style":"BOLD"},{"offset":181,"length":9,"style":"BOLD"}],"entityRanges":[],"data":{}},{"key":"bf4rf","text":"public class MyLooperThread extends Thread {","type":"custom-code-block-java","depth":0,"inlineStyleRanges":[],"entityRanges":[],"data":{}},{"key":"co21b","text":"   public Handler handler();","type":"custom-code-block-java","depth":0,"inlineStyleRanges":[],"entityRanges":[],"data":{}},{"key":"1ri0s","text":"   public void run() {","type":"custom-code-block-java","depth":0,"inlineStyleRanges":[],"entityRanges":[],"data":{}},{"key":"90f7","text":"      Looper.prepare();","type":"custom-code-block-java","depth":0,"inlineStyleRanges":[],"entityRanges":[],"data":{}},{"key":"48h2l","text":"      handler = new Handler();","type":"custom-code-block-java","depth":0,"inlineStyleRanges":[],"entityRanges":[],"data":{}},{"key":"dfngp","text":"      Looper.loop();","type":"custom-code-block-java","depth":0,"inlineStyleRanges":[],"entityRanges":[],"data":{}},{"key":"5mt96","text":"   }","type":"custom-code-block-java","depth":0,"inlineStyleRanges":[],"entityRanges":[],"data":{}},{"key":"6efgd","text":"}","type":"custom-code-block-java","depth":0,"inlineStyleRanges":[],"entityRanges":[],"data":{}},{"key":"55pu6","text":"","type":"unstyled","depth":0,"inlineStyleRanges":[],"entityRanges":[],"data":{}},{"key":"d1gk7","text":"Now you can even add work to this thread in your MainActivity , Opposite of what we did in above examples","type":"unstyled","depth":0,"inlineStyleRanges":[{"offset":17,"length":8,"style":"INLINECODE"},{"offset":34,"length":6,"style":"INLINECODE"},{"offset":49,"length":12,"style":"INLINECODE"},{"offset":64,"length":41,"style":"BOLD"}],"entityRanges":[],"data":{}},{"key":"2n1fp","text":"// we are in MainActivity","type":"custom-code-block-java","depth":0,"inlineStyleRanges":[{"offset":0,"length":25,"style":"BOLD"}],"entityRanges":[],"data":{}},{"key":"dpsct","text":"private MyLooperThread looperThread = new MyLooperThread();","type":"custom-code-block-java","depth":0,"inlineStyleRanges":[],"entityRanges":[],"data":{}},{"key":"bqdmv","text":"public void addTaskButton(View view) {","type":"custom-code-block-java","depth":0,"inlineStyleRanges":[],"entityRanges":[],"data":{}},{"key":"c3atq","text":"   looperThread.handler.post(new Runnable() {","type":"custom-code-block-java","depth":0,"inlineStyleRanges":[],"entityRanges":[],"data":{}},{"key":"enofi","text":"      public void run() {","type":"custom-code-block-java","depth":0,"inlineStyleRanges":[],"entityRanges":[],"data":{}},{"key":"a3h9n","text":"         for(int i=0;i<5;i++) {","type":"custom-code-block-java","depth":0,"inlineStyleRanges":[],"entityRanges":[],"data":{}},{"key":"94uc0","text":"            log.d(tag,\"your message\" + i);","type":"custom-code-block-java","depth":0,"inlineStyleRanges":[],"entityRanges":[],"data":{}},{"key":"ail9j","text":"            SystemClock.sleep(1000);","type":"custom-code-block-java","depth":0,"inlineStyleRanges":[],"entityRanges":[],"data":{}},{"key":"884kb","text":"         }","type":"custom-code-block-java","depth":0,"inlineStyleRanges":[],"entityRanges":[],"data":{}},{"key":"74n08","text":"      }","type":"custom-code-block-java","depth":0,"inlineStyleRanges":[],"entityRanges":[],"data":{}},{"key":"944d0","text":"   });","type":"custom-code-block-java","depth":0,"inlineStyleRanges":[],"entityRanges":[],"data":{}},{"key":"5k15u","text":"}","type":"custom-code-block-java","depth":0,"inlineStyleRanges":[],"entityRanges":[],"data":{}},{"key":"1qgal","text":"","type":"unstyled","depth":0,"inlineStyleRanges":[],"entityRanges":[],"data":{}},{"key":"5a7ph","text":"its best to create and instantiate a looper in your thread in , this way you can terminate a thread whenever you want , just like :","type":"unstyled","depth":0,"inlineStyleRanges":[{"offset":12,"length":22,"style":"INLINECODE"},{"offset":37,"length":6,"style":"INLINECODE"},{"offset":52,"length":6,"style":"INLINECODE"},{"offset":81,"length":9,"style":"BOLD"}],"entityRanges":[],"data":{}},{"key":"ahecv","text":"public class MyLooperThread extends Thread {","type":"custom-code-block-java","depth":0,"inlineStyleRanges":[],"entityRanges":[],"data":{}},{"key":"pqma","text":"   public Handler handler();","type":"custom-code-block-java","depth":0,"inlineStyleRanges":[],"entityRanges":[],"data":{}},{"key":"2eb2s","text":"   public Looper looper;","type":"custom-code-block-java","depth":0,"inlineStyleRanges":[],"entityRanges":[],"data":{}},{"key":"feqtr","text":"   public void run() {","type":"custom-code-block-java","depth":0,"inlineStyleRanges":[],"entityRanges":[],"data":{}},{"key":"949fi","text":"      Looper.prepare();","type":"custom-code-block-java","depth":0,"inlineStyleRanges":[],"entityRanges":[],"data":{}},{"key":"6lq3s","text":"      looper = Looper.myLooper(); // returns the Looper of the current thread","type":"custom-code-block-java","depth":0,"inlineStyleRanges":[],"entityRanges":[],"data":{}},{"key":"23l8u","text":"      handler = new Handler();","type":"custom-code-block-java","depth":0,"inlineStyleRanges":[],"entityRanges":[],"data":{}},{"key":"4b4gm","text":"      Looper.loop();","type":"custom-code-block-java","depth":0,"inlineStyleRanges":[],"entityRanges":[],"data":{}},{"key":"a50pv","text":"   }","type":"custom-code-block-java","depth":0,"inlineStyleRanges":[],"entityRanges":[],"data":{}},{"key":"dogg1","text":"}","type":"custom-code-block-java","depth":0,"inlineStyleRanges":[],"entityRanges":[],"data":{}},{"key":"60o95","text":"// now you can stop this threadLooper in your main activity with","type":"custom-code-block-java","depth":0,"inlineStyleRanges":[],"entityRanges":[],"data":{}},{"key":"29iji","text":"looperthread.looper.quite();","type":"custom-code-block-java","depth":0,"inlineStyleRanges":[],"entityRanges":[],"data":{}},{"key":"euqcg","text":"// also you don't anymore need to ","type":"custom-code-block-java","depth":0,"inlineStyleRanges":[],"entityRanges":[],"data":{}},{"key":"953c0","text":"","type":"unstyled","depth":0,"inlineStyleRanges":[],"entityRanges":[],"data":{}},{"key":"aofsq","text":"Another example to post something to our thread from MainActivity Thread","type":"unstyled","depth":0,"inlineStyleRanges":[{"offset":19,"length":14,"style":"INLINECODE"},{"offset":37,"length":10,"style":"INLINECODE"},{"offset":53,"length":12,"style":"INLINECODE"},{"offset":66,"length":6,"style":"INLINECODE"}],"entityRanges":[],"data":{}},{"key":"7a6es","text":"public void tastA(View view) {","type":"custom-code-block-java","depth":0,"inlineStyleRanges":[],"entityRanges":[],"data":{}},{"key":"fkg17","text":"   // Rememeber : we have created our looper by : Looper looper = Looper.myLooper(); in our thread , here we have :","type":"custom-code-block-java","depth":0,"inlineStyleRanges":[{"offset":6,"length":12,"style":"BOLD"}],"entityRanges":[],"data":{}},{"key":"4fi6d","text":"   Handler threadhandler = new Handler(ourThread.looper);","type":"custom-code-block-java","depth":0,"inlineStyleRanges":[],"entityRanges":[],"data":{}},{"key":"55fsk","text":"   threadHandler.post(new Runnable(){","type":"custom-code-block-java","depth":0,"inlineStyleRanges":[],"entityRanges":[],"data":{}},{"key":"blva2","text":"      public void run() {","type":"custom-code-block-java","depth":0,"inlineStyleRanges":[],"entityRanges":[],"data":{}},{"key":"9r194","text":"         for(int i=0;i<5;i++) {","type":"custom-code-block-java","depth":0,"inlineStyleRanges":[],"entityRanges":[],"data":{}},{"key":"3qsfk","text":"            log.d(TAG,\"Log something\");","type":"custom-code-block-java","depth":0,"inlineStyleRanges":[],"entityRanges":[],"data":{}},{"key":"361j3","text":"            SystemClock.sleep(1000);","type":"custom-code-block-java","depth":0,"inlineStyleRanges":[],"entityRanges":[],"data":{}},{"key":"4lll9","text":"         }","type":"custom-code-block-java","depth":0,"inlineStyleRanges":[],"entityRanges":[],"data":{}},{"key":"jurq","text":"      }","type":"custom-code-block-java","depth":0,"inlineStyleRanges":[],"entityRanges":[],"data":{}},{"key":"4mo4h","text":"   });","type":"custom-code-block-java","depth":0,"inlineStyleRanges":[],"entityRanges":[],"data":{}},{"key":"7e69c","text":"}","type":"custom-code-block-java","depth":0,"inlineStyleRanges":[],"entityRanges":[],"data":{}},{"key":"2q3br","text":"","type":"unstyled","depth":0,"inlineStyleRanges":[],"entityRanges":[],"data":{}},{"key":"440pq","text":"this Runnable actually introduces a Potential memory leak , an anonymous inner class is basically the same of none static inner class , and this none static inner classes has the refrence to the outer class , so our Runnable in above example have a refrence to our activity ( we called it so , the button is in the activity and so on ) . and this is why we can access activity classes  here and activity methods in this Runnable run() method . this is called an implicit refrence because we don't need an activity variable for it . and as long as we have a refrence to the activity in here , the activity can not be Garbage Collected. and think about when the activity is Destroyed , but our thread is still running . problems like when device rotates .","type":"blockquote","depth":0,"inlineStyleRanges":[{"offset":5,"length":8,"style":"INLINECODE"},{"offset":420,"length":8,"style":"INLINECODE"},{"offset":429,"length":5,"style":"INLINECODE"},{"offset":616,"length":17,"style":"INLINECODE"}],"entityRanges":[],"data":{}},{"key":"1ti3v","text":"The system can only clean up an object . when there is no refrence to it anywhere anymore . but this Runnable do have an implicite refernce to the this activity . thats why we have memory leak . because we have used them in activity","type":"blockquote","depth":0,"inlineStyleRanges":[{"offset":0,"length":232,"style":"BOLD"}],"entityRanges":[],"data":{}},{"key":"fb26","text":"","type":"unstyled","depth":0,"inlineStyleRanges":[],"entityRanges":[],"data":{}},{"key":"1t01a","text":"One way to solve this problem is to make this Runnable static in our class . but remember you can't acces the activity variables anywhere anymore , to do that you need a weak reference .","type":"blockquote","depth":0,"inlineStyleRanges":[{"offset":46,"length":8,"style":"INLINECODE"},{"offset":55,"length":6,"style":"INLINECODE"},{"offset":170,"length":14,"style":"INLINECODE"}],"entityRanges":[],"data":{}},{"key":"u1r0","text":"","type":"unstyled","depth":0,"inlineStyleRanges":[],"entityRanges":[],"data":{}},{"key":"miel","text":"Importanat : this examples our just for academic pupoces , do not use any of this in your real application . instead use HandlerThread calss , which is very more convenient .","type":"header-three","depth":0,"inlineStyleRanges":[{"offset":121,"length":13,"style":"INLINECODE"}],"entityRanges":[],"data":{}},{"key":"2kopa","text":"","type":"unstyled","depth":0,"inlineStyleRanges":[],"entityRanges":[],"data":{}},{"key":"7t0k5","text":"Why is it called the MessageQuoe and not Runnable Queo ?","type":"header-two","depth":0,"inlineStyleRanges":[],"entityRanges":[],"data":{}},{"key":"bqemf","text":"the answer is because this post , sends a message under the hood . and the difference and resone for using runnable is that runnable runs some code in the run() function too .","type":"blockquote","depth":0,"inlineStyleRanges":[{"offset":155,"length":5,"style":"INLINECODE"}],"entityRanges":[],"data":{}},{"key":"fs10t","text":"","type":"unstyled","depth":0,"inlineStyleRanges":[],"entityRanges":[],"data":{}},{"key":"ejkhc","text":"Create and use a Message","type":"header-two","depth":0,"inlineStyleRanges":[],"entityRanges":[],"data":{}},{"key":"9e2b4","text":"instead of posting the runnable we can also send the Message directly , first we should create a Handler class and override its handleMessage function","type":"unstyled","depth":0,"inlineStyleRanges":[{"offset":97,"length":7,"style":"INLINECODE"},{"offset":128,"length":13,"style":"INLINECODE"}],"entityRanges":[],"data":{}},{"key":"a8vct","text":"public class MyHandler extends Handler {","type":"custom-code-block-java","depth":0,"inlineStyleRanges":[],"entityRanges":[],"data":{}},{"key":"15t18","text":"","type":"custom-code-block-java","depth":0,"inlineStyleRanges":[],"entityRanges":[],"data":{}},{"key":"8e7cj","text":"    public void handleMessage(Message msg) {","type":"custom-code-block-java","depth":0,"inlineStyleRanges":[],"entityRanges":[],"data":{}},{"key":"9aj4v","text":"        if(msg.what == 1) {","type":"custom-code-block-java","depth":0,"inlineStyleRanges":[],"entityRanges":[],"data":{}},{"key":"8o68h","text":"            Log.d(\"mymessage\", \"handleMessage: \" + 1);","type":"custom-code-block-java","depth":0,"inlineStyleRanges":[],"entityRanges":[],"data":{}},{"key":"6jeh3","text":"        }","type":"custom-code-block-java","depth":0,"inlineStyleRanges":[],"entityRanges":[],"data":{}},{"key":"3r4oc","text":"        if(msg.what == 2) {","type":"custom-code-block-java","depth":0,"inlineStyleRanges":[],"entityRanges":[],"data":{}},{"key":"q57d","text":"            Log.d(\"mymessage\", \"handleMessage: \" + 2);","type":"custom-code-block-java","depth":0,"inlineStyleRanges":[],"entityRanges":[],"data":{}},{"key":"alnl4","text":"        }","type":"custom-code-block-java","depth":0,"inlineStyleRanges":[],"entityRanges":[],"data":{}},{"key":"fr4c8","text":"    }","type":"custom-code-block-java","depth":0,"inlineStyleRanges":[],"entityRanges":[],"data":{}},{"key":"d95dh","text":"}","type":"custom-code-block-java","depth":0,"inlineStyleRanges":[],"entityRanges":[],"data":{}},{"key":"6hgk8","text":"","type":"unstyled","depth":0,"inlineStyleRanges":[],"entityRanges":[],"data":{}},{"key":"6nqsn","text":"// in the MainActivity","type":"custom-code-block-java","depth":0,"inlineStyleRanges":[],"entityRanges":[],"data":{}},{"key":"43p3","text":"Message msg = Message.obtain();","type":"custom-code-block-java","depth":0,"inlineStyleRanges":[],"entityRanges":[],"data":{}},{"key":"feaib","text":"msg.what = 1; // set some information , what type of message we want to execute","type":"custom-code-block-java","depth":0,"inlineStyleRanges":[],"entityRanges":[],"data":{}},{"key":"f6tst","text":"looperThread.handler.sendMessage(msg); // calling sendMessage instead of post","type":"custom-code-block-java","depth":0,"inlineStyleRanges":[{"offset":50,"length":11,"style":"INLINECODE"},{"offset":73,"length":4,"style":"INLINECODE"}],"entityRanges":[],"data":{}},{"key":"anuhe","text":"","type":"unstyled","depth":0,"inlineStyleRanges":[],"entityRanges":[],"data":{}},{"key":"661ev","text":"one thing to note is that the application knows what it should do with Runnable , it shall run it , but with the Message , we should tell it what to do , and we do it by creating a Handler class .","type":"blockquote","depth":0,"inlineStyleRanges":[{"offset":71,"length":8,"style":"INLINECODE"},{"offset":113,"length":7,"style":"INLINECODE"},{"offset":181,"length":7,"style":"INLINECODE"}],"entityRanges":[],"data":{}},{"key":"473nu","text":"","type":"unstyled","depth":0,"inlineStyleRanges":[],"entityRanges":[],"data":{}},{"key":"4jdvd","text":"","type":"unstyled","depth":0,"inlineStyleRanges":[],"entityRanges":[],"data":{}},{"key":"33fge","text":"","type":"divider","depth":0,"inlineStyleRanges":[],"entityRanges":[],"data":{}},{"key":"bdo12","text":"","type":"unstyled","depth":0,"inlineStyleRanges":[],"entityRanges":[],"data":{}},{"key":"dru1n","text":"HandlerThread","type":"header-two","depth":0,"inlineStyleRanges":[],"entityRanges":[],"data":{}},{"key":"vdqe","text":"NOTE : One benefit of handlerThread is that it already has the Looper . so we can assign a handler to it just by calling Handler handler = new Handler(handlerThraed.getLooper());","type":"blockquote","depth":0,"inlineStyleRanges":[{"offset":0,"length":7,"style":"BOLD"},{"offset":22,"length":13,"style":"INLINECODE"},{"offset":63,"length":6,"style":"INLINECODE"},{"offset":121,"length":57,"style":"INLINECODE"}],"entityRanges":[],"data":{}},{"key":"vk7m","text":"","type":"unstyled","depth":0,"inlineStyleRanges":[],"entityRanges":[],"data":{}},{"key":"di4dv","text":"handlerThread would do what we did in previous examples very more easily . also try to not include handlerThread in the activity , because of the strange acting that activity has , like destroying on rotate and etc... . instead try to create HandlerThread in a Service because it dosn't destroy on rotation and etc...","type":"blockquote","depth":0,"inlineStyleRanges":[{"offset":0,"length":13,"style":"INLINECODE"},{"offset":99,"length":13,"style":"INLINECODE"},{"offset":242,"length":13,"style":"INLINECODE"},{"offset":261,"length":7,"style":"INLINECODE"},{"offset":75,"length":5,"style":"BOLD"}],"entityRanges":[],"data":{}},{"key":"et18m","text":"","type":"unstyled","depth":0,"inlineStyleRanges":[],"entityRanges":[],"data":{}},{"key":"feir7","text":"NOTE : avoid using the handlerThread.post() in the activity ( as we already said it caueces memory leak because it has reference to the activity , instead an static class like bellow :","type":"blockquote","depth":0,"inlineStyleRanges":[{"offset":0,"length":7,"style":"BOLD"},{"offset":23,"length":20,"style":"INLINECODE"},{"offset":158,"length":6,"style":"INLINECODE"},{"offset":165,"length":5,"style":"INLINECODE"}],"entityRanges":[],"data":{}},{"key":"49hev","text":"","type":"unstyled","depth":0,"inlineStyleRanges":[],"entityRanges":[],"data":{}},{"key":"e6d0c","text":"NOTE : HandlerThread only executes works sequentially . so in bellow example although there is only 2 seconds gap till the first one post , that causes the second one to run , and the first one should wait untill the second one ( ExampleRunnable2 ) is finished its job","type":"blockquote","depth":0,"inlineStyleRanges":[{"offset":0,"length":7,"style":"BOLD"},{"offset":7,"length":13,"style":"INLINECODE"}],"entityRanges":[],"data":{}},{"key":"cnnn7","text":"","type":"unstyled","depth":0,"inlineStyleRanges":[],"entityRanges":[],"data":{}},{"key":"20qh9","text":"public class MainActivity extends AppCompat {","type":"custom-code-block-java","depth":0,"inlineStyleRanges":[],"entityRanges":[],"data":{}},{"key":"5gfe7","text":"\tprivate static final String TAG = \"MainActivity\";","type":"custom-code-block-java","depth":0,"inlineStyleRanges":[],"entityRanges":[],"data":{}},{"key":"5ug1j","text":"    private HandlerThread handlerThread = new HandlerThread(\"HandlerThread\");","type":"custom-code-block-java","depth":0,"inlineStyleRanges":[],"entityRanges":[],"data":{}},{"key":"64a1l","text":"    private Handler threadHandler;","type":"custom-code-block-java","depth":0,"inlineStyleRanges":[],"entityRanges":[],"data":{}},{"key":"famql","text":"\t","type":"custom-code-block-java","depth":0,"inlineStyleRanges":[],"entityRanges":[],"data":{}},{"key":"7lqh3","text":"\tprotected void onCreate(Bundle savedInstanceState) {","type":"custom-code-block-java","depth":0,"inlineStyleRanges":[],"entityRanges":[],"data":{}},{"key":"fdn51","text":"        super.onCreate(savedInstanceState);","type":"custom-code-block-java","depth":0,"inlineStyleRanges":[],"entityRanges":[],"data":{}},{"key":"cqa9f","text":"        setContentView(R.layout.activity_main);","type":"custom-code-block-java","depth":0,"inlineStyleRanges":[],"entityRanges":[],"data":{}},{"key":"741n8","text":"        ","type":"custom-code-block-java","depth":0,"inlineStyleRanges":[],"entityRanges":[],"data":{}},{"key":"f65rb","text":"        handlerThread.start();","type":"custom-code-block-java","depth":0,"inlineStyleRanges":[],"entityRanges":[],"data":{}},{"key":"dcer6","text":"        threadHandler = new Handler(handlerThread.getLooper());","type":"custom-code-block-java","depth":0,"inlineStyleRanges":[],"entityRanges":[],"data":{}},{"key":"9e8tl","text":"    }","type":"custom-code-block-java","depth":0,"inlineStyleRanges":[],"entityRanges":[],"data":{}},{"key":"1iu2r","text":"\t","type":"custom-code-block-java","depth":0,"inlineStyleRanges":[],"entityRanges":[],"data":{}},{"key":"7b0ll","text":"\tpublic void doWork(View view) {","type":"custom-code-block-java","depth":0,"inlineStyleRanges":[],"entityRanges":[],"data":{}},{"key":"ek0s6","text":"\t\tthreadHandler.postDelayed(new ExampleRunnable1(),2000);","type":"custom-code-block-java","depth":0,"inlineStyleRanges":[],"entityRanges":[],"data":{}},{"key":"7jeqg","text":"\t\tthreadHandler.post(new ExampleRunnable2);","type":"custom-code-block-java","depth":0,"inlineStyleRanges":[],"entityRanges":[],"data":{}},{"key":"bbksh","text":"\t}","type":"custom-code-block-java","depth":0,"inlineStyleRanges":[],"entityRanges":[],"data":{}},{"key":"6cm48","text":"\t","type":"custom-code-block-java","depth":0,"inlineStyleRanges":[],"entityRanges":[],"data":{}},{"key":"175lr","text":"\tstatic class ExampleRunnable1 implements Runnable {","type":"custom-code-block-java","depth":0,"inlineStyleRanges":[],"entityRanges":[],"data":{}},{"key":"8gjq4","text":"        @Override","type":"custom-code-block-java","depth":0,"inlineStyleRanges":[],"entityRanges":[],"data":{}},{"key":"f4sd7","text":"        public void run() {","type":"custom-code-block-java","depth":0,"inlineStyleRanges":[],"entityRanges":[],"data":{}},{"key":"1fluo","text":"            for (int i = 0; i < 4; i++) {","type":"custom-code-block-java","depth":0,"inlineStyleRanges":[],"entityRanges":[],"data":{}},{"key":"7mq54","text":"                Log.d(TAG, \"Runnable 1 : \" + i);","type":"custom-code-block-java","depth":0,"inlineStyleRanges":[],"entityRanges":[],"data":{}},{"key":"4uli","text":"                SystemClock.sleep(1000);","type":"custom-code-block-java","depth":0,"inlineStyleRanges":[],"entityRanges":[],"data":{}},{"key":"cjnvd","text":"            }","type":"custom-code-block-java","depth":0,"inlineStyleRanges":[],"entityRanges":[],"data":{}},{"key":"bk3dt","text":"        }","type":"custom-code-block-java","depth":0,"inlineStyleRanges":[],"entityRanges":[],"data":{}},{"key":"eepjd","text":"    }","type":"custom-code-block-java","depth":0,"inlineStyleRanges":[],"entityRanges":[],"data":{}},{"key":"agmkc","text":"\t","type":"custom-code-block-java","depth":0,"inlineStyleRanges":[],"entityRanges":[],"data":{}},{"key":"7o6vd","text":"\tstatic class ExampleRunnable2 implements Runnable {","type":"custom-code-block-java","depth":0,"inlineStyleRanges":[],"entityRanges":[],"data":{}},{"key":"4t5sl","text":"        @Override","type":"custom-code-block-java","depth":0,"inlineStyleRanges":[],"entityRanges":[],"data":{}},{"key":"9fmkl","text":"        public void run() {","type":"custom-code-block-java","depth":0,"inlineStyleRanges":[],"entityRanges":[],"data":{}},{"key":"70lmp","text":"            for (int i = 0; i < 4; i++) {","type":"custom-code-block-java","depth":0,"inlineStyleRanges":[],"entityRanges":[],"data":{}},{"key":"efn3e","text":"                Log.d(TAG, \"Runnable 2 : \" + i);","type":"custom-code-block-java","depth":0,"inlineStyleRanges":[],"entityRanges":[],"data":{}},{"key":"88tn4","text":"                SystemClock.sleep(1000);","type":"custom-code-block-java","depth":0,"inlineStyleRanges":[],"entityRanges":[],"data":{}},{"key":"fbihg","text":"            }","type":"custom-code-block-java","depth":0,"inlineStyleRanges":[],"entityRanges":[],"data":{}},{"key":"bun9b","text":"        }","type":"custom-code-block-java","depth":0,"inlineStyleRanges":[],"entityRanges":[],"data":{}},{"key":"3rl2n","text":"    }","type":"custom-code-block-java","depth":0,"inlineStyleRanges":[],"entityRanges":[],"data":{}},{"key":"40aq9","text":"\t","type":"custom-code-block-java","depth":0,"inlineStyleRanges":[],"entityRanges":[],"data":{}},{"key":"ed9b9","text":"\t","type":"custom-code-block-java","depth":0,"inlineStyleRanges":[],"entityRanges":[],"data":{}},{"key":"7dekt","text":"}","type":"custom-code-block-java","depth":0,"inlineStyleRanges":[],"entityRanges":[],"data":{}},{"key":"ao28d","text":"","type":"unstyled","depth":0,"inlineStyleRanges":[],"entityRanges":[],"data":{}},{"key":"fashd","text":"Runnable ( posts ) always add to the end of the que , you can add a work to be at the start of the que by using : see bellow function","type":"blockquote","depth":0,"inlineStyleRanges":[{"offset":114,"length":19,"style":"BOLD"}],"entityRanges":[],"data":{}},{"key":"5q9ma","text":"threadHandler.post(new ExampleRunnable1());","type":"custom-code-block-java","depth":0,"inlineStyleRanges":[],"entityRanges":[],"data":{}},{"key":"5lohp","text":"threadHandler.post(new ExampleRunnable1());","type":"custom-code-block-java","depth":0,"inlineStyleRanges":[],"entityRanges":[],"data":{}},{"key":"cc5l9","text":"threadHandler.postAtFrontOfQueue(new ExampleRunnable2());","type":"custom-code-block-java","depth":0,"inlineStyleRanges":[],"entityRanges":[],"data":{}},{"key":"edo7p","text":"// the result is examplerunnable2 would be executed second , why ? .","type":"custom-code-block-java","depth":0,"inlineStyleRanges":[],"entityRanges":[],"data":{}},{"key":"e7hq3","text":"// because the code first sees the first line","type":"custom-code-block-java","depth":0,"inlineStyleRanges":[],"entityRanges":[],"data":{}},{"key":"8tqok","text":"","type":"unstyled","depth":0,"inlineStyleRanges":[],"entityRanges":[],"data":{}},{"key":"d9atv","text":"in the first examples we learned that not only we can post Runnables to the ThreadHandler , but also Messages , for this example so we create a new class that extends the HandlerThread.","type":"blockquote","depth":0,"inlineStyleRanges":[{"offset":159,"length":7,"style":"INLINECODE"},{"offset":171,"length":13,"style":"INLINECODE"}],"entityRanges":[],"data":{}},{"key":"fdffc","text":"// One thing about priority , the higher the number the lower is the priority","type":"custom-code-block-java","depth":0,"inlineStyleRanges":[],"entityRanges":[],"data":{}},{"key":"1of5k","text":"public class ExampleHandlerThread extends HandlerThread {","type":"custom-code-block-java","depth":0,"inlineStyleRanges":[],"entityRanges":[],"data":{}},{"key":"cjqrq","text":"","type":"custom-code-block-java","depth":0,"inlineStyleRanges":[],"entityRanges":[],"data":{}},{"key":"9ea9l","text":"    private static final String TAG = \"ExampleHandlerThread\";","type":"custom-code-block-java","depth":0,"inlineStyleRanges":[],"entityRanges":[],"data":{}},{"key":"f92ab","text":"    private Handler handler;","type":"custom-code-block-java","depth":0,"inlineStyleRanges":[],"entityRanges":[],"data":{}},{"key":"10n7u","text":"","type":"custom-code-block-java","depth":0,"inlineStyleRanges":[],"entityRanges":[],"data":{}},{"key":"8re5k","text":"    public ExampleHandlerThread() { // we deleted the argumets .","type":"custom-code-block-java","depth":0,"inlineStyleRanges":[],"entityRanges":[],"data":{}},{"key":"2bp4","text":"        super(\"ExampleHandlerThread\", Process.THREAD_PRIORITY_BACKGROUND);","type":"custom-code-block-java","depth":0,"inlineStyleRanges":[],"entityRanges":[],"data":{}},{"key":"dqjb","text":"        // we don't want to initialize the handler in here because it executes on the mainactivity","type":"custom-code-block-java","depth":0,"inlineStyleRanges":[{"offset":43,"length":7,"style":"INLINECODE"},{"offset":86,"length":12,"style":"INLINECODE"}],"entityRanges":[],"data":{}},{"key":"25kal","text":"        // we don't want the handler to be tied to the activity","type":"custom-code-block-java","depth":0,"inlineStyleRanges":[],"entityRanges":[],"data":{}},{"key":"7qgeo","text":"        // we want the handler to be associated with its background thread not the mainactivity thread","type":"custom-code-block-java","depth":0,"inlineStyleRanges":[],"entityRanges":[],"data":{}},{"key":"7k4qt","text":"        // for this purpose we overwrite the onLooperPrepared()","type":"custom-code-block-java","depth":0,"inlineStyleRanges":[{"offset":45,"length":18,"style":"INLINECODE"}],"entityRanges":[],"data":{}},{"key":"5in6l","text":"        // thats because we know the handler needs Looper . and must be after Looper.prepare()","type":"custom-code-block-java","depth":0,"inlineStyleRanges":[{"offset":78,"length":16,"style":"INLINECODE"}],"entityRanges":[],"data":{}},{"key":"apeqn","text":"    }","type":"custom-code-block-java","depth":0,"inlineStyleRanges":[],"entityRanges":[],"data":{}},{"key":"ep6pd","text":"","type":"custom-code-block-java","depth":0,"inlineStyleRanges":[],"entityRanges":[],"data":{}},{"key":"8gah2","text":"    protected void onLooperPrepared() {","type":"custom-code-block-java","depth":0,"inlineStyleRanges":[],"entityRanges":[],"data":{}},{"key":"b7p6b","text":"        handler = new Handler();","type":"custom-code-block-java","depth":0,"inlineStyleRanges":[],"entityRanges":[],"data":{}},{"key":"84og0","text":"    }","type":"custom-code-block-java","depth":0,"inlineStyleRanges":[],"entityRanges":[],"data":{}},{"key":"ckepb","text":"","type":"custom-code-block-java","depth":0,"inlineStyleRanges":[],"entityRanges":[],"data":{}},{"key":"a5vjm","text":"    public Handler getHandler() {","type":"custom-code-block-java","depth":0,"inlineStyleRanges":[],"entityRanges":[],"data":{}},{"key":"4v0tk","text":"        return handler;","type":"custom-code-block-java","depth":0,"inlineStyleRanges":[],"entityRanges":[],"data":{}},{"key":"174j6","text":"    }","type":"custom-code-block-java","depth":0,"inlineStyleRanges":[],"entityRanges":[],"data":{}},{"key":"8jfi1","text":"}","type":"custom-code-block-java","depth":0,"inlineStyleRanges":[],"entityRanges":[],"data":{}},{"key":"7dfe9","text":"","type":"custom-code-block-java","depth":0,"inlineStyleRanges":[],"entityRanges":[],"data":{}},{"key":"8c83r","text":"// in the mainActivy ( above this exampole example ) . instantiate this class instead of HandlerThread ","type":"custom-code-block-java","depth":0,"inlineStyleRanges":[{"offset":89,"length":13,"style":"INLINECODE"}],"entityRanges":[],"data":{}},{"key":"b6d2f","text":"// and you also won't need to define that handler in main activity , becaue we have it","type":"custom-code-block-java","depth":0,"inlineStyleRanges":[],"entityRanges":[],"data":{}},{"key":"9mmo","text":"// in the button function of the main activity we hve :","type":"custom-code-block-java","depth":0,"inlineStyleRanges":[],"entityRanges":[],"data":{}},{"key":"5em5q","text":"public void doWork(View view) {","type":"custom-code-block-java","depth":0,"inlineStyleRanges":[],"entityRanges":[],"data":{}},{"key":"2ip0r","text":"        handlerThread.getHandler().post(new ExampleRunnable1());","type":"custom-code-block-java","depth":0,"inlineStyleRanges":[],"entityRanges":[],"data":{}},{"key":"8rvf1","text":"        handlerThread.getHandler().post(new ExampleRunnable1());","type":"custom-code-block-java","depth":0,"inlineStyleRanges":[],"entityRanges":[],"data":{}},{"key":"fquh3","text":"        handlerThread.getHandler().postAtFrontOfQueue(new ExampleRunnable2());","type":"custom-code-block-java","depth":0,"inlineStyleRanges":[],"entityRanges":[],"data":{}},{"key":"76bg","text":"    }","type":"custom-code-block-java","depth":0,"inlineStyleRanges":[],"entityRanges":[],"data":{}},{"key":"euhd","text":"","type":"unstyled","depth":0,"inlineStyleRanges":[],"entityRanges":[],"data":{}},{"key":"h7k0","text":"and as you know we can also create and send Message instead of those RunnableExamples ","type":"blockquote","depth":0,"inlineStyleRanges":[{"offset":44,"length":7,"style":"INLINECODE"},{"offset":69,"length":16,"style":"INLINECODE"}],"entityRanges":[],"data":{}},{"key":"8nk2o","text":"public void doWork(View view) {","type":"custom-code-block-java","depth":0,"inlineStyleRanges":[],"entityRanges":[],"data":{}},{"key":"d23m","text":"   Message msg = Message.obtain();","type":"custom-code-block-java","depth":0,"inlineStyleRanges":[],"entityRanges":[],"data":{}},{"key":"2q9ne","text":"   msg.what = 1;","type":"custom-code-block-java","depth":0,"inlineStyleRanges":[],"entityRanges":[],"data":{}},{"key":"7tss2","text":"   msg.arg1 = 23;","type":"custom-code-block-java","depth":0,"inlineStyleRanges":[],"entityRanges":[],"data":{}},{"key":"b1f15","text":"   msg.obj = \"can be even a string\";","type":"custom-code-block-java","depth":0,"inlineStyleRanges":[],"entityRanges":[],"data":{}},{"key":"8rtk9","text":"   msg.setData(// requires a bundle);","type":"custom-code-block-java","depth":0,"inlineStyleRanges":[],"entityRanges":[],"data":{}},{"key":"5ri11","text":"   ","type":"custom-code-block-java","depth":0,"inlineStyleRanges":[],"entityRanges":[],"data":{}},{"key":"3907h","text":"   handlerThread.getHandler().sendMessage(msg);","type":"custom-code-block-java","depth":0,"inlineStyleRanges":[],"entityRanges":[],"data":{}},{"key":"3lhor","text":"}","type":"custom-code-block-java","depth":0,"inlineStyleRanges":[],"entityRanges":[],"data":{}},{"key":"cm6jq","text":"","type":"unstyled","depth":0,"inlineStyleRanges":[],"entityRanges":[],"data":{}},{"key":"dnt5r","text":"as handlerThread class now dosn't know what to do with it , we should expand its handler a bit , just like bellow :","type":"unstyled","depth":0,"inlineStyleRanges":[{"offset":3,"length":13,"style":"INLINECODE"}],"entityRanges":[],"data":{}},{"key":"a2me6","text":"protected void onLooperPrepared() {","type":"custom-code-block-java","depth":0,"inlineStyleRanges":[],"entityRanges":[],"data":{}},{"key":"234ie","text":"   handler = new Handler() {","type":"custom-code-block-java","depth":0,"inlineStyleRanges":[],"entityRanges":[],"data":{}},{"key":"33gfr","text":"      public void handleMessage(Message msg) {","type":"custom-code-block-java","depth":0,"inlineStyleRanges":[],"entityRanges":[],"data":{}},{"key":"dkpac","text":"         switch(msg.what) {","type":"custom-code-block-java","depth":0,"inlineStyleRanges":[],"entityRanges":[],"data":{}},{"key":"ejh88","text":"         ","type":"custom-code-block-java","depth":0,"inlineStyleRanges":[],"entityRanges":[],"data":{}},{"key":"6m98o","text":"         }","type":"custom-code-block-java","depth":0,"inlineStyleRanges":[],"entityRanges":[],"data":{}},{"key":"a1fog","text":"      }","type":"custom-code-block-java","depth":0,"inlineStyleRanges":[],"entityRanges":[],"data":{}},{"key":"5lcsq","text":"   }","type":"custom-code-block-java","depth":0,"inlineStyleRanges":[],"entityRanges":[],"data":{}},{"key":"2umca","text":"}","type":"custom-code-block-java","depth":0,"inlineStyleRanges":[],"entityRanges":[],"data":{}},{"key":"1i9l9","text":"","type":"unstyled","depth":0,"inlineStyleRanges":[],"entityRanges":[],"data":{}},{"key":"6ft3f","text":"","type":"unstyled","depth":0,"inlineStyleRanges":[],"entityRanges":[],"data":{}},{"key":"cs801","text":"","type":"divider","depth":0,"inlineStyleRanges":[],"entityRanges":[],"data":{}},{"key":"2p8ff","text":"","type":"unstyled","depth":0,"inlineStyleRanges":[],"entityRanges":[],"data":{}},{"key":"ark6n","text":"How to Remove Messages And Runnables From the HandlerThread","type":"header-two","depth":0,"inlineStyleRanges":[{"offset":46,"length":13,"style":"INLINECODE"}],"entityRanges":[],"data":{}},{"key":"gurk","text":"we know we can stop or quite a Thread with handlerThread.getLooper().quit(); know we learn how to remove messages and runnables when the Thread or more precisely in here HandlerThread is still running","type":"blockquote","depth":0,"inlineStyleRanges":[{"offset":31,"length":6,"style":"INLINECODE"},{"offset":43,"length":33,"style":"INLINECODE"},{"offset":170,"length":13,"style":"INLINECODE"}],"entityRanges":[],"data":{}},{"key":"e3o87","text":"public void removeMessages(View view) {","type":"custom-code-block-java","depth":0,"inlineStyleRanges":[],"entityRanges":[],"data":{}},{"key":"cgtr1","text":"   handlerThread.getHandler().removeCallbacksAndMessages(null) // by putting null all runnables and messages would be deleted , gives a filling that Thread has stoped","type":"custom-code-block-java","depth":0,"inlineStyleRanges":[],"entityRanges":[],"data":{}},{"key":"86ntj","text":"}","type":"custom-code-block-java","depth":0,"inlineStyleRanges":[],"entityRanges":[],"data":{}},{"key":"cna6t","text":"","type":"unstyled","depth":0,"inlineStyleRanges":[],"entityRanges":[],"data":{}},{"key":"atoan","text":"Removing Runnables and Messages Selectively","type":"blockquote","depth":0,"inlineStyleRanges":[],"entityRanges":[],"data":{}},{"key":"2f9gj","text":"// we need to be specific so don't use new RunnableName() in the post method , define it like :","type":"custom-code-block-java","depth":0,"inlineStyleRanges":[{"offset":39,"length":18,"style":"INLINECODE"},{"offset":65,"length":4,"style":"INLINECODE"}],"entityRanges":[],"data":{}},{"key":"cq9lv","text":"public ExampleRunnable1 runnable1 = new ExampleRunnable1();","type":"custom-code-block-java","depth":0,"inlineStyleRanges":[],"entityRanges":[],"data":{}},{"key":"bd0vb","text":"public void doWork(View view) {","type":"custom-code-block-java","depth":0,"inlineStyleRanges":[],"entityRanges":[],"data":{}},{"key":"1u408","text":"   handlerThread.getHandler().post(runnable1);","type":"custom-code-block-java","depth":0,"inlineStyleRanges":[],"entityRanges":[],"data":{}},{"key":"9g9sl","text":"}","type":"custom-code-block-java","depth":0,"inlineStyleRanges":[],"entityRanges":[],"data":{}},{"key":"ei1sq","text":"public void removeMessages(View view) {","type":"custom-code-block-java","depth":0,"inlineStyleRanges":[],"entityRanges":[],"data":{}},{"key":"7n7o4","text":"   handlerThread.getHandler().removeCallbacks(runnable1);","type":"custom-code-block-java","depth":0,"inlineStyleRanges":[],"entityRanges":[],"data":{}},{"key":"5im6a","text":"}","type":"custom-code-block-java","depth":0,"inlineStyleRanges":[],"entityRanges":[],"data":{}},{"key":"a1m7","text":"","type":"custom-code-block-java","depth":0,"inlineStyleRanges":[],"entityRanges":[],"data":{}},{"key":"a715f","text":"// but for Removing a Message you just need to pass its what field like :","type":"custom-code-block-java","depth":0,"inlineStyleRanges":[],"entityRanges":[],"data":{}},{"key":"fkcdv","text":"handlerThread.getHandler().removeMessage(//pass the what number);","type":"custom-code-block-java","depth":0,"inlineStyleRanges":[],"entityRanges":[],"data":{}},{"key":"colok","text":"// there ara other methods for removing runnables and messsages which take a token . you can use them too","type":"custom-code-block-java","depth":0,"inlineStyleRanges":[],"entityRanges":[],"data":{}},{"key":"3hm54","text":"// but to use them remember to giving them a token when posting them .so we have the token when we want to remove them","type":"custom-code-block-java","depth":0,"inlineStyleRanges":[],"entityRanges":[],"data":{}},{"key":"19b6i","text":"","type":"unstyled","depth":0,"inlineStyleRanges":[],"entityRanges":[],"data":{}},{"key":"5n7a0","text":"IMPORTANT NOTE : do remember to put a handlerThread.quite(); in the onDestroy() function of your Activity","type":"blockquote","depth":0,"inlineStyleRanges":[{"offset":0,"length":105,"style":"BOLD"}],"entityRanges":[],"data":{}},{"key":"a6moh","text":"public void onDestroy() {","type":"custom-code-block-java","depth":0,"inlineStyleRanges":[{"offset":0,"length":25,"style":"BOLD"}],"entityRanges":[],"data":{}},{"key":"7t2k7","text":"   super.onDestroy();","type":"custom-code-block-java","depth":0,"inlineStyleRanges":[{"offset":0,"length":21,"style":"BOLD"}],"entityRanges":[],"data":{}},{"key":"2uc43","text":"   handlerThread.quit();","type":"custom-code-block-java","depth":0,"inlineStyleRanges":[],"entityRanges":[],"data":{}},{"key":"270a1","text":"}","type":"custom-code-block-java","depth":0,"inlineStyleRanges":[{"offset":0,"length":1,"style":"BOLD"}],"entityRanges":[],"data":{}},{"key":"f44im","text":"","type":"unstyled","depth":0,"inlineStyleRanges":[],"entityRanges":[],"data":{}},{"key":"ethhs","text":"","type":"unstyled","depth":0,"inlineStyleRanges":[],"entityRanges":[],"data":{}},{"key":"da75q","text":"","type":"unstyled","depth":0,"inlineStyleRanges":[],"entityRanges":[],"data":{}},{"key":"8dgbr","text":"","type":"unstyled","depth":0,"inlineStyleRanges":[],"entityRanges":[],"data":{}},{"key":"8hjcv","text":"","type":"unstyled","depth":0,"inlineStyleRanges":[],"entityRanges":[],"data":{}},{"key":"5uk7r","text":"","type":"unstyled","depth":0,"inlineStyleRanges":[],"entityRanges":[],"data":{}},{"key":"6i8t5","text":"","type":"unstyled","depth":0,"inlineStyleRanges":[],"entityRanges":[],"data":{}},{"key":"46bs2","text":"","type":"unstyled","depth":0,"inlineStyleRanges":[],"entityRanges":[],"data":{}},{"key":"eiuok","text":"","type":"unstyled","depth":0,"inlineStyleRanges":[],"entityRanges":[],"data":{}},{"key":"5k0ju","text":"","type":"unstyled","depth":0,"inlineStyleRanges":[],"entityRanges":[],"data":{}},{"key":"8tdv7","text":"","type":"unstyled","depth":0,"inlineStyleRanges":[],"entityRanges":[],"data":{}},{"key":"84lh","text":"","type":"unstyled","depth":0,"inlineStyleRanges":[],"entityRanges":[],"data":{}},{"key":"cqmil","text":"","type":"unstyled","depth":0,"inlineStyleRanges":[],"entityRanges":[],"data":{}},{"key":"a4kk2","text":"","type":"unstyled","depth":0,"inlineStyleRanges":[],"entityRanges":[],"data":{}},{"key":"bqj2j","text":"","type":"unstyled","depth":0,"inlineStyleRanges":[],"entityRanges":[],"data":{}},{"key":"39tfg","text":"","type":"unstyled","depth":0,"inlineStyleRanges":[],"entityRanges":[],"data":{}},{"key":"8gb0c","text":"","type":"unstyled","depth":0,"inlineStyleRanges":[],"entityRanges":[],"data":{}},{"key":"e2f25","text":"","type":"unstyled","depth":0,"inlineStyleRanges":[],"entityRanges":[],"data":{}},{"key":"eufrq","text":"","type":"unstyled","depth":0,"inlineStyleRanges":[],"entityRanges":[],"data":{}},{"key":"8jaab","text":"","type":"unstyled","depth":0,"inlineStyleRanges":[],"entityRanges":[],"data":{}},{"key":"63nma","text":"","type":"unstyled","depth":0,"inlineStyleRanges":[],"entityRanges":[],"data":{}},{"key":"2kmq0","text":"","type":"unstyled","depth":0,"inlineStyleRanges":[],"entityRanges":[],"data":{}},{"key":"ac1q0","text":"","type":"unstyled","depth":0,"inlineStyleRanges":[],"entityRanges":[],"data":{}},{"key":"hrkt","text":"","type":"unstyled","depth":0,"inlineStyleRanges":[],"entityRanges":[],"data":{}},{"key":"6s3bo","text":"","type":"unstyled","depth":0,"inlineStyleRanges":[],"entityRanges":[],"data":{}},{"key":"4ri8p","text":"","type":"unstyled","depth":0,"inlineStyleRanges":[],"entityRanges":[],"data":{}},{"key":"5cq99","text":"","type":"unstyled","depth":0,"inlineStyleRanges":[],"entityRanges":[],"data":{}},{"key":"59kd9","text":"","type":"unstyled","depth":0,"inlineStyleRanges":[],"entityRanges":[],"data":{}}],"entityMap":{"0":{"type":"LINK","mutability":"MUTABLE","data":"https://stackoverflow.com/questions/1323408/get-a-list-of-all-threads-currently-running-in-java"},"1":{"type":"LINK","mutability":"MUTABLE","data":"https://medium.com/mindorks/exploring-android-thread-priority-5d0542eebbd1"},"2":{"type":"LINK","mutability":"MUTABLE","data":"https://www.youtube.com/watch?v=QfQE1ayCzf8"}}},"tags":[]}