{"_id":"HkFRkUIp4","title":"Enhanced Loop","dateCreated":1558761424872,"lastAccessed":"2019-05-25T05:17:04.876Z","lastUpdated":"2019-05-25T20:47:24.104Z","notebookId":"By14kSU6V","body":{"blocks":[{"key":"ag6qs","text":"Enhanced Loop","type":"header-one","depth":0,"inlineStyleRanges":[],"entityRanges":[],"data":{}},{"key":"bm4h3","text":"","type":"header-three","depth":0,"inlineStyleRanges":[],"entityRanges":[],"data":{}},{"key":"66qig","text":"Enhanced For Loop","type":"header-three","depth":0,"inlineStyleRanges":[],"entityRanges":[],"data":{}},{"key":"bs6to","text":"Enhanced for loop is useful when you want to iterate Array/Collections, it is easy to write and understand.","type":"blockquote","depth":0,"inlineStyleRanges":[],"entityRanges":[],"data":{}},{"key":"e5am","text":"","type":"unstyled","depth":0,"inlineStyleRanges":[],"entityRanges":[],"data":{}},{"key":"d2q1u","text":"Example of Enhanced For Loop","type":"unstyled","depth":0,"inlineStyleRanges":[],"entityRanges":[],"data":{}},{"key":"7oh00","text":"int myArray[] = new int[4]{1,2,3,45,11};","type":"custom-code-block-java","depth":0,"inlineStyleRanges":[],"entityRanges":[],"data":{}},{"key":"d6ttq","text":"int sum = 0;","type":"custom-code-block-java","depth":0,"inlineStyleRanges":[],"entityRanges":[],"data":{}},{"key":"d3qpt","text":"for(int num : myArray) {","type":"custom-code-block-java","depth":0,"inlineStyleRanges":[],"entityRanges":[],"data":{}},{"key":"bhbl4","text":"   sum += num;","type":"custom-code-block-java","depth":0,"inlineStyleRanges":[],"entityRanges":[],"data":{}},{"key":"4c8kc","text":"}","type":"custom-code-block-java","depth":0,"inlineStyleRanges":[],"entityRanges":[],"data":{}},{"key":"ue7v","text":"","type":"unstyled","depth":0,"inlineStyleRanges":[],"entityRanges":[],"data":{}},{"key":"59kd9","text":"","type":"unstyled","depth":0,"inlineStyleRanges":[],"entityRanges":[],"data":{}}],"entityMap":{}},"tags":[]}