{"_id":"S1-8piBLaE","title":"Data Types","dateCreated":1558760382481,"lastAccessed":"2019-05-25T04:59:42.483Z","lastUpdated":"2019-05-25T05:07:02.850Z","notebookId":"By14kSU6V","body":{"blocks":[{"key":"ag6qs","text":"Data Types","type":"header-one","depth":0,"inlineStyleRanges":[],"entityRanges":[],"data":{}},{"key":"49boe","text":"","type":"unstyled","depth":0,"inlineStyleRanges":[],"entityRanges":[],"data":{}},{"key":"2nq6","text":"Data type defines the values that a variable can take, for example if a variable has int data type, it can only take integer values","type":"unstyled","depth":0,"inlineStyleRanges":[],"entityRanges":[],"data":{}},{"key":"1bv3q","text":"","type":"unstyled","depth":0,"inlineStyleRanges":[],"entityRanges":[],"data":{}},{"key":"cccs0","text":"we have two categories of data type","type":"header-three","depth":0,"inlineStyleRanges":[],"entityRanges":[],"data":{}},{"key":"b3fc2","text":"Primitive data types","type":"ordered-list-item","depth":0,"inlineStyleRanges":[],"entityRanges":[],"data":{}},{"key":"9e0u1","text":"Non-Primitive data types","type":"ordered-list-item","depth":0,"inlineStyleRanges":[],"entityRanges":[],"data":{}},{"key":"e83t","text":"Arrays and Strings are non-primitive data types, we will discuss them later in the coming tutorials","type":"unstyled","depth":0,"inlineStyleRanges":[],"entityRanges":[],"data":{}},{"key":"el5fr","text":"","type":"unstyled","depth":0,"inlineStyleRanges":[],"entityRanges":[],"data":{}},{"key":"46fu5","text":"NOTE : Java is a statically typed language. A language is statically typed, if the data type of a variable is known at compile time. This means that you must specify the type of the variable (Declare the variable) before you can use it.","type":"blockquote","depth":0,"inlineStyleRanges":[{"offset":0,"length":7,"style":"BOLD"}],"entityRanges":[],"data":{}},{"key":"6520f","text":"","type":"unstyled","depth":0,"inlineStyleRanges":[],"entityRanges":[],"data":{}},{"key":"dt9vn","text":"NOTE : It is a good programming practice to declare all the variables ( that you are going to use) in the beginning of the program.","type":"blockquote","depth":0,"inlineStyleRanges":[{"offset":0,"length":4,"style":"BOLD"}],"entityRanges":[],"data":{}},{"key":"g5ou","text":"","type":"unstyled","depth":0,"inlineStyleRanges":[],"entityRanges":[],"data":{}},{"key":"7kcn1","text":"","type":"unstyled","depth":0,"inlineStyleRanges":[],"entityRanges":[],"data":{}},{"key":"dqip4","text":"","type":"divider","depth":0,"inlineStyleRanges":[],"entityRanges":[],"data":{}},{"key":"bhgdq","text":"","type":"unstyled","depth":0,"inlineStyleRanges":[],"entityRanges":[],"data":{}},{"key":"3c2mc","text":"1) Primitive data types","type":"header-three","depth":0,"inlineStyleRanges":[],"entityRanges":[],"data":{}},{"key":"9a7i","text":"In Java, we have eight primitive data types: boolean, char, byte, short, int, long, float and double. Java developers included these data types to maintain the portability of java as the size of these primitive data types do not change from one operating system to another.","type":"unstyled","depth":0,"inlineStyleRanges":[],"entityRanges":[],"data":{}},{"key":"3o0ga","text":"","type":"unstyled","depth":0,"inlineStyleRanges":[],"entityRanges":[],"data":{}},{"key":"a7s7","text":"bye,short,int,long are used to store whole number","type":"unstyled","depth":0,"inlineStyleRanges":[],"entityRanges":[],"data":{}},{"key":"99bq","text":"float and double are used for fractional numbers.","type":"unstyled","depth":0,"inlineStyleRanges":[],"entityRanges":[],"data":{}},{"key":"450o5","text":"","type":"unstyled","depth":0,"inlineStyleRanges":[],"entityRanges":[],"data":{}},{"key":"9osm8","text":"","type":"unstyled","depth":0,"inlineStyleRanges":[],"entityRanges":[],"data":{}},{"key":"eaci9","text":"","type":"unstyled","depth":0,"inlineStyleRanges":[],"entityRanges":[],"data":{}},{"key":"59kd9","text":"","type":"unstyled","depth":0,"inlineStyleRanges":[],"entityRanges":[],"data":{}}],"entityMap":{}},"tags":[]}