{"_id":"S1qn9liaN","title":"Stream & I/O","dateCreated":1559067314049,"lastAccessed":"2019-05-28T18:15:14.075Z","lastUpdated":"2019-05-28T18:22:00.605Z","notebookId":"By14kSU6V","body":{"blocks":[{"key":"ag6qs","text":"Stream & I/O","type":"header-one","depth":0,"inlineStyleRanges":[],"entityRanges":[],"data":{}},{"key":"1lev4","text":"java.io","type":"header-three","depth":0,"inlineStyleRanges":[],"entityRanges":[],"data":{}},{"key":"2ojf1","text":"This package provides for system input and output through data streams, serialization and the file system","type":"blockquote","depth":0,"inlineStyleRanges":[],"entityRanges":[],"data":{}},{"key":"2mtk5","text":"","type":"unstyled","depth":0,"inlineStyleRanges":[],"entityRanges":[],"data":{}},{"key":"d5gnp","text":"Stream Link","type":"header-two","depth":0,"inlineStyleRanges":[],"entityRanges":[{"offset":7,"length":4,"key":0}],"data":{}},{"key":"3rna1","text":"a stream in a sequence of object that supports various methods which can be pipelined to produce the desired result ","type":"blockquote","depth":0,"inlineStyleRanges":[],"entityRanges":[],"data":{}},{"key":"8om3","text":"","type":"unstyled","depth":0,"inlineStyleRanges":[],"entityRanges":[],"data":{}},{"key":"4vjnp","text":"A stream is not a data structure instead it takes input from the Collections, Arrays or I/O channels.","type":"unordered-list-item","depth":0,"inlineStyleRanges":[{"offset":88,"length":12,"style":"INLINECODE"}],"entityRanges":[],"data":{}},{"key":"bkg7i","text":"Streams don’t change the original data structure, they only provide the result as per the pipelined methods.","type":"unordered-list-item","depth":0,"inlineStyleRanges":[],"entityRanges":[],"data":{}},{"key":"p7bg","text":"Each intermediate operation is lazily executed and returns a stream as a result, hence various intermediate operations can be pipelined. Terminal operations mark the end of the stream and return the result.","type":"unordered-list-item","depth":0,"inlineStyleRanges":[],"entityRanges":[],"data":{}},{"key":"8192k","text":"","type":"unstyled","depth":0,"inlineStyleRanges":[],"entityRanges":[],"data":{}},{"key":"ajgqd","text":"","type":"unstyled","depth":0,"inlineStyleRanges":[],"entityRanges":[],"data":{}},{"key":"4em9i","text":"","type":"unstyled","depth":0,"inlineStyleRanges":[],"entityRanges":[],"data":{}},{"key":"1ao8l","text":"","type":"unstyled","depth":0,"inlineStyleRanges":[],"entityRanges":[],"data":{}},{"key":"59kd9","text":"","type":"unstyled","depth":0,"inlineStyleRanges":[],"entityRanges":[],"data":{}}],"entityMap":{"0":{"type":"LINK","mutability":"MUTABLE","data":"https://www.geeksforgeeks.org/stream-in-java/"}}},"tags":[]}