{"_id":"S1rKKrI6E","title":"Different Variable's Type","dateCreated":1558759804893,"lastAccessed":"2019-05-25T04:50:04.895Z","lastUpdated":"2019-05-25T20:46:20.621Z","notebookId":"By14kSU6V","body":{"blocks":[{"key":"ag6qs","text":"Different Variable's Type","type":"header-one","depth":0,"inlineStyleRanges":[],"entityRanges":[],"data":{}},{"key":"bp8cv","text":"","type":"unstyled","depth":0,"inlineStyleRanges":[],"entityRanges":[],"data":{}},{"key":"5hf2i","text":"Types of Variables in Java","type":"header-three","depth":0,"inlineStyleRanges":[],"entityRanges":[],"data":{}},{"key":"82q5m","text":"There are three types of variables in Java.","type":"blockquote","depth":0,"inlineStyleRanges":[],"entityRanges":[],"data":{}},{"key":"ddu2e","text":"Local variable ","type":"unordered-list-item","depth":0,"inlineStyleRanges":[],"entityRanges":[],"data":{}},{"key":"emml3","text":"Static (or class) variable ","type":"unordered-list-item","depth":0,"inlineStyleRanges":[],"entityRanges":[],"data":{}},{"key":"2dvfm","text":"Instance variable","type":"unordered-list-item","depth":0,"inlineStyleRanges":[],"entityRanges":[],"data":{}},{"key":"3f4h8","text":"Static (or class) Variable","type":"header-three","depth":0,"inlineStyleRanges":[],"entityRanges":[],"data":{}},{"key":"cofn0","text":"when a variable is declared in a class as static , if one instance of that changes , so does all the others . for example :","type":"unstyled","depth":0,"inlineStyleRanges":[{"offset":42,"length":6,"style":"INLINECODE"}],"entityRanges":[],"data":{}},{"key":"2h484","text":"public class StaticVarExample {","type":"custom-code-block-java","depth":0,"inlineStyleRanges":[],"entityRanges":[],"data":{}},{"key":"7cqoc","text":"   public static String myClassVar=\"class or static variable\";","type":"custom-code-block-java","depth":0,"inlineStyleRanges":[],"entityRanges":[],"data":{}},{"key":"h8mu","text":"\t","type":"custom-code-block-java","depth":0,"inlineStyleRanges":[],"entityRanges":[],"data":{}},{"key":"a2mrr","text":"   public static void main(String args[]){","type":"custom-code-block-java","depth":0,"inlineStyleRanges":[],"entityRanges":[],"data":{}},{"key":"bq72v","text":"      StaticVarExample obj = new StaticVarExample();","type":"custom-code-block-java","depth":0,"inlineStyleRanges":[],"entityRanges":[],"data":{}},{"key":"d6nm4","text":"      StaticVarExample obj2 = new StaticVarExample();","type":"custom-code-block-java","depth":0,"inlineStyleRanges":[],"entityRanges":[],"data":{}},{"key":"68j5g","text":"      StaticVarExample obj3 = new StaticVarExample();","type":"custom-code-block-java","depth":0,"inlineStyleRanges":[],"entityRanges":[],"data":{}},{"key":"7rgsr","text":"      ","type":"custom-code-block-java","depth":0,"inlineStyleRanges":[],"entityRanges":[],"data":{}},{"key":"1n0j0","text":"      //All three will display \"class or static variable\"","type":"custom-code-block-java","depth":0,"inlineStyleRanges":[],"entityRanges":[],"data":{}},{"key":"5nijv","text":"      System.out.println(obj.myClassVar);","type":"custom-code-block-java","depth":0,"inlineStyleRanges":[],"entityRanges":[],"data":{}},{"key":"53vsh","text":"      System.out.println(obj2.myClassVar);","type":"custom-code-block-java","depth":0,"inlineStyleRanges":[],"entityRanges":[],"data":{}},{"key":"8le1b","text":"      System.out.println(obj3.myClassVar);","type":"custom-code-block-java","depth":0,"inlineStyleRanges":[],"entityRanges":[],"data":{}},{"key":"8fg3d","text":"","type":"custom-code-block-java","depth":0,"inlineStyleRanges":[],"entityRanges":[],"data":{}},{"key":"39ed3","text":"      //changing the value of static variable using obj2","type":"custom-code-block-java","depth":0,"inlineStyleRanges":[],"entityRanges":[],"data":{}},{"key":"cutj5","text":"      obj2.myClassVar = \"Changed Text\";","type":"custom-code-block-java","depth":0,"inlineStyleRanges":[],"entityRanges":[],"data":{}},{"key":"i0rm","text":"","type":"custom-code-block-java","depth":0,"inlineStyleRanges":[],"entityRanges":[],"data":{}},{"key":"anvfn","text":"      //All three will display \"Changed Text\"","type":"custom-code-block-java","depth":0,"inlineStyleRanges":[],"entityRanges":[],"data":{}},{"key":"5md9m","text":"      System.out.println(obj.myClassVar);","type":"custom-code-block-java","depth":0,"inlineStyleRanges":[],"entityRanges":[],"data":{}},{"key":"auuo1","text":"      System.out.println(obj2.myClassVar);","type":"custom-code-block-java","depth":0,"inlineStyleRanges":[],"entityRanges":[],"data":{}},{"key":"eimmv","text":"      System.out.println(obj3.myClassVar);","type":"custom-code-block-java","depth":0,"inlineStyleRanges":[],"entityRanges":[],"data":{}},{"key":"j3aj","text":"   }","type":"custom-code-block-java","depth":0,"inlineStyleRanges":[],"entityRanges":[],"data":{}},{"key":"349p1","text":"}","type":"custom-code-block-java","depth":0,"inlineStyleRanges":[],"entityRanges":[],"data":{}},{"key":"2uenn","text":"","type":"unstyled","depth":0,"inlineStyleRanges":[],"entityRanges":[],"data":{}},{"key":"6gkh1","text":"we also can access the static without needing to declare the object","type":"blockquote","depth":0,"inlineStyleRanges":[],"entityRanges":[],"data":{}},{"key":"asnlc","text":"","type":"unstyled","depth":0,"inlineStyleRanges":[],"entityRanges":[],"data":{}},{"key":"iovg","text":"","type":"unstyled","depth":0,"inlineStyleRanges":[],"entityRanges":[],"data":{}},{"key":"ag7gn","text":"Instance Variable","type":"header-three","depth":0,"inlineStyleRanges":[],"entityRanges":[],"data":{}},{"key":"50o05","text":"Instance or normal variable , Unlike static variable, instance variables have their own separate copy of instance variable. We have changed the instance variable value using object obj2 in the following program and when we displayed the variable using all three objects, only the obj2 value got changed, others remain unchanged","type":"unstyled","depth":0,"inlineStyleRanges":[],"entityRanges":[],"data":{}},{"key":"7e6b0","text":"public class InstanceVarExample {","type":"custom-code-block-java","depth":0,"inlineStyleRanges":[],"entityRanges":[],"data":{}},{"key":"2gq4o","text":"   String myInstanceVar=\"instance variable\";","type":"custom-code-block-java","depth":0,"inlineStyleRanges":[],"entityRanges":[],"data":{}},{"key":"6n5p","text":"   public static void main(String args[]){","type":"custom-code-block-java","depth":0,"inlineStyleRanges":[],"entityRanges":[],"data":{}},{"key":"c0v1o","text":"   }","type":"custom-code-block-java","depth":0,"inlineStyleRanges":[],"entityRanges":[],"data":{}},{"key":"ff1dc","text":"}","type":"custom-code-block-java","depth":0,"inlineStyleRanges":[],"entityRanges":[],"data":{}},{"key":"187r4","text":"","type":"unstyled","depth":0,"inlineStyleRanges":[],"entityRanges":[],"data":{}},{"key":"14nbc","text":"Local Variable","type":"header-three","depth":0,"inlineStyleRanges":[],"entityRanges":[],"data":{}},{"key":"5lhus","text":"These variables are declared inside method of the class. Their scope is limited to the method which means that You can’t change their values and access them outside of the method.","type":"unstyled","depth":0,"inlineStyleRanges":[],"entityRanges":[],"data":{}},{"key":"elhpe","text":"","type":"unstyled","depth":0,"inlineStyleRanges":[],"entityRanges":[],"data":{}},{"key":"fme65","text":"","type":"unstyled","depth":0,"inlineStyleRanges":[],"entityRanges":[],"data":{}},{"key":"9g1e2","text":"","type":"unstyled","depth":0,"inlineStyleRanges":[],"entityRanges":[],"data":{}},{"key":"5o0bp","text":"","type":"unstyled","depth":0,"inlineStyleRanges":[],"entityRanges":[],"data":{}},{"key":"2hlat","text":"","type":"unstyled","depth":0,"inlineStyleRanges":[],"entityRanges":[],"data":{}},{"key":"59kd9","text":"","type":"unstyled","depth":0,"inlineStyleRanges":[],"entityRanges":[],"data":{}}],"entityMap":{}},"tags":[]}