{"_id":"SkEeMc86V","title":"Collections and Array","dateCreated":1558778347776,"lastAccessed":"2019-05-25T09:59:07.777Z","lastUpdated":"2019-05-31T07:34:51.688Z","notebookId":"By14kSU6V","body":{"blocks":[{"key":"ag6qs","text":"Collections and Array","type":"header-one","depth":0,"inlineStyleRanges":[],"entityRanges":[],"data":{}},{"key":"6kj0n","text":"The Collection in Java is a framework that provides an architecture to store and manipulate the group of objects. Java Collections can achieve all the operations that you perform on a data such as searching, sorting, insertion, manipulation, and deletion. Java Collection means a single unit of objects.","type":"blockquote","depth":0,"inlineStyleRanges":[],"entityRanges":[],"data":{}},{"key":"8con9","text":"","type":"unstyled","depth":0,"inlineStyleRanges":[],"entityRanges":[],"data":{}},{"key":"38hmv","text":"Declare One Dimmentional Array","type":"header-three","depth":0,"inlineStyleRanges":[],"entityRanges":[],"data":{}},{"key":"a1h1u","text":"public int[] array; // declares a new Array","type":"custom-code-block-java","depth":0,"inlineStyleRanges":[],"entityRanges":[],"data":{}},{"key":"ebeb0","text":"array = new int[10] // One Dimentional Array","type":"custom-code-block-java","depth":0,"inlineStyleRanges":[],"entityRanges":[],"data":{}},{"key":"ars4d","text":"// the easy way is","type":"custom-code-block-java","depth":0,"inlineStyleRanges":[],"entityRanges":[],"data":{}},{"key":"ffkv9","text":"public int arr[] = new int[]{1,2,3,4};","type":"custom-code-block-java","depth":0,"inlineStyleRanges":[],"entityRanges":[],"data":{}},{"key":"5gntt","text":"","type":"custom-code-block-java","depth":0,"inlineStyleRanges":[],"entityRanges":[],"data":{}},{"key":"va22","text":"// Two Dimentional Array","type":"custom-code-block-java","depth":0,"inlineStyleRanges":[],"entityRanges":[],"data":{}},{"key":"dephe","text":"public int array[][] = new int[10][];","type":"custom-code-block-java","depth":0,"inlineStyleRanges":[],"entityRanges":[],"data":{}},{"key":"cklao","text":"","type":"unstyled","depth":0,"inlineStyleRanges":[],"entityRanges":[],"data":{}},{"key":"effu","text":"Collection","type":"header-two","depth":0,"inlineStyleRanges":[],"entityRanges":[],"data":{}},{"key":"14dsi","text":"","type":"unstyled","depth":0,"inlineStyleRanges":[],"entityRanges":[],"data":{}},{"key":"3gau2","text":"","type":"atomic","depth":0,"inlineStyleRanges":[],"entityRanges":[],"data":{}},{"key":"b6t30","text":" ","type":"atomic","depth":0,"inlineStyleRanges":[],"entityRanges":[{"offset":0,"length":1,"key":0}],"data":{}},{"key":"eil52","text":"So We have :","type":"header-three","depth":0,"inlineStyleRanges":[],"entityRanges":[],"data":{}},{"key":"eft1v","text":"List : Ordered , Duplicates are allowed , indexed","type":"unordered-list-item","depth":0,"inlineStyleRanges":[{"offset":0,"length":7,"style":"BOLD"}],"entityRanges":[],"data":{}},{"key":"3u9vk","text":"Sets : Duplicates are not allowed , may or may not be Ordered","type":"unordered-list-item","depth":0,"inlineStyleRanges":[{"offset":0,"length":7,"style":"BOLD"}],"entityRanges":[],"data":{}},{"key":"8r203","text":"Maps : Duplicate Keys are not Allowed .","type":"unordered-list-item","depth":0,"inlineStyleRanges":[{"offset":0,"length":7,"style":"BOLD"}],"entityRanges":[],"data":{}},{"key":"bk1uh","text":"ArrayList : Fast Iteration Y Fast Random Access ( Basically is the implementation Of List","type":"unordered-list-item","depth":0,"inlineStyleRanges":[{"offset":0,"length":12,"style":"BOLD"},{"offset":85,"length":4,"style":"BOLD"}],"entityRanges":[],"data":{}}],"entityMap":{"0":{"type":"image","mutability":"IMMUTABLE","data":{"src":"D:\\Programming Notes/medley/resources/SkEeMc86V_Hklbr99UTV.png","width":33}}}},"tags":[]}